run_idx,step,J,true_crop_sum,ugv0_y,ugv0_x,ugv0_mu,ugv0_var,ugv0_prob,ugv0_visited_count,ugv0_visited_mu_sum,ugv0_visited_var_sum,ugv0_visited_prob_sum,ugv0_reachable_rmse,ugv0_reachable_mae,ugv0_reachable_var,ugv0_reachable_calib,ugv0_reachable_cell_count,ugv1_y,ugv1_x,ugv1_mu,ugv1_var,ugv1_prob,ugv1_visited_count,ugv1_visited_mu_sum,ugv1_visited_var_sum,ugv1_visited_prob_sum,ugv1_reachable_rmse,ugv1_reachable_mae,ugv1_reachable_var,ugv1_reachable_calib,ugv1_reachable_cell_count
6,0,858.6649755109362,6.791892379259086,20,13,0.5906718784158344,0.8287976804482166,0.6116594860392096,2,0.6140231807759556,1.828774399417523,1.1166060911915627,2.0848877886182624,1.869022510278387,0.884811297547907,3.5893539845982527,107,10,13,0.02623923640956428,0.9999251956369827,0.505556685278879,2,0.04959053876968561,1.999901914606289,1.010503290431232,5.522167273055228,5.11496420385723,0.982787038353282,29.511544353248933,103
6,1,856.960934434441,6.791892379259086,20,14,0.9363526459806151,0.788193764977374,0.6436450107781783,3,1.820305292878931,2.6037148916129005,1.7846448730253814,2.1266090517682295,1.8406797660791845,0.8777692490853469,3.8082439695852215,105,10,12,0.005602466452548603,0.9992863803415784,0.5011871740013444,3,0.029106597820573593,2.999172737764508,1.5061662466382713,5.051461640400972,4.661927861833321,0.9703149688595261,24.54694973558295,105
6,2,856.960934434441,6.791892379259086,20,14,0.9363526459806151,0.788193764977374,0.6436450107781783,3,1.820305292878931,2.6037148916129005,1.7846448730253814,2.1266090517682295,1.8406797660791845,0.8777692490853469,3.8082439695852215,105,10,12,0.005602466452548603,0.9992863803415784,0.5011871740013444,3,0.029106597820573593,2.999172737764508,1.5061662466382713,5.051461640400972,4.661927861833321,0.9703149688595261,24.54694973558295,105
6,3,856.960934434441,6.791892379259086,20,14,0.9363526459806151,0.788193764977374,0.6436450107781783,3,1.820305292878931,2.6037148916129005,1.7846448730253814,2.1266090517682295,1.8406797660791845,0.8777692490853469,3.8082439695852215,105,10,12,0.005602466452548603,0.9992863803415784,0.5011871740013444,3,0.029106597820573593,2.999172737764508,1.5061662466382713,5.051461640400972,4.661927861833321,0.9703149688595261,24.54694973558295,105
6,4,856.960934434441,6.791892379259086,20,14,0.9363526459806151,0.788193764977374,0.6436450107781783,3,1.820305292878931,2.6037148916129005,1.7846448730253814,2.1266090517682295,1.8406797660791845,0.8777692490853469,3.8082439695852215,105,10,12,0.005602466452548603,0.9992863803415784,0.5011871740013444,3,0.029106597820573593,2.999172737764508,1.5061662466382713,5.051461640400972,4.661927861833321,0.9703149688595261,24.54694973558295,105
6,5,856.960934434441,6.791892379259086,20,14,0.9363526459806151,0.788193764977374,0.6436450107781783,3,1.820305292878931,2.6037148916129005,1.7846448730253814,2.1266090517682295,1.8406797660791845,0.8777692490853469,3.8082439695852215,105,10,12,0.005602466452548603,0.9992863803415784,0.5011871740013444,3,0.029106597820573593,2.999172737764508,1.5061662466382713,5.051461640400972,4.661927861833321,0.9703149688595261,24.54694973558295,105
6,6,840.4586873125282,6.791892379259086,20,14,0.8457058014931452,0.7864115931966845,0.6378330362826482,3,1.5971415398073283,2.5842899464981395,1.7688717726911816,2.0792412030068834,1.7908765753786076,0.8363501648189878,3.6233036969993933,105,10,12,0.13507906479856077,0.985238034226624,0.5285125879076054,3,0.19920508137774393,2.98326574923189,1.5420952211479801,4.957743843884798,4.484191197889991,0.9321733710296084,23.647050650548007,105
6,7,840.4586873125282,6.791892379259086,20,14,0.8457058014931452,0.7864115931966845,0.6378330362826482,3,1.5971415398073283,2.5842899464981395,1.7688717726911816,2.0792412030068834,1.7908765753786076,0.8363501648189878,3.6233036969993933,105,10,12,0.13507906479856077,0.985238034226624,0.5285125879076054,3,0.19920508137774393,2.98326574923189,1.5420952211479801,4.957743843884798,4.484191197889991,0.9321733710296084,23.647050650548007,105
6,8,840.4586873125282,6.791892379259086,20,14,0.8457058014931452,0.7864115931966845,0.6378330362826482,3,1.5971415398073283,2.5842899464981395,1.7688717726911816,2.0792412030068834,1.7908765753786076,0.8363501648189878,3.6233036969993933,105,10,12,0.13507906479856077,0.985238034226624,0.5285125879076054,3,0.19920508137774393,2.98326574923189,1.5420952211479801,4.957743843884798,4.484191197889991,0.9321733710296084,23.647050650548007,105
6,9,840.4586873125282,6.791892379259086,20,14,0.8457058014931452,0.7864115931966845,0.6378330362826482,3,1.5971415398073283,2.5842899464981395,1.7688717726911816,2.0792412030068834,1.7908765753786076,0.8363501648189878,3.6233036969993933,105,10,12,0.13507906479856077,0.985238034226624,0.5285125879076054,3,0.19920508137774393,2.98326574923189,1.5420952211479801,4.957743843884798,4.484191197889991,0.9321733710296084,23.647050650548007,105
6,10,840.4586873125282,13.13754714284098,20,14,0.8457058014931452,0.7864115931966845,0.6378330362826482,3,1.5971415398073283,2.5842899464981395,1.7688717726911816,2.0792412030068834,1.7908765753786076,0.8363501648189878,3.6233036969993933,105,10,12,0.13507906479856077,0.985238034226624,0.5285125879076054,3,0.19920508137774393,2.98326574923189,1.5420952211479801,4.957743843884798,4.484191197889991,0.9321733710296084,23.647050650548007,105
6,11,825.4269207223997,13.13754714284098,20,15,0.8776377768669481,0.7855353119576295,0.6406392675802638,4,2.514951039163882,3.366663198037692,2.41328115259591,2.194568598277371,1.8630559120456611,0.8236869686285884,4.150594568222307,106,10,11,0.08958981615093696,0.9142227536207489,0.5196159600127427,4,0.1401172755771961,3.8912027576509987,2.03036492360735,4.432602054641628,3.959908956163574,0.8818728914797342,18.76608808333345,106
6,12,825.4269207223997,13.13754714284098,20,15,0.8776377768669481,0.7855353119576295,0.6406392675802638,4,2.514951039163882,3.366663198037692,2.41328115259591,2.194568598277371,1.8630559120456611,0.8236869686285884,4.150594568222307,106,10,11,0.08958981615093696,0.9142227536207489,0.5196159600127427,4,0.1401172755771961,3.8912027576509987,2.03036492360735,4.432602054641628,3.959908956163574,0.8818728914797342,18.76608808333345,106
6,13,825.4269207223997,13.13754714284098,20,15,0.8776377768669481,0.7855353119576295,0.6406392675802638,4,2.514951039163882,3.366663198037692,2.41328115259591,2.194568598277371,1.8630559120456611,0.8236869686285884,4.150594568222307,106,10,11,0.08958981615093696,0.9142227536207489,0.5196159600127427,4,0.1401172755771961,3.8912027576509987,2.03036492360735,4.432602054641628,3.959908956163574,0.8818728914797342,18.76608808333345,106
6,14,825.4269207223997,13.13754714284098,20,15,0.8776377768669481,0.7855353119576295,0.6406392675802638,4,2.514951039163882,3.366663198037692,2.41328115259591,2.194568598277371,1.8630559120456611,0.8236869686285884,4.150594568222307,106,10,11,0.08958981615093696,0.9142227536207489,0.5196159600127427,4,0.1401172755771961,3.8912027576509987,2.03036492360735,4.432602054641628,3.959908956163574,0.8818728914797342,18.76608808333345,106
6,15,825.4269207223997,13.13754714284098,20,15,0.8776377768669481,0.7855353119576295,0.6406392675802638,4,2.514951039163882,3.366663198037692,2.41328115259591,2.194568598277371,1.8630559120456611,0.8236869686285884,4.150594568222307,106,10,11,0.08958981615093696,0.9142227536207489,0.5196159600127427,4,0.1401172755771961,3.8912027576509987,2.03036492360735,4.432602054641628,3.959908956163574,0.8818728914797342,18.76608808333345,106
6,16,813.1891680625472,13.13754714284098,20,15,0.8790763413395712,0.78550491240205,0.6408109518402093,4,2.5265574692267716,3.366089641902006,2.414366841251189,2.169607582248808,1.828346915480726,0.8211986712354322,4.047477023376691,106,10,11,0.2743750245607853,0.9118206338085798,0.557906344100069,4,0.4591945322726572,3.888033127866463,2.0970820224475584,4.335818257602824,3.8187450469002746,0.8698124863879825,17.929507476574006,106
6,17,813.1891680625472,13.13754714284098,20,15,0.8790763413395712,0.78550491240205,0.6408109518402093,4,2.5265574692267716,3.366089641902006,2.414366841251189,2.169607582248808,1.828346915480726,0.8211986712354322,4.047477023376691,106,10,11,0.2743750245607853,0.9118206338085798,0.557906344100069,4,0.4591945322726572,3.888033127866463,2.0970820224475584,4.335818257602824,3.8187450469002746,0.8698124863879825,17.929507476574006,106
6,18,813.1891680625472,13.13754714284098,20,15,0.8790763413395712,0.78550491240205,0.6408109518402093,4,2.5265574692267716,3.366089641902006,2.414366841251189,2.169607582248808,1.828346915480726,0.8211986712354322,4.047477023376691,106,10,11,0.2743750245607853,0.9118206338085798,0.557906344100069,4,0.4591945322726572,3.888033127866463,2.0970820224475584,4.335818257602824,3.8187450469002746,0.8698124863879825,17.929507476574006,106
6,19,813.1891680625472,13.13754714284098,20,15,0.8790763413395712,0.78550491240205,0.6408109518402093,4,2.5265574692267716,3.366089641902006,2.414366841251189,2.169607582248808,1.828346915480726,0.8211986712354322,4.047477023376691,106,10,11,0.2743750245607853,0.9118206338085798,0.557906344100069,4,0.4591945322726572,3.888033127866463,2.0970820224475584,4.335818257602824,3.8187450469002746,0.8698124863879825,17.929507476574006,106
6,20,813.1891680625472,18.91544947680184,20,15,0.8790763413395712,0.78550491240205,0.6408109518402093,4,2.5265574692267716,3.366089641902006,2.414366841251189,2.169607582248808,1.828346915480726,0.8211986712354322,4.047477023376691,106,10,11,0.2743750245607853,0.9118206338085798,0.557906344100069,4,0.4591945322726572,3.888033127866463,2.0970820224475584,4.335818257602824,3.8187450469002746,0.8698124863879825,17.929507476574006,106
6,21,798.5482116862943,18.91544947680184,20,16,0.8860981490343988,0.7871510551709928,0.6440556452589158,5,3.3604133464016805,4.153029116771966,3.0542479486351444,2.2331772927615754,1.8313098952578266,0.8098643672341471,4.3762142952726055,107,10,10,0.4815105137260099,0.7885572158545693,0.5980866411919361,5,0.9952016724078606,4.676050981200382,2.7063004604529253,3.667861248902655,3.186602588593448,0.8147831606081117,12.638422980593637,108
6,22,798.5482116862943,18.91544947680184,20,16,0.8860981490343988,0.7871510551709928,0.6440556452589158,5,3.3604133464016805,4.153029116771966,3.0542479486351444,2.2331772927615754,1.8313098952578266,0.8098643672341471,4.3762142952726055,107,10,10,0.4815105137260099,0.7885572158545693,0.5980866411919361,5,0.9952016724078606,4.676050981200382,2.7063004604529253,3.667861248902655,3.186602588593448,0.8147831606081117,12.638422980593637,108
6,23,798.5482116862943,18.91544947680184,20,16,0.8860981490343988,0.7871510551709928,0.6440556452589158,5,3.3604133464016805,4.153029116771966,3.0542479486351444,2.2331772927615754,1.8313098952578266,0.8098643672341471,4.3762142952726055,107,10,10,0.4815105137260099,0.7885572158545693,0.5980866411919361,5,0.9952016724078606,4.676050981200382,2.7063004604529253,3.667861248902655,3.186602588593448,0.8147831606081117,12.638422980593637,108
6,24,798.5482116862943,18.91544947680184,20,16,0.8860981490343988,0.7871510551709928,0.6440556452589158,5,3.3604133464016805,4.153029116771966,3.0542479486351444,2.2331772927615754,1.8313098952578266,0.8098643672341471,4.3762142952726055,107,10,10,0.4815105137260099,0.7885572158545693,0.5980866411919361,5,0.9952016724078606,4.676050981200382,2.7063004604529253,3.667861248902655,3.186602588593448,0.8147831606081117,12.638422980593637,108
6,25,798.5482116862943,18.91544947680184,20,16,0.8860981490343988,0.7871510551709928,0.6440556452589158,5,3.3604133464016805,4.153029116771966,3.0542479486351444,2.2331772927615754,1.8313098952578266,0.8098643672341471,4.3762142952726055,107,10,10,0.4815105137260099,0.7885572158545693,0.5980866411919361,5,0.9952016724078606,4.676050981200382,2.7063004604529253,3.667861248902655,3.186602588593448,0.8147831606081117,12.638422980593637,108
6,26,784.8128681262019,18.91544947680184,20,16,0.8320262326590168,0.7549774511724467,0.6325528376311937,5,3.2751553844034604,4.113500005719626,3.035886131750184,2.241413279230445,1.8214508287947255,0.7761988023027342,4.447675332126379,107,10,10,0.4642451572163901,0.7758430477713715,0.5958920630782839,5,0.7688062022413487,4.605537835420489,2.6616085809376995,3.676351817377179,3.184639061622631,0.7901813637100362,12.725381321422455,108
6,27,784.8128681262019,18.91544947680184,20,16,0.8320262326590168,0.7549774511724467,0.6325528376311937,5,3.2751553844034604,4.113500005719626,3.035886131750184,2.241413279230445,1.8214508287947255,0.7761988023027342,4.447675332126379,107,10,10,0.4642451572163901,0.7758430477713715,0.5958920630782839,5,0.7688062022413487,4.605537835420489,2.6616085809376995,3.676351817377179,3.184639061622631,0.7901813637100362,12.725381321422455,108
6,28,784.8128681262019,18.91544947680184,20,16,0.8320262326590168,0.7549774511724467,0.6325528376311937,5,3.2751553844034604,4.113500005719626,3.035886131750184,2.241413279230445,1.8214508287947255,0.7761988023027342,4.447675332126379,107,10,10,0.4642451572163901,0.7758430477713715,0.5958920630782839,5,0.7688062022413487,4.605537835420489,2.6616085809376995,3.676351817377179,3.184639061622631,0.7901813637100362,12.725381321422455,108
6,29,784.8128681262019,18.91544947680184,20,16,0.8320262326590168,0.7549774511724467,0.6325528376311937,5,3.2751553844034604,4.113500005719626,3.035886131750184,2.241413279230445,1.8214508287947255,0.7761988023027342,4.447675332126379,107,10,10,0.4642451572163901,0.7758430477713715,0.5958920630782839,5,0.7688062022413487,4.605537835420489,2.6616085809376995,3.676351817377179,3.184639061622631,0.7901813637100362,12.725381321422455,108
6,30,784.8128681262019,24.291115493827917,20,16,0.8320262326590168,0.7549774511724467,0.6325528376311937,5,3.2751553844034604,4.113500005719626,3.035886131750184,2.241413279230445,1.8214508287947255,0.7761988023027342,4.447675332126379,107,10,10,0.4642451572163901,0.7758430477713715,0.5958920630782839,5,0.7688062022413487,4.605537835420489,2.6616085809376995,3.676351817377179,3.184639061622631,0.7901813637100362,12.725381321422455,108
6,31,765.2100582809635,24.291115493827917,21,16,0.7773610003557705,0.4810657406799332,0.6277993309771744,6,4.448899423265376,4.41728495385694,3.7469928640809824,1.917285873138805,1.4766352432079533,0.7000790130611436,3.2259642327277285,107,9,10,0.7880981460413614,0.728867529298633,0.6358010886568686,6,4.230915135355415,5.188660554599451,3.6816144079789246,3.3757905867647624,2.9656955857954737,0.7530833693992444,10.642878716290333,108
6,32,765.2100582809635,24.291115493827917,21,16,0.7773610003557705,0.4810657406799332,0.6277993309771744,6,4.448899423265376,4.41728495385694,3.7469928640809824,1.917285873138805,1.4766352432079533,0.7000790130611436,3.2259642327277285,107,9,10,0.7880981460413614,0.728867529298633,0.6358010886568686,6,4.230915135355415,5.188660554599451,3.6816144079789246,3.3757905867647624,2.9656955857954737,0.7530833693992444,10.642878716290333,108
6,33,765.2100582809635,24.291115493827917,21,16,0.7773610003557705,0.4810657406799332,0.6277993309771744,6,4.448899423265376,4.41728495385694,3.7469928640809824,1.917285873138805,1.4766352432079533,0.7000790130611436,3.2259642327277285,107,9,10,0.7880981460413614,0.728867529298633,0.6358010886568686,6,4.230915135355415,5.188660554599451,3.6816144079789246,3.3757905867647624,2.9656955857954737,0.7530833693992444,10.642878716290333,108
6,34,765.2100582809635,24.291115493827917,21,16,0.7773610003557705,0.4810657406799332,0.6277993309771744,6,4.448899423265376,4.41728495385694,3.7469928640809824,1.917285873138805,1.4766352432079533,0.7000790130611436,3.2259642327277285,107,9,10,0.7880981460413614,0.728867529298633,0.6358010886568686,6,4.230915135355415,5.188660554599451,3.6816144079789246,3.3757905867647624,2.9656955857954737,0.7530833693992444,10.642878716290333,108
6,35,765.2100582809635,24.291115493827917,21,16,0.7773610003557705,0.4810657406799332,0.6277993309771744,6,4.448899423265376,4.41728495385694,3.7469928640809824,1.917285873138805,1.4766352432079533,0.7000790130611436,3.2259642327277285,107,9,10,0.7880981460413614,0.728867529298633,0.6358010886568686,6,4.230915135355415,5.188660554599451,3.6816144079789246,3.3757905867647624,2.9656955857954737,0.7530833693992444,10.642878716290333,108
6,36,750.1518666940469,24.291115493827917,21,16,1.1274899854657765,0.4730217232557746,0.7060901948632577,6,5.418627382055926,4.388704646905082,3.9550241628660903,1.903541610700533,1.4538730719533137,0.6787204685174382,3.177264042107106,107,9,10,0.7943518566070553,0.7285991269995552,0.6377294171854214,6,3.9924068806885598,5.179499531105451,3.673826667324069,3.15689399557579,2.802193724612639,0.7341449381253203,9.233668111292193,108
6,37,750.1518666940469,24.291115493827917,21,16,1.1274899854657765,0.4730217232557746,0.7060901948632577,6,5.418627382055926,4.388704646905082,3.9550241628660903,1.903541610700533,1.4538730719533137,0.6787204685174382,3.177264042107106,107,9,10,0.7943518566070553,0.7285991269995552,0.6377294171854214,6,3.9924068806885598,5.179499531105451,3.673826667324069,3.15689399557579,2.802193724612639,0.7341449381253203,9.233668111292193,108
6,38,750.1518666940469,24.291115493827917,21,16,1.1274899854657765,0.4730217232557746,0.7060901948632577,6,5.418627382055926,4.388704646905082,3.9550241628660903,1.903541610700533,1.4538730719533137,0.6787204685174382,3.177264042107106,107,9,10,0.7943518566070553,0.7285991269995552,0.6377294171854214,6,3.9924068806885598,5.179499531105451,3.673826667324069,3.15689399557579,2.802193724612639,0.7341449381253203,9.233668111292193,108
6,39,750.1518666940469,24.291115493827917,21,16,1.1274899854657765,0.4730217232557746,0.7060901948632577,6,5.418627382055926,4.388704646905082,3.9550241628660903,1.903541610700533,1.4538730719533137,0.6787204685174382,3.177264042107106,107,9,10,0.7943518566070553,0.7285991269995552,0.6377294171854214,6,3.9924068806885598,5.179499531105451,3.673826667324069,3.15689399557579,2.802193724612639,0.7341449381253203,9.233668111292193,108
6,40,750.1518666940469,29.230890794846573,21,16,1.1274899854657765,0.4730217232557746,0.7060901948632577,6,5.418627382055926,4.388704646905082,3.9550241628660903,1.903541610700533,1.4538730719533137,0.6787204685174382,3.177264042107106,107,9,10,0.7943518566070553,0.7285991269995552,0.6377294171854214,6,3.9924068806885598,5.179499531105451,3.673826667324069,3.15689399557579,2.802193724612639,0.7341449381253203,9.233668111292193,108
6,41,736.592902164236,29.230890794846573,21,15,1.3781421784393642,0.5050530580654481,0.748693658438815,7,7.006637030047091,4.88561018172725,4.744901656904367,1.9052097553653937,1.4614692355562442,0.6624424503372474,3.1958683605151297,106,9,9,0.7781772635942136,0.6703312094437818,0.6443134486799825,7,4.842169570327318,5.837592252610874,4.320586682930114,2.6762690859159797,2.3985081599865365,0.6845405112509545,6.481391737874636,107
6,42,736.592902164236,29.230890794846573,21,15,1.3781421784393642,0.5050530580654481,0.748693658438815,7,7.006637030047091,4.88561018172725,4.744901656904367,1.9052097553653937,1.4614692355562442,0.6624424503372474,3.1958683605151297,106,9,9,0.7781772635942136,0.6703312094437818,0.6443134486799825,7,4.842169570327318,5.837592252610874,4.320586682930114,2.6762690859159797,2.3985081599865365,0.6845405112509545,6.481391737874636,107
6,43,736.592902164236,29.230890794846573,21,15,1.3781421784393642,0.5050530580654481,0.748693658438815,7,7.006637030047091,4.88561018172725,4.744901656904367,1.9052097553653937,1.4614692355562442,0.6624424503372474,3.1958683605151297,106,9,9,0.7781772635942136,0.6703312094437818,0.6443134486799825,7,4.842169570327318,5.837592252610874,4.320586682930114,2.6762690859159797,2.3985081599865365,0.6845405112509545,6.481391737874636,107
6,44,736.592902164236,29.230890794846573,21,15,1.3781421784393642,0.5050530580654481,0.748693658438815,7,7.006637030047091,4.88561018172725,4.744901656904367,1.9052097553653937,1.4614692355562442,0.6624424503372474,3.1958683605151297,106,9,9,0.7781772635942136,0.6703312094437818,0.6443134486799825,7,4.842169570327318,5.837592252610874,4.320586682930114,2.6762690859159797,2.3985081599865365,0.6845405112509545,6.481391737874636,107
6,45,736.592902164236,29.230890794846573,21,15,1.3781421784393642,0.5050530580654481,0.748693658438815,7,7.006637030047091,4.88561018172725,4.744901656904367,1.9052097553653937,1.4614692355562442,0.6624424503372474,3.1958683605151297,106,9,9,0.7781772635942136,0.6703312094437818,0.6443134486799825,7,4.842169570327318,5.837592252610874,4.320586682930114,2.6762690859159797,2.3985081599865365,0.6845405112509545,6.481391737874636,107
6,46,724.6398195079855,29.230890794846573,21,15,1.357936396793782,0.5047593361809329,0.7460384505106185,7,6.81542513449466,4.882530522366254,4.709153479196951,1.909711155098644,1.473862637931321,0.6554551044766375,3.205426927136019,106,9,9,0.9831818124040107,0.6593336226366223,0.6856059261388809,7,5.229741769211976,5.822034149760899,4.413409675852135,2.619904951454692,2.304450753275579,0.6555760134429945,6.209215965743891,107
6,47,724.6398195079855,29.230890794846573,21,15,1.357936396793782,0.5047593361809329,0.7460384505106185,7,6.81542513449466,4.882530522366254,4.709153479196951,1.909711155098644,1.473862637931321,0.6554551044766375,3.205426927136019,106,9,9,0.9831818124040107,0.6593336226366223,0.6856059261388809,7,5.229741769211976,5.822034149760899,4.413409675852135,2.619904951454692,2.304450753275579,0.6555760134429945,6.209215965743891,107
6,48,724.6398195079855,29.230890794846573,21,15,1.357936396793782,0.5047593361809329,0.7460384505106185,7,6.81542513449466,4.882530522366254,4.709153479196951,1.909711155098644,1.473862637931321,0.6554551044766375,3.205426927136019,106,9,9,0.9831818124040107,0.6593336226366223,0.6856059261388809,7,5.229741769211976,5.822034149760899,4.413409675852135,2.619904951454692,2.304450753275579,0.6555760134429945,6.209215965743891,107
6,49,724.6398195079855,29.230890794846573,21,15,1.357936396793782,0.5047593361809329,0.7460384505106185,7,6.81542513449466,4.882530522366254,4.709153479196951,1.909711155098644,1.473862637931321,0.6554551044766375,3.205426927136019,106,9,9,0.9831818124040107,0.6593336226366223,0.6856059261388809,7,5.229741769211976,5.822034149760899,4.413409675852135,2.619904951454692,2.304450753275579,0.6555760134429945,6.209215965743891,107
6,50,724.6398195079855,33.88793479370562,21,15,1.357936396793782,0.5047593361809329,0.7460384505106185,7,6.81542513449466,4.882530522366254,4.709153479196951,1.909711155098644,1.473862637931321,0.6554551044766375,3.205426927136019,106,9,9,0.9831818124040107,0.6593336226366223,0.6856059261388809,7,5.229741769211976,5.822034149760899,4.413409675852135,2.619904951454692,2.304450753275579,0.6555760134429945,6.209215965743891,107
6,51,702.3480291628721,33.88793479370562,21,14,1.2889501893407378,0.5570285674938708,0.733397650202399,8,7.983167765086717,5.439160408537551,5.41998420447101,1.836191373149839,1.4227755715885244,0.6420673942563494,2.91927970380664,105,9,8,1.1316596181631378,0.49943518083636507,0.7115498662522928,8,6.162135664340367,6.264343930846132,5.083993322603286,2.205685602098963,1.927514024249642,0.5846662834203015,4.284380580242987,106
6,52,702.3480291628721,33.88793479370562,21,14,1.2889501893407378,0.5570285674938708,0.733397650202399,8,7.983167765086717,5.439160408537551,5.41998420447101,1.836191373149839,1.4227755715885244,0.6420673942563494,2.91927970380664,105,9,8,1.1316596181631378,0.49943518083636507,0.7115498662522928,8,6.162135664340367,6.264343930846132,5.083993322603286,2.205685602098963,1.927514024249642,0.5846662834203015,4.284380580242987,106
6,53,702.3480291628721,33.88793479370562,21,14,1.2889501893407378,0.5570285674938708,0.733397650202399,8,7.983167765086717,5.439160408537551,5.41998420447101,1.836191373149839,1.4227755715885244,0.6420673942563494,2.91927970380664,105,9,8,1.1316596181631378,0.49943518083636507,0.7115498662522928,8,6.162135664340367,6.264343930846132,5.083993322603286,2.205685602098963,1.927514024249642,0.5846662834203015,4.284380580242987,106
6,54,702.3480291628721,33.88793479370562,21,14,1.2889501893407378,0.5570285674938708,0.733397650202399,8,7.983167765086717,5.439160408537551,5.41998420447101,1.836191373149839,1.4227755715885244,0.6420673942563494,2.91927970380664,105,9,8,1.1316596181631378,0.49943518083636507,0.7115498662522928,8,6.162135664340367,6.264343930846132,5.083993322603286,2.205685602098963,1.927514024249642,0.5846662834203015,4.284380580242987,106
6,55,702.3480291628721,33.88793479370562,21,14,1.2889501893407378,0.5570285674938708,0.733397650202399,8,7.983167765086717,5.439160408537551,5.41998420447101,1.836191373149839,1.4227755715885244,0.6420673942563494,2.91927970380664,105,9,8,1.1316596181631378,0.49943518083636507,0.7115498662522928,8,6.162135664340367,6.264343930846132,5.083993322603286,2.205685602098963,1.927514024249642,0.5846662834203015,4.284380580242987,106
6,56,691.7857201795352,33.88793479370562,21,14,1.2811769239379738,0.5569839947740781,0.732206553352111,8,7.955975975984153,5.439006441100847,5.415290108330377,1.8360903291595154,1.4230430036605815,0.6417335492757036,2.916980277128842,105,9,8,1.1484008641947296,0.49334715940698937,0.7147941729530466,8,6.194563892246144,6.253251899035586,5.091220249412146,2.16747750946792,1.8758646043642448,0.5749099913930741,4.12707326942825,106
6,57,691.7857201795352,33.88793479370562,21,14,1.2811769239379738,0.5569839947740781,0.732206553352111,8,7.955975975984153,5.439006441100847,5.415290108330377,1.8360903291595154,1.4230430036605815,0.6417335492757036,2.916980277128842,105,9,8,1.1484008641947296,0.49334715940698937,0.7147941729530466,8,6.194563892246144,6.253251899035586,5.091220249412146,2.16747750946792,1.8758646043642448,0.5749099913930741,4.12707326942825,106
6,58,691.7857201795352,33.88793479370562,21,14,1.2811769239379738,0.5569839947740781,0.732206553352111,8,7.955975975984153,5.439006441100847,5.415290108330377,1.8360903291595154,1.4230430036605815,0.6417335492757036,2.916980277128842,105,9,8,1.1484008641947296,0.49334715940698937,0.7147941729530466,8,6.194563892246144,6.253251899035586,5.091220249412146,2.16747750946792,1.8758646043642448,0.5749099913930741,4.12707326942825,106
6,59,691.7857201795352,33.88793479370562,21,14,1.2811769239379738,0.5569839947740781,0.732206553352111,8,7.955975975984153,5.439006441100847,5.415290108330377,1.8360903291595154,1.4230430036605815,0.6417335492757036,2.916980277128842,105,9,8,1.1484008641947296,0.49334715940698937,0.7147941729530466,8,6.194563892246144,6.253251899035586,5.091220249412146,2.16747750946792,1.8758646043642448,0.5749099913930741,4.12707326942825,106
6,60,691.7857201795352,38.11522431281255,21,14,1.2811769239379738,0.5569839947740781,0.732206553352111,8,7.955975975984153,5.439006441100847,5.415290108330377,1.8360903291595154,1.4230430036605815,0.6417335492757036,2.916980277128842,105,9,8,1.1484008641947296,0.49334715940698937,0.7147941729530466,8,6.194563892246144,6.253251899035586,5.091220249412146,2.16747750946792,1.8758646043642448,0.5749099913930741,4.12707326942825,106
6,61,670.3887168688129,38.11522431281255,22,14,1.1645968286919899,0.42222727548531536,0.7294111791255619,9,9.197819940928824,5.861185763028063,6.158768731385221,1.5341678258018394,1.133106598735731,0.6031442019807132,2.035530971930248,105,9,7,1.5214106480610023,0.3832716190928926,0.7661364552748293,9,8.282834647830061,6.487475084052038,5.972066220463139,1.716995318588356,1.4930904554177817,0.5164702666662303,2.4433054827351888,105
6,62,670.3887168688129,38.11522431281255,22,14,1.1645968286919899,0.42222727548531536,0.7294111791255619,9,9.197819940928824,5.861185763028063,6.158768731385221,1.5341678258018394,1.133106598735731,0.6031442019807132,2.035530971930248,105,9,7,1.5214106480610023,0.3832716190928926,0.7661364552748293,9,8.282834647830061,6.487475084052038,5.972066220463139,1.716995318588356,1.4930904554177817,0.5164702666662303,2.4433054827351888,105
6,63,670.3887168688129,38.11522431281255,22,14,1.1645968286919899,0.42222727548531536,0.7294111791255619,9,9.197819940928824,5.861185763028063,6.158768731385221,1.5341678258018394,1.133106598735731,0.6031442019807132,2.035530971930248,105,9,7,1.5214106480610023,0.3832716190928926,0.7661364552748293,9,8.282834647830061,6.487475084052038,5.972066220463139,1.716995318588356,1.4930904554177817,0.5164702666662303,2.4433054827351888,105
6,64,670.3887168688129,38.11522431281255,22,14,1.1645968286919899,0.42222727548531536,0.7294111791255619,9,9.197819940928824,5.861185763028063,6.158768731385221,1.5341678258018394,1.133106598735731,0.6031442019807132,2.035530971930248,105,9,7,1.5214106480610023,0.3832716190928926,0.7661364552748293,9,8.282834647830061,6.487475084052038,5.972066220463139,1.716995318588356,1.4930904554177817,0.5164702666662303,2.4433054827351888,105
6,65,670.3887168688129,38.11522431281255,22,14,1.1645968286919899,0.42222727548531536,0.7294111791255619,9,9.197819940928824,5.861185763028063,6.158768731385221,1.5341678258018394,1.133106598735731,0.6031442019807132,2.035530971930248,105,9,7,1.5214106480610023,0.3832716190928926,0.7661364552748293,9,8.282834647830061,6.487475084052038,5.972066220463139,1.716995318588356,1.4930904554177817,0.5164702666662303,2.4433054827351888,105
6,66,657.7472882257971,38.11522431281255,22,14,1.1659102396980878,0.422224157224826,0.7295559547155608,9,9.208560073668485,5.861161086339898,6.1605659624178735,1.5460909544628778,1.1461472602071023,0.6023942583200775,2.072339833051041,105,9,7,1.5552642515106119,0.3827630133965161,0.7699015922808418,9,9.072796630245332,6.4604886592538655,6.113316918149268,1.6629663033232829,1.4547222514824893,0.5091619767043828,2.261199731218288,105
6,67,657.7472882257971,38.11522431281255,22,14,1.1659102396980878,0.422224157224826,0.7295559547155608,9,9.208560073668485,5.861161086339898,6.1605659624178735,1.5460909544628778,1.1461472602071023,0.6023942583200775,2.072339833051041,105,9,7,1.5552642515106119,0.3827630133965161,0.7699015922808418,9,9.072796630245332,6.4604886592538655,6.113316918149268,1.6629663033232829,1.4547222514824893,0.5091619767043828,2.261199731218288,105
6,68,657.7472882257971,38.11522431281255,22,14,1.1659102396980878,0.422224157224826,0.7295559547155608,9,9.208560073668485,5.861161086339898,6.1605659624178735,1.5460909544628778,1.1461472602071023,0.6023942583200775,2.072339833051041,105,9,7,1.5552642515106119,0.3827630133965161,0.7699015922808418,9,9.072796630245332,6.4604886592538655,6.113316918149268,1.6629663033232829,1.4547222514824893,0.5091619767043828,2.261199731218288,105
6,69,657.7472882257971,38.11522431281255,22,14,1.1659102396980878,0.422224157224826,0.7295559547155608,9,9.208560073668485,5.861161086339898,6.1605659624178735,1.5460909544628778,1.1461472602071023,0.6023942583200775,2.072339833051041,105,9,7,1.5552642515106119,0.3827630133965161,0.7699015922808418,9,9.072796630245332,6.4604886592538655,6.113316918149268,1.6629663033232829,1.4547222514824893,0.5091619767043828,2.261199731218288,105
6,70,657.7472882257971,42.13824977270191,22,14,1.1659102396980878,0.422224157224826,0.7295559547155608,9,9.208560073668485,5.861161086339898,6.1605659624178735,1.5460909544628778,1.1461472602071023,0.6023942583200775,2.072339833051041,105,9,7,1.5552642515106119,0.3827630133965161,0.7699015922808418,9,9.072796630245332,6.4604886592538655,6.113316918149268,1.6629663033232829,1.4547222514824893,0.5091619767043828,2.261199731218288,105
6,71,644.4755025358164,42.13824977270191,23,14,0.9567434012524338,0.3508931756786833,0.6949059505501025,10,10.153865968082977,6.212040549775077,6.853651638693178,1.2289168926572789,0.8831901675406781,0.5807056025191055,1.3316798965526913,103,8,7,1.7101166057518224,0.3574044733936985,0.7846613314230263,10,11.759846116745697,6.773647685015541,7.072421566444127,1.5230962557117942,1.383175085752738,0.4995335577873299,1.8304193483097775,105
6,72,644.4755025358164,42.13824977270191,23,14,0.9567434012524338,0.3508931756786833,0.6949059505501025,10,10.153865968082977,6.212040549775077,6.853651638693178,1.2289168926572789,0.8831901675406781,0.5807056025191055,1.3316798965526913,103,8,7,1.7101166057518224,0.3574044733936985,0.7846613314230263,10,11.759846116745697,6.773647685015541,7.072421566444127,1.5230962557117942,1.383175085752738,0.4995335577873299,1.8304193483097775,105
6,73,644.4755025358164,42.13824977270191,23,14,0.9567434012524338,0.3508931756786833,0.6949059505501025,10,10.153865968082977,6.212040549775077,6.853651638693178,1.2289168926572789,0.8831901675406781,0.5807056025191055,1.3316798965526913,103,8,7,1.7101166057518224,0.3574044733936985,0.7846613314230263,10,11.759846116745697,6.773647685015541,7.072421566444127,1.5230962557117942,1.383175085752738,0.4995335577873299,1.8304193483097775,105
6,74,644.4755025358164,42.13824977270191,23,14,0.9567434012524338,0.3508931756786833,0.6949059505501025,10,10.153865968082977,6.212040549775077,6.853651638693178,1.2289168926572789,0.8831901675406781,0.5807056025191055,1.3316798965526913,103,8,7,1.7101166057518224,0.3574044733936985,0.7846613314230263,10,11.759846116745697,6.773647685015541,7.072421566444127,1.5230962557117942,1.383175085752738,0.4995335577873299,1.8304193483097775,105
6,75,644.4755025358164,42.13824977270191,23,14,0.9567434012524338,0.3508931756786833,0.6949059505501025,10,10.153865968082977,6.212040549775077,6.853651638693178,1.2289168926572789,0.8831901675406781,0.5807056025191055,1.3316798965526913,103,8,7,1.7101166057518224,0.3574044733936985,0.7846613314230263,10,11.759846116745697,6.773647685015541,7.072421566444127,1.5230962557117942,1.383175085752738,0.4995335577873299,1.8304193483097775,105
6,76,624.9454471409715,42.13824977270191,23,14,0.9564018699022356,0.35089313782339043,0.6948686701746877,10,10.132322324962297,6.2120166267759345,6.849366878542407,1.234359832982923,0.8884708214685366,0.5806391324328617,1.3442717738708287,103,8,7,1.6755171301310074,0.35719319439431735,0.7826356364319556,10,12.424177423201533,6.757693630648197,7.182580477546167,1.438173773539047,1.2959566317282203,0.46376663590578615,1.6075429111391342,105
6,77,624.9454471409715,42.13824977270191,23,14,0.9564018699022356,0.35089313782339043,0.6948686701746877,10,10.132322324962297,6.2120166267759345,6.849366878542407,1.234359832982923,0.8884708214685366,0.5806391324328617,1.3442717738708287,103,8,7,1.6755171301310074,0.35719319439431735,0.7826356364319556,10,12.424177423201533,6.757693630648197,7.182580477546167,1.438173773539047,1.2959566317282203,0.46376663590578615,1.6075429111391342,105
6,78,624.9454471409715,42.13824977270191,23,14,0.9564018699022356,0.35089313782339043,0.6948686701746877,10,10.132322324962297,6.2120166267759345,6.849366878542407,1.234359832982923,0.8884708214685366,0.5806391324328617,1.3442717738708287,103,8,7,1.6755171301310074,0.35719319439431735,0.7826356364319556,10,12.424177423201533,6.757693630648197,7.182580477546167,1.438173773539047,1.2959566317282203,0.46376663590578615,1.6075429111391342,105
6,79,624.9454471409715,42.13824977270191,23,14,0.9564018699022356,0.35089313782339043,0.6948686701746877,10,10.132322324962297,6.2120166267759345,6.849366878542407,1.234359832982923,0.8884708214685366,0.5806391324328617,1.3442717738708287,103,8,7,1.6755171301310074,0.35719319439431735,0.7826356364319556,10,12.424177423201533,6.757693630648197,7.182580477546167,1.438173773539047,1.2959566317282203,0.46376663590578615,1.6075429111391342,105
6,80,624.9454471409715,46.16326399189611,23,14,0.9564018699022356,0.35089313782339043,0.6948686701746877,10,10.132322324962297,6.2120166267759345,6.849366878542407,1.234359832982923,0.8884708214685366,0.5806391324328617,1.3442717738708287,103,8,7,1.6755171301310074,0.35719319439431735,0.7826356364319556,10,12.424177423201533,6.757693630648197,7.182580477546167,1.438173773539047,1.2959566317282203,0.46376663590578615,1.6075429111391342,105
6,81,610.5798190835619,46.16326399189611,23,13,0.7822928476323868,0.3600267619512996,0.6744304196870842,11,10.93912718799883,6.571949885793063,7.529031465427078,1.2098367959508962,0.895092894304957,0.5646677160068512,1.2777155649024834,102,7,7,2.0068095333217255,0.34191006619482023,0.8104828828824511,11,14.975474863683154,7.052535925218369,8.120572398046756,1.3219340234854093,1.185262120786303,0.4689993245917627,1.300685432842534,105
6,82,610.5798190835619,46.16326399189611,23,13,0.7822928476323868,0.3600267619512996,0.6744304196870842,11,10.93912718799883,6.571949885793063,7.529031465427078,1.2098367959508962,0.895092894304957,0.5646677160068512,1.2777155649024834,102,7,7,2.0068095333217255,0.34191006619482023,0.8104828828824511,11,14.975474863683154,7.052535925218369,8.120572398046756,1.3219340234854093,1.185262120786303,0.4689993245917627,1.300685432842534,105
6,83,610.5798190835619,46.16326399189611,23,13,0.7822928476323868,0.3600267619512996,0.6744304196870842,11,10.93912718799883,6.571949885793063,7.529031465427078,1.2098367959508962,0.895092894304957,0.5646677160068512,1.2777155649024834,102,7,7,2.0068095333217255,0.34191006619482023,0.8104828828824511,11,14.975474863683154,7.052535925218369,8.120572398046756,1.3219340234854093,1.185262120786303,0.4689993245917627,1.300685432842534,105
6,84,610.5798190835619,46.16326399189611,23,13,0.7822928476323868,0.3600267619512996,0.6744304196870842,11,10.93912718799883,6.571949885793063,7.529031465427078,1.2098367959508962,0.895092894304957,0.5646677160068512,1.2777155649024834,102,7,7,2.0068095333217255,0.34191006619482023,0.8104828828824511,11,14.975474863683154,7.052535925218369,8.120572398046756,1.3219340234854093,1.185262120786303,0.4689993245917627,1.300685432842534,105
6,85,610.5798190835619,46.16326399189611,23,13,0.7822928476323868,0.3600267619512996,0.6744304196870842,11,10.93912718799883,6.571949885793063,7.529031465427078,1.2098367959508962,0.895092894304957,0.5646677160068512,1.2777155649024834,102,7,7,2.0068095333217255,0.34191006619482023,0.8104828828824511,11,14.975474863683154,7.052535925218369,8.120572398046756,1.3219340234854093,1.185262120786303,0.4689993245917627,1.300685432842534,105
6,86,596.8249608703952,46.16326399189611,23,13,0.7833267486119504,0.3600266032899106,0.6746255193945964,11,11.012988383828695,6.571752948011282,7.544415377837973,1.2061503356946146,0.8927237921873742,0.5628359172329523,1.266827107976643,102,7,7,2.087554371770806,0.2999990830549694,0.8271349753963375,11,16.579051310289973,6.402333330701884,8.443178049028385,1.1978737370924564,1.0517684429923315,0.43221295879636434,1.0300149850291804,105
6,87,596.8249608703952,46.16326399189611,23,13,0.7833267486119504,0.3600266032899106,0.6746255193945964,11,11.012988383828695,6.571752948011282,7.544415377837973,1.2061503356946146,0.8927237921873742,0.5628359172329523,1.266827107976643,102,7,7,2.087554371770806,0.2999990830549694,0.8271349753963375,11,16.579051310289973,6.402333330701884,8.443178049028385,1.1978737370924564,1.0517684429923315,0.43221295879636434,1.0300149850291804,105
6,88,596.8249608703952,46.16326399189611,23,13,0.7833267486119504,0.3600266032899106,0.6746255193945964,11,11.012988383828695,6.571752948011282,7.544415377837973,1.2061503356946146,0.8927237921873742,0.5628359172329523,1.266827107976643,102,7,7,2.087554371770806,0.2999990830549694,0.8271349753963375,11,16.579051310289973,6.402333330701884,8.443178049028385,1.1978737370924564,1.0517684429923315,0.43221295879636434,1.0300149850291804,105
6,89,596.8249608703952,46.16326399189611,23,13,0.7833267486119504,0.3600266032899106,0.6746255193945964,11,11.012988383828695,6.571752948011282,7.544415377837973,1.2061503356946146,0.8927237921873742,0.5628359172329523,1.266827107976643,102,7,7,2.087554371770806,0.2999990830549694,0.8271349753963375,11,16.579051310289973,6.402333330701884,8.443178049028385,1.1978737370924564,1.0517684429923315,0.43221295879636434,1.0300149850291804,105
6,90,596.8249608703952,50.456214962260596,23,13,0.7833267486119504,0.3600266032899106,0.6746255193945964,11,11.012988383828695,6.571752948011282,7.544415377837973,1.2061503356946146,0.8927237921873742,0.5628359172329523,1.266827107976643,102,7,7,2.087554371770806,0.2999990830549694,0.8271349753963375,11,16.579051310289973,6.402333330701884,8.443178049028385,1.1978737370924564,1.0517684429923315,0.43221295879636434,1.0300149850291804,105
6,91,581.9497190298382,50.456214962260596,23,12,0.6624798678257838,0.36068197865512824,0.6418980337875623,12,11.65004065574816,6.932336819672085,8.18101211954266,1.1806277853915526,0.8979344658390536,0.5466482483885393,1.2093423214490866,101,7,6,2.8363551851551017,0.049482058268367525,0.9415315307856812,12,18.659011269125173,5.952017193757916,9.254436672530623,1.217276541149366,1.0504426261232613,0.4166592981532238,1.0893589879548708,104
6,92,581.9497190298382,50.456214962260596,23,12,0.6624798678257838,0.36068197865512824,0.6418980337875623,12,11.65004065574816,6.932336819672085,8.18101211954266,1.1806277853915526,0.8979344658390536,0.5466482483885393,1.2093423214490866,101,7,6,2.8363551851551017,0.049482058268367525,0.9415315307856812,12,18.659011269125173,5.952017193757916,9.254436672530623,1.217276541149366,1.0504426261232613,0.4166592981532238,1.0893589879548708,104
6,93,581.9497190298382,50.456214962260596,23,12,0.6624798678257838,0.36068197865512824,0.6418980337875623,12,11.65004065574816,6.932336819672085,8.18101211954266,1.1806277853915526,0.8979344658390536,0.5466482483885393,1.2093423214490866,101,7,6,2.8363551851551017,0.049482058268367525,0.9415315307856812,12,18.659011269125173,5.952017193757916,9.254436672530623,1.217276541149366,1.0504426261232613,0.4166592981532238,1.0893589879548708,104
6,94,581.9497190298382,50.456214962260596,23,12,0.6624798678257838,0.36068197865512824,0.6418980337875623,12,11.65004065574816,6.932336819672085,8.18101211954266,1.1806277853915526,0.8979344658390536,0.5466482483885393,1.2093423214490866,101,7,6,2.8363551851551017,0.049482058268367525,0.9415315307856812,12,18.659011269125173,5.952017193757916,9.254436672530623,1.217276541149366,1.0504426261232613,0.4166592981532238,1.0893589879548708,104
6,95,581.9497190298382,50.456214962260596,23,12,0.6624798678257838,0.36068197865512824,0.6418980337875623,12,11.65004065574816,6.932336819672085,8.18101211954266,1.1806277853915526,0.8979344658390536,0.5466482483885393,1.2093423214490866,101,7,6,2.8363551851551017,0.049482058268367525,0.9415315307856812,12,18.659011269125173,5.952017193757916,9.254436672530623,1.217276541149366,1.0504426261232613,0.4166592981532238,1.0893589879548708,104
6,96,567.2078471308668,50.456214962260596,23,12,0.6627815183803584,0.3606818871250665,0.6419625397640509,12,11.5243036664834,6.913493043094443,8.154308747328546,1.1764159200347446,0.8859445683664258,0.5370850165027954,1.2136913843208388,101,7,6,3.2763438363595765,0.04185005106888332,0.9602593197072354,12,20.91132083908878,5.12236867384058,9.546295942539176,1.1442100355153795,0.9298388230655649,0.39029464578354606,0.9788027080243844,104
6,97,567.2078471308668,50.456214962260596,23,12,0.6627815183803584,0.3606818871250665,0.6419625397640509,12,11.5243036664834,6.913493043094443,8.154308747328546,1.1764159200347446,0.8859445683664258,0.5370850165027954,1.2136913843208388,101,7,6,3.2763438363595765,0.04185005106888332,0.9602593197072354,12,20.91132083908878,5.12236867384058,9.546295942539176,1.1442100355153795,0.9298388230655649,0.39029464578354606,0.9788027080243844,104
6,98,567.2078471308668,50.456214962260596,23,12,0.6627815183803584,0.3606818871250665,0.6419625397640509,12,11.5243036664834,6.913493043094443,8.154308747328546,1.1764159200347446,0.8859445683664258,0.5370850165027954,1.2136913843208388,101,7,6,3.2763438363595765,0.04185005106888332,0.9602593197072354,12,20.91132083908878,5.12236867384058,9.546295942539176,1.1442100355153795,0.9298388230655649,0.39029464578354606,0.9788027080243844,104
6,99,567.2078471308668,50.456214962260596,23,12,0.6627815183803584,0.3606818871250665,0.6419625397640509,12,11.5243036664834,6.913493043094443,8.154308747328546,1.1764159200347446,0.8859445683664258,0.5370850165027954,1.2136913843208388,101,7,6,3.2763438363595765,0.04185005106888332,0.9602593197072354,12,20.91132083908878,5.12236867384058,9.546295942539176,1.1442100355153795,0.9298388230655649,0.39029464578354606,0.9788027080243844,104
6,100,567.2078471308668,54.841385096370736,23,12,0.6627815183803584,0.3606818871250665,0.6419625397640509,12,11.5243036664834,6.913493043094443,8.154308747328546,1.1764159200347446,0.8859445683664258,0.5370850165027954,1.2136913843208388,101,7,6,3.2763438363595765,0.04185005106888332,0.9602593197072354,12,20.91132083908878,5.12236867384058,9.546295942539176,1.1442100355153795,0.9298388230655649,0.39029464578354606,0.9788027080243844,104
6,101,549.294082033871,54.841385096370736,23,11,0.8474407793373088,0.3608424382874403,0.6749189614569192,13,13.116602996803163,6.258153121745586,8.995322392201084,1.1496847593789263,0.8795029391355397,0.49421008595795657,1.1333671511597871,101,6,6,3.4911614482127447,0.16768353052438403,0.9556581651588955,13,24.347092406630654,4.192167370636328,10.394864940361751,1.1496339208667554,0.9394679825034843,0.4204590481130738,0.9880185420847687,103
6,102,549.294082033871,54.841385096370736,23,11,0.8474407793373088,0.3608424382874403,0.6749189614569192,13,13.116602996803163,6.258153121745586,8.995322392201084,1.1496847593789263,0.8795029391355397,0.49421008595795657,1.1333671511597871,101,6,6,3.4911614482127447,0.16768353052438403,0.9556581651588955,13,24.347092406630654,4.192167370636328,10.394864940361751,1.1496339208667554,0.9394679825034843,0.4204590481130738,0.9880185420847687,103
6,103,549.294082033871,54.841385096370736,23,11,0.8474407793373088,0.3608424382874403,0.6749189614569192,13,13.116602996803163,6.258153121745586,8.995322392201084,1.1496847593789263,0.8795029391355397,0.49421008595795657,1.1333671511597871,101,6,6,3.4911614482127447,0.16768353052438403,0.9556581651588955,13,24.347092406630654,4.192167370636328,10.394864940361751,1.1496339208667554,0.9394679825034843,0.4204590481130738,0.9880185420847687,103
6,104,549.294082033871,54.841385096370736,23,11,0.8474407793373088,0.3608424382874403,0.6749189614569192,13,13.116602996803163,6.258153121745586,8.995322392201084,1.1496847593789263,0.8795029391355397,0.49421008595795657,1.1333671511597871,101,6,6,3.4911614482127447,0.16768353052438403,0.9556581651588955,13,24.347092406630654,4.192167370636328,10.394864940361751,1.1496339208667554,0.9394679825034843,0.4204590481130738,0.9880185420847687,103
6,105,549.294082033871,54.841385096370736,23,11,0.8474407793373088,0.3608424382874403,0.6749189614569192,13,13.116602996803163,6.258153121745586,8.995322392201084,1.1496847593789263,0.8795029391355397,0.49421008595795657,1.1333671511597871,101,6,6,3.4911614482127447,0.16768353052438403,0.9556581651588955,13,24.347092406630654,4.192167370636328,10.394864940361751,1.1496339208667554,0.9394679825034843,0.4204590481130738,0.9880185420847687,103
6,106,536.8231295618828,54.841385096370736,23,11,0.9000770776506931,0.3486829104722373,0.6861111164154332,13,16.230836963978753,4.93060874687313,9.663374275070819,1.1328088905552274,0.8735707758708936,0.476073813500614,1.0858375562726652,101,6,6,3.469033785439373,0.166120728204225,0.9554505334624195,13,24.876613524139877,4.100948903895329,10.512020002307805,1.1722308313372958,0.9750314763992541,0.4050049334281987,1.0286169387644024,103
6,107,536.8231295618828,54.841385096370736,23,11,0.9000770776506931,0.3486829104722373,0.6861111164154332,13,16.230836963978753,4.93060874687313,9.663374275070819,1.1328088905552274,0.8735707758708936,0.476073813500614,1.0858375562726652,101,6,6,3.469033785439373,0.166120728204225,0.9554505334624195,13,24.876613524139877,4.100948903895329,10.512020002307805,1.1722308313372958,0.9750314763992541,0.4050049334281987,1.0286169387644024,103
6,108,536.8231295618828,54.841385096370736,23,11,0.9000770776506931,0.3486829104722373,0.6861111164154332,13,16.230836963978753,4.93060874687313,9.663374275070819,1.1328088905552274,0.8735707758708936,0.476073813500614,1.0858375562726652,101,6,6,3.469033785439373,0.166120728204225,0.9554505334624195,13,24.876613524139877,4.100948903895329,10.512020002307805,1.1722308313372958,0.9750314763992541,0.4050049334281987,1.0286169387644024,103
6,109,536.8231295618828,54.841385096370736,23,11,0.9000770776506931,0.3486829104722373,0.6861111164154332,13,16.230836963978753,4.93060874687313,9.663374275070819,1.1328088905552274,0.8735707758708936,0.476073813500614,1.0858375562726652,101,6,6,3.469033785439373,0.166120728204225,0.9554505334624195,13,24.876613524139877,4.100948903895329,10.512020002307805,1.1722308313372958,0.9750314763992541,0.4050049334281987,1.0286169387644024,103
6,110,536.8231295618828,59.52471436815649,23,11,0.9000770776506931,0.3486829104722373,0.6861111164154332,13,16.230836963978753,4.93060874687313,9.663374275070819,1.1328088905552274,0.8735707758708936,0.476073813500614,1.0858375562726652,101,6,6,3.469033785439373,0.166120728204225,0.9554505334624195,13,24.876613524139877,4.100948903895329,10.512020002307805,1.1722308313372958,0.9750314763992541,0.4050049334281987,1.0286169387644024,103
6,111,521.3975561770252,59.52471436815649,23,10,1.413525363764684,0.3072646167368695,0.7684761140699204,14,16.35622752406872,4.410611844622638,10.189504921183143,1.0349321800054248,0.8250663457834063,0.4356793520822095,0.8916438021050217,102,6,7,3.724820290612404,0.13922860487129848,0.9655041929484272,14,28.557782758304104,4.23775558060716,11.487818889922181,1.0109197476025702,0.7928647759204512,0.35577895487784084,0.7383494400982336,102
6,112,521.3975561770252,59.52471436815649,23,10,1.413525363764684,0.3072646167368695,0.7684761140699204,14,16.35622752406872,4.410611844622638,10.189504921183143,1.0349321800054248,0.8250663457834063,0.4356793520822095,0.8916438021050217,102,6,7,3.724820290612404,0.13922860487129848,0.9655041929484272,14,28.557782758304104,4.23775558060716,11.487818889922181,1.0109197476025702,0.7928647759204512,0.35577895487784084,0.7383494400982336,102
6,113,521.3975561770252,59.52471436815649,23,10,1.413525363764684,0.3072646167368695,0.7684761140699204,14,16.35622752406872,4.410611844622638,10.189504921183143,1.0349321800054248,0.8250663457834063,0.4356793520822095,0.8916438021050217,102,6,7,3.724820290612404,0.13922860487129848,0.9655041929484272,14,28.557782758304104,4.23775558060716,11.487818889922181,1.0109197476025702,0.7928647759204512,0.35577895487784084,0.7383494400982336,102
6,114,521.3975561770252,59.52471436815649,23,10,1.413525363764684,0.3072646167368695,0.7684761140699204,14,16.35622752406872,4.410611844622638,10.189504921183143,1.0349321800054248,0.8250663457834063,0.4356793520822095,0.8916438021050217,102,6,7,3.724820290612404,0.13922860487129848,0.9655041929484272,14,28.557782758304104,4.23775558060716,11.487818889922181,1.0109197476025702,0.7928647759204512,0.35577895487784084,0.7383494400982336,102
6,115,521.3975561770252,59.52471436815649,23,10,1.413525363764684,0.3072646167368695,0.7684761140699204,14,16.35622752406872,4.410611844622638,10.189504921183143,1.0349321800054248,0.8250663457834063,0.4356793520822095,0.8916438021050217,102,6,7,3.724820290612404,0.13922860487129848,0.9655041929484272,14,28.557782758304104,4.23775558060716,11.487818889922181,1.0109197476025702,0.7928647759204512,0.35577895487784084,0.7383494400982336,102
6,116,503.4452066066799,59.52471436815649,23,10,1.5569638396749719,0.032512046482186606,0.8049828841339807,14,16.744543768802437,3.926432263913342,10.262428108127846,0.8407413698935655,0.6553362474554527,0.3748570346063601,0.5702727259195757,102,6,7,3.6573813951479313,0.13914847260194954,0.9649620285005507,14,28.342136420716756,4.237103098159903,11.479899774767304,1.0089964557598021,0.7828571949317348,0.35529304453741467,0.7364405339615688,102
6,117,503.4452066066799,59.52471436815649,23,10,1.5569638396749719,0.032512046482186606,0.8049828841339807,14,16.744543768802437,3.926432263913342,10.262428108127846,0.8407413698935655,0.6553362474554527,0.3748570346063601,0.5702727259195757,102,6,7,3.6573813951479313,0.13914847260194954,0.9649620285005507,14,28.342136420716756,4.237103098159903,11.479899774767304,1.0089964557598021,0.7828571949317348,0.35529304453741467,0.7364405339615688,102
6,118,503.4452066066799,59.52471436815649,23,10,1.5569638396749719,0.032512046482186606,0.8049828841339807,14,16.744543768802437,3.926432263913342,10.262428108127846,0.8407413698935655,0.6553362474554527,0.3748570346063601,0.5702727259195757,102,6,7,3.6573813951479313,0.13914847260194954,0.9649620285005507,14,28.342136420716756,4.237103098159903,11.479899774767304,1.0089964557598021,0.7828571949317348,0.35529304453741467,0.7364405339615688,102
6,119,503.4452066066799,59.52471436815649,23,10,1.5569638396749719,0.032512046482186606,0.8049828841339807,14,16.744543768802437,3.926432263913342,10.262428108127846,0.8407413698935655,0.6553362474554527,0.3748570346063601,0.5702727259195757,102,6,7,3.6573813951479313,0.13914847260194954,0.9649620285005507,14,28.342136420716756,4.237103098159903,11.479899774767304,1.0089964557598021,0.7828571949317348,0.35529304453741467,0.7364405339615688,102
6,120,503.4452066066799,64.88397272973303,23,10,1.5569638396749719,0.032512046482186606,0.8049828841339807,14,16.744543768802437,3.926432263913342,10.262428108127846,0.8407413698935655,0.6553362474554527,0.3748570346063601,0.5702727259195757,102,6,7,3.6573813951479313,0.13914847260194954,0.9649620285005507,14,28.342136420716756,4.237103098159903,11.479899774767304,1.0089964557598021,0.7828571949317348,0.35529304453741467,0.7364405339615688,102
6,121,490.1595859978281,64.88397272973303,23,9,2.5175863104937317,0.032690846364967475,0.9195468236610299,15,18.99853616179188,3.952679680172732,11.10895819967587,0.7817310115767478,0.622400700406054,0.3399852329502836,0.5011619315356732,103,6,8,3.6420319176324973,0.10665833331884134,0.9705914991715919,15,32.57622859544163,4.325219734073077,12.512544251671306,0.9248648192705397,0.7162513993484524,0.32293872868917944,0.616747545377104,100
6,122,490.1595859978281,64.88397272973303,23,9,2.5175863104937317,0.032690846364967475,0.9195468236610299,15,18.99853616179188,3.952679680172732,11.10895819967587,0.7817310115767478,0.622400700406054,0.3399852329502836,0.5011619315356732,103,6,8,3.6420319176324973,0.10665833331884134,0.9705914991715919,15,32.57622859544163,4.325219734073077,12.512544251671306,0.9248648192705397,0.7162513993484524,0.32293872868917944,0.616747545377104,100
6,123,490.1595859978281,64.88397272973303,23,9,2.5175863104937317,0.032690846364967475,0.9195468236610299,15,18.99853616179188,3.952679680172732,11.10895819967587,0.7817310115767478,0.622400700406054,0.3399852329502836,0.5011619315356732,103,6,8,3.6420319176324973,0.10665833331884134,0.9705914991715919,15,32.57622859544163,4.325219734073077,12.512544251671306,0.9248648192705397,0.7162513993484524,0.32293872868917944,0.616747545377104,100
6,124,490.1595859978281,64.88397272973303,23,9,2.5175863104937317,0.032690846364967475,0.9195468236610299,15,18.99853616179188,3.952679680172732,11.10895819967587,0.7817310115767478,0.622400700406054,0.3399852329502836,0.5011619315356732,103,6,8,3.6420319176324973,0.10665833331884134,0.9705914991715919,15,32.57622859544163,4.325219734073077,12.512544251671306,0.9248648192705397,0.7162513993484524,0.32293872868917944,0.616747545377104,100
6,125,490.1595859978281,64.88397272973303,23,9,2.5175863104937317,0.032690846364967475,0.9195468236610299,15,18.99853616179188,3.952679680172732,11.10895819967587,0.7817310115767478,0.622400700406054,0.3399852329502836,0.5011619315356732,103,6,8,3.6420319176324973,0.10665833331884134,0.9705914991715919,15,32.57622859544163,4.325219734073077,12.512544251671306,0.9248648192705397,0.7162513993484524,0.32293872868917944,0.616747545377104,100
6,126,477.70160400888165,64.88397272973303,23,9,2.4964581009536686,0.031001035830367767,0.9173164225234626,15,18.95196797072131,3.9495924458526277,11.097912325261376,0.7492933110787878,0.5936923271921574,0.30833001096325324,0.47252897083196843,103,6,8,3.637130292977608,0.10653693959215198,0.9705241477872332,15,32.77276280610445,4.32281323214852,12.530181118413761,0.9129342418414963,0.6997822786102127,0.3227508928507155,0.6017846848729804,100
6,127,477.70160400888165,64.88397272973303,23,9,2.4964581009536686,0.031001035830367767,0.9173164225234626,15,18.95196797072131,3.9495924458526277,11.097912325261376,0.7492933110787878,0.5936923271921574,0.30833001096325324,0.47252897083196843,103,6,8,3.637130292977608,0.10653693959215198,0.9705241477872332,15,32.77276280610445,4.32281323214852,12.530181118413761,0.9129342418414963,0.6997822786102127,0.3227508928507155,0.6017846848729804,100
6,128,477.70160400888165,64.88397272973303,23,9,2.4964581009536686,0.031001035830367767,0.9173164225234626,15,18.95196797072131,3.9495924458526277,11.097912325261376,0.7492933110787878,0.5936923271921574,0.30833001096325324,0.47252897083196843,103,6,8,3.637130292977608,0.10653693959215198,0.9705241477872332,15,32.77276280610445,4.32281323214852,12.530181118413761,0.9129342418414963,0.6997822786102127,0.3227508928507155,0.6017846848729804,100
6,129,477.70160400888165,64.88397272973303,23,9,2.4964581009536686,0.031001035830367767,0.9173164225234626,15,18.95196797072131,3.9495924458526277,11.097912325261376,0.7492933110787878,0.5936923271921574,0.30833001096325324,0.47252897083196843,103,6,8,3.637130292977608,0.10653693959215198,0.9705241477872332,15,32.77276280610445,4.32281323214852,12.530181118413761,0.9129342418414963,0.6997822786102127,0.3227508928507155,0.6017846848729804,100
6,130,477.70160400888165,70.82104890813592,23,9,2.4964581009536686,0.031001035830367767,0.9173164225234626,15,18.95196797072131,3.9495924458526277,11.097912325261376,0.7492933110787878,0.5936923271921574,0.30833001096325324,0.47252897083196843,103,6,8,3.637130292977608,0.10653693959215198,0.9705241477872332,15,32.77276280610445,4.32281323214852,12.530181118413761,0.9129342418414963,0.6997822786102127,0.3227508928507155,0.6017846848729804,100
6,131,460.743548342065,70.82104890813592,23,8,3.2020453841637333,0.02231063765821954,0.9586858467463628,16,22.189217225084327,3.971209740240748,12.063471652614872,0.6507748112383908,0.5214479055350292,0.28458767717731287,0.37160162248971573,104,6,9,3.306183291192191,0.05629205695649545,0.9622405390306549,16,36.05017828859258,4.378448868648058,13.490352381819667,0.8971317535764759,0.6571183507956895,0.3061159470307739,0.6194512168261076,98
6,132,460.743548342065,70.82104890813592,23,8,3.2020453841637333,0.02231063765821954,0.9586858467463628,16,22.189217225084327,3.971209740240748,12.063471652614872,0.6507748112383908,0.5214479055350292,0.28458767717731287,0.37160162248971573,104,6,9,3.306183291192191,0.05629205695649545,0.9622405390306549,16,36.05017828859258,4.378448868648058,13.490352381819667,0.8971317535764759,0.6571183507956895,0.3061159470307739,0.6194512168261076,98
6,133,460.743548342065,70.82104890813592,23,8,3.2020453841637333,0.02231063765821954,0.9586858467463628,16,22.189217225084327,3.971209740240748,12.063471652614872,0.6507748112383908,0.5214479055350292,0.28458767717731287,0.37160162248971573,104,6,9,3.306183291192191,0.05629205695649545,0.9622405390306549,16,36.05017828859258,4.378448868648058,13.490352381819667,0.8971317535764759,0.6571183507956895,0.3061159470307739,0.6194512168261076,98
6,134,460.743548342065,70.82104890813592,23,8,3.2020453841637333,0.02231063765821954,0.9586858467463628,16,22.189217225084327,3.971209740240748,12.063471652614872,0.6507748112383908,0.5214479055350292,0.28458767717731287,0.37160162248971573,104,6,9,3.306183291192191,0.05629205695649545,0.9622405390306549,16,36.05017828859258,4.378448868648058,13.490352381819667,0.8971317535764759,0.6571183507956895,0.3061159470307739,0.6194512168261076,98
6,135,460.743548342065,70.82104890813592,23,8,3.2020453841637333,0.02231063765821954,0.9586858467463628,16,22.189217225084327,3.971209740240748,12.063471652614872,0.6507748112383908,0.5214479055350292,0.28458767717731287,0.37160162248971573,104,6,9,3.306183291192191,0.05629205695649545,0.9622405390306549,16,36.05017828859258,4.378448868648058,13.490352381819667,0.8971317535764759,0.6571183507956895,0.3061159470307739,0.6194512168261076,98
6,136,447.57543157363807,70.82104890813592,23,8,3.2076791702852474,0.02230394174188906,0.9589196207772153,16,22.190803417423364,3.970883771926113,12.061958960594136,0.6382236751437297,0.5089161753597862,0.27738124667582686,0.3604652040961056,104,6,9,3.312652049140279,0.0562361256256928,0.9625498195753934,16,36.076938373567124,4.378174484667026,13.491744618217073,0.8970341847633339,0.6568638063958016,0.30607624212402046,0.6192808519258846,98
6,137,447.57543157363807,70.82104890813592,23,8,3.2076791702852474,0.02230394174188906,0.9589196207772153,16,22.190803417423364,3.970883771926113,12.061958960594136,0.6382236751437297,0.5089161753597862,0.27738124667582686,0.3604652040961056,104,6,9,3.312652049140279,0.0562361256256928,0.9625498195753934,16,36.076938373567124,4.378174484667026,13.491744618217073,0.8970341847633339,0.6568638063958016,0.30607624212402046,0.6192808519258846,98
6,138,447.57543157363807,70.82104890813592,23,8,3.2076791702852474,0.02230394174188906,0.9589196207772153,16,22.190803417423364,3.970883771926113,12.061958960594136,0.6382236751437297,0.5089161753597862,0.27738124667582686,0.3604652040961056,104,6,9,3.312652049140279,0.0562361256256928,0.9625498195753934,16,36.076938373567124,4.378174484667026,13.491744618217073,0.8970341847633339,0.6568638063958016,0.30607624212402046,0.6192808519258846,98
6,139,447.57543157363807,70.82104890813592,23,8,3.2076791702852474,0.02230394174188906,0.9589196207772153,16,22.190803417423364,3.970883771926113,12.061958960594136,0.6382236751437297,0.5089161753597862,0.27738124667582686,0.3604652040961056,104,6,9,3.312652049140279,0.0562361256256928,0.9625498195753934,16,36.076938373567124,4.378174484667026,13.491744618217073,0.8970341847633339,0.6568638063958016,0.30607624212402046,0.6192808519258846,98
6,140,447.57543157363807,76.98424420758235,23,8,3.2076791702852474,0.02230394174188906,0.9589196207772153,16,22.190803417423364,3.970883771926113,12.061958960594136,0.6382236751437297,0.5089161753597862,0.27738124667582686,0.3604652040961056,104,6,9,3.312652049140279,0.0562361256256928,0.9625498195753934,16,36.076938373567124,4.378174484667026,13.491744618217073,0.8970341847633339,0.6568638063958016,0.30607624212402046,0.6192808519258846,98
6,141,437.10614774715566,76.98424420758235,24,8,3.1688575505106917,0.01205400214220039,0.9592868146305468,17,25.36311517279812,3.982818376221481,13.02195100098288,0.6205531470992708,0.51086696359446,0.29631934821582245,0.3480197549985415,101,6,10,3.1871319013546935,0.02649067094238629,0.954124068105156,17,39.265703590721984,4.404625430546353,14.445588394221692,0.9917113638264254,0.6802767521528149,0.30045284467977995,0.8085316571358204,96
6,142,437.10614774715566,76.98424420758235,24,8,3.1688575505106917,0.01205400214220039,0.9592868146305468,17,25.36311517279812,3.982818376221481,13.02195100098288,0.6205531470992708,0.51086696359446,0.29631934821582245,0.3480197549985415,101,6,10,3.1871319013546935,0.02649067094238629,0.954124068105156,17,39.265703590721984,4.404625430546353,14.445588394221692,0.9917113638264254,0.6802767521528149,0.30045284467977995,0.8085316571358204,96
6,143,437.10614774715566,76.98424420758235,24,8,3.1688575505106917,0.01205400214220039,0.9592868146305468,17,25.36311517279812,3.982818376221481,13.02195100098288,0.6205531470992708,0.51086696359446,0.29631934821582245,0.3480197549985415,101,6,10,3.1871319013546935,0.02649067094238629,0.954124068105156,17,39.265703590721984,4.404625430546353,14.445588394221692,0.9917113638264254,0.6802767521528149,0.30045284467977995,0.8085316571358204,96
6,144,437.10614774715566,76.98424420758235,24,8,3.1688575505106917,0.01205400214220039,0.9592868146305468,17,25.36311517279812,3.982818376221481,13.02195100098288,0.6205531470992708,0.51086696359446,0.29631934821582245,0.3480197549985415,101,6,10,3.1871319013546935,0.02649067094238629,0.954124068105156,17,39.265703590721984,4.404625430546353,14.445588394221692,0.9917113638264254,0.6802767521528149,0.30045284467977995,0.8085316571358204,96
6,145,437.10614774715566,76.98424420758235,24,8,3.1688575505106917,0.01205400214220039,0.9592868146305468,17,25.36311517279812,3.982818376221481,13.02195100098288,0.6205531470992708,0.51086696359446,0.29631934821582245,0.3480197549985415,101,6,10,3.1871319013546935,0.02649067094238629,0.954124068105156,17,39.265703590721984,4.404625430546353,14.445588394221692,0.9917113638264254,0.6802767521528149,0.30045284467977995,0.8085316571358204,96
6,146,427.03967530753266,76.98424420758235,24,8,3.1682199320212416,0.0120325544614992,0.9592600880029228,17,25.39025920018189,3.9826318653116646,13.022025609919494,0.6302579090564372,0.5177339433591533,0.29586734840260637,0.35913357796620426,101,6,10,3.1922359229166286,0.026488511347428505,0.9545009371528281,17,39.27618752397228,4.404609091469568,14.445839396515725,0.9905132895040655,0.6785534607754137,0.30044992971799084,0.8066217610612004,96
6,147,427.03967530753266,76.98424420758235,24,8,3.1682199320212416,0.0120325544614992,0.9592600880029228,17,25.39025920018189,3.9826318653116646,13.022025609919494,0.6302579090564372,0.5177339433591533,0.29586734840260637,0.35913357796620426,101,6,10,3.1922359229166286,0.026488511347428505,0.9545009371528281,17,39.27618752397228,4.404609091469568,14.445839396515725,0.9905132895040655,0.6785534607754137,0.30044992971799084,0.8066217610612004,96
6,148,427.03967530753266,76.98424420758235,24,8,3.1682199320212416,0.0120325544614992,0.9592600880029228,17,25.39025920018189,3.9826318653116646,13.022025609919494,0.6302579090564372,0.5177339433591533,0.29586734840260637,0.35913357796620426,101,6,10,3.1922359229166286,0.026488511347428505,0.9545009371528281,17,39.27618752397228,4.404609091469568,14.445839396515725,0.9905132895040655,0.6785534607754137,0.30044992971799084,0.8066217610612004,96
6,149,427.03967530753266,76.98424420758235,24,8,3.1682199320212416,0.0120325544614992,0.9592600880029228,17,25.39025920018189,3.9826318653116646,13.022025609919494,0.6302579090564372,0.5177339433591533,0.29586734840260637,0.35913357796620426,101,6,10,3.1922359229166286,0.026488511347428505,0.9545009371528281,17,39.27618752397228,4.404609091469568,14.445839396515725,0.9905132895040655,0.6785534607754137,0.30044992971799084,0.8066217610612004,96
6,150,427.03967530753266,84.25888390527868,24,8,3.1682199320212416,0.0120325544614992,0.9592600880029228,17,25.39025920018189,3.9826318653116646,13.022025609919494,0.6302579090564372,0.5177339433591533,0.29586734840260637,0.35913357796620426,101,6,10,3.1922359229166286,0.026488511347428505,0.9545009371528281,17,39.27618752397228,4.404609091469568,14.445839396515725,0.9905132895040655,0.6785534607754137,0.30044992971799084,0.8066217610612004,96
6,151,417.18881288583947,84.25888390527868,24,7,3.1344489402635625,0.008287760070731398,0.9579142409789828,18,28.474124233200993,3.9899658795963386,13.977685623323234,0.6290275246635176,0.5153121289068869,0.2995180904296247,0.3466642016832912,101,6,11,3.7576399362273563,0.014717287089002403,0.9749341879642789,18,43.02985736163678,4.419310223219484,15.420870770798134,1.2054005237773457,0.7861620433117456,0.3040512729256474,1.267166477830096,95
6,152,417.18881288583947,84.25888390527868,24,7,3.1344489402635625,0.008287760070731398,0.9579142409789828,18,28.474124233200993,3.9899658795963386,13.977685623323234,0.6290275246635176,0.5153121289068869,0.2995180904296247,0.3466642016832912,101,6,11,3.7576399362273563,0.014717287089002403,0.9749341879642789,18,43.02985736163678,4.419310223219484,15.420870770798134,1.2054005237773457,0.7861620433117456,0.3040512729256474,1.267166477830096,95
6,153,417.18881288583947,84.25888390527868,24,7,3.1344489402635625,0.008287760070731398,0.9579142409789828,18,28.474124233200993,3.9899658795963386,13.977685623323234,0.6290275246635176,0.5153121289068869,0.2995180904296247,0.3466642016832912,101,6,11,3.7576399362273563,0.014717287089002403,0.9749341879642789,18,43.02985736163678,4.419310223219484,15.420870770798134,1.2054005237773457,0.7861620433117456,0.3040512729256474,1.267166477830096,95
6,154,417.18881288583947,84.25888390527868,24,7,3.1344489402635625,0.008287760070731398,0.9579142409789828,18,28.474124233200993,3.9899658795963386,13.977685623323234,0.6290275246635176,0.5153121289068869,0.2995180904296247,0.3466642016832912,101,6,11,3.7576399362273563,0.014717287089002403,0.9749341879642789,18,43.02985736163678,4.419310223219484,15.420870770798134,1.2054005237773457,0.7861620433117456,0.3040512729256474,1.267166477830096,95
6,155,417.18881288583947,84.25888390527868,24,7,3.1344489402635625,0.008287760070731398,0.9579142409789828,18,28.474124233200993,3.9899658795963386,13.977685623323234,0.6290275246635176,0.5153121289068869,0.2995180904296247,0.3466642016832912,101,6,11,3.7576399362273563,0.014717287089002403,0.9749341879642789,18,43.02985736163678,4.419310223219484,15.420870770798134,1.2054005237773457,0.7861620433117456,0.3040512729256474,1.267166477830096,95
6,156,410.666696293883,84.25888390527868,24,7,3.1021803493327993,0.007813496055531019,0.9566036595703871,18,28.651419945286285,3.9779422032101213,13.987747876155716,0.6011486365811135,0.4916678842989432,0.2927506834610162,0.3583467285187359,101,6,11,3.7584878727634785,0.014717035697787373,0.9749671133303334,18,43.026036806163674,4.419290663193545,15.421045341421669,1.2058245592139918,0.7871816433642811,0.3040481608276581,1.2678824984690826,95
6,157,410.666696293883,84.25888390527868,24,7,3.1021803493327993,0.007813496055531019,0.9566036595703871,18,28.651419945286285,3.9779422032101213,13.987747876155716,0.6011486365811135,0.4916678842989432,0.2927506834610162,0.3583467285187359,101,6,11,3.7584878727634785,0.014717035697787373,0.9749671133303334,18,43.026036806163674,4.419290663193545,15.421045341421669,1.2058245592139918,0.7871816433642811,0.3040481608276581,1.2678824984690826,95
6,158,410.666696293883,84.25888390527868,24,7,3.1021803493327993,0.007813496055531019,0.9566036595703871,18,28.651419945286285,3.9779422032101213,13.987747876155716,0.6011486365811135,0.4916678842989432,0.2927506834610162,0.3583467285187359,101,6,11,3.7584878727634785,0.014717035697787373,0.9749671133303334,18,43.026036806163674,4.419290663193545,15.421045341421669,1.2058245592139918,0.7871816433642811,0.3040481608276581,1.2678824984690826,95
6,159,410.666696293883,84.25888390527868,24,7,3.1021803493327993,0.007813496055531019,0.9566036595703871,18,28.651419945286285,3.9779422032101213,13.987747876155716,0.6011486365811135,0.4916678842989432,0.2927506834610162,0.3583467285187359,101,6,11,3.7584878727634785,0.014717035697787373,0.9749671133303334,18,43.026036806163674,4.419290663193545,15.421045341421669,1.2058245592139918,0.7871816433642811,0.3040481608276581,1.2678824984690826,95
6,160,410.666696293883,92.28962363407351,24,7,3.1021803493327993,0.007813496055531019,0.9566036595703871,18,28.651419945286285,3.9779422032101213,13.987747876155716,0.6011486365811135,0.4916678842989432,0.2927506834610162,0.3583467285187359,101,6,11,3.7584878727634785,0.014717035697787373,0.9749671133303334,18,43.026036806163674,4.419290663193545,15.421045341421669,1.2058245592139918,0.7871816433642811,0.3040481608276581,1.2678824984690826,95
6,161,401.68646778153845,92.28962363407351,23,7,3.4482396166467324,0.010868218401444954,0.9675169744024833,19,31.979645191667966,3.9755132653498584,14.949669345354623,0.5891055887874743,0.4591864188357979,0.26454463798357036,0.3425225717147327,102,6,12,4.71246622508206,0.007059705216593677,0.9904736440463265,19,47.737503445665084,4.426342415566665,16.4112178649674,1.3958510457196114,0.8996530632651893,0.30623574580317375,1.7501448069224501,95
6,162,401.68646778153845,92.28962363407351,23,7,3.4482396166467324,0.010868218401444954,0.9675169744024833,19,31.979645191667966,3.9755132653498584,14.949669345354623,0.5891055887874743,0.4591864188357979,0.26454463798357036,0.3425225717147327,102,6,12,4.71246622508206,0.007059705216593677,0.9904736440463265,19,47.737503445665084,4.426342415566665,16.4112178649674,1.3958510457196114,0.8996530632651893,0.30623574580317375,1.7501448069224501,95
6,163,401.68646778153845,92.28962363407351,23,7,3.4482396166467324,0.010868218401444954,0.9675169744024833,19,31.979645191667966,3.9755132653498584,14.949669345354623,0.5891055887874743,0.4591864188357979,0.26454463798357036,0.3425225717147327,102,6,12,4.71246622508206,0.007059705216593677,0.9904736440463265,19,47.737503445665084,4.426342415566665,16.4112178649674,1.3958510457196114,0.8996530632651893,0.30623574580317375,1.7501448069224501,95
6,164,401.68646778153845,92.28962363407351,23,7,3.4482396166467324,0.010868218401444954,0.9675169744024833,19,31.979645191667966,3.9755132653498584,14.949669345354623,0.5891055887874743,0.4591864188357979,0.26454463798357036,0.3425225717147327,102,6,12,4.71246622508206,0.007059705216593677,0.9904736440463265,19,47.737503445665084,4.426342415566665,16.4112178649674,1.3958510457196114,0.8996530632651893,0.30623574580317375,1.7501448069224501,95
6,165,401.68646778153845,92.28962363407351,23,7,3.4482396166467324,0.010868218401444954,0.9675169744024833,19,31.979645191667966,3.9755132653498584,14.949669345354623,0.5891055887874743,0.4591864188357979,0.26454463798357036,0.3425225717147327,102,6,12,4.71246622508206,0.007059705216593677,0.9904736440463265,19,47.737503445665084,4.426342415566665,16.4112178649674,1.3958510457196114,0.8996530632651893,0.30623574580317375,1.7501448069224501,95
6,166,392.5117954137593,92.28962363407351,23,7,3.4479557135790757,0.010859981009667083,0.9675158205076421,19,32.06016564752694,3.971440832687497,14.957028869386127,0.6124281375834385,0.4728820194696057,0.25890134964807027,0.3678471986827964,102,6,12,4.712554855451759,0.007059488974250387,0.9904747694518946,19,47.7369754946973,4.426327426128962,16.411196987196348,1.395261924023205,0.8992861972143906,0.3062281525576576,1.7485426832421758,95
6,167,392.5117954137593,92.28962363407351,23,7,3.4479557135790757,0.010859981009667083,0.9675158205076421,19,32.06016564752694,3.971440832687497,14.957028869386127,0.6124281375834385,0.4728820194696057,0.25890134964807027,0.3678471986827964,102,6,12,4.712554855451759,0.007059488974250387,0.9904747694518946,19,47.7369754946973,4.426327426128962,16.411196987196348,1.395261924023205,0.8992861972143906,0.3062281525576576,1.7485426832421758,95
6,168,392.5117954137593,92.28962363407351,23,7,3.4479557135790757,0.010859981009667083,0.9675158205076421,19,32.06016564752694,3.971440832687497,14.957028869386127,0.6124281375834385,0.4728820194696057,0.25890134964807027,0.3678471986827964,102,6,12,4.712554855451759,0.007059488974250387,0.9904747694518946,19,47.7369754946973,4.426327426128962,16.411196987196348,1.395261924023205,0.8992861972143906,0.3062281525576576,1.7485426832421758,95
6,169,392.5117954137593,92.28962363407351,23,7,3.4479557135790757,0.010859981009667083,0.9675158205076421,19,32.06016564752694,3.971440832687497,14.957028869386127,0.6124281375834385,0.4728820194696057,0.25890134964807027,0.3678471986827964,102,6,12,4.712554855451759,0.007059488974250387,0.9904747694518946,19,47.7369754946973,4.426327426128962,16.411196987196348,1.395261924023205,0.8992861972143906,0.3062281525576576,1.7485426832421758,95
6,170,392.5117954137593,101.10287895533403,23,7,3.4479557135790757,0.010859981009667083,0.9675158205076421,19,32.06016564752694,3.971440832687497,14.957028869386127,0.6124281375834385,0.4728820194696057,0.25890134964807027,0.3678471986827964,102,6,12,4.712554855451759,0.007059488974250387,0.9904747694518946,19,47.7369754946973,4.426327426128962,16.411196987196348,1.395261924023205,0.8992861972143906,0.3062281525576576,1.7485426832421758,95
6,171,386.36142650399177,101.10287895533403,22,7,3.0289312434510385,0.022223794528113145,0.9506640458529384,20,35.05908251993164,3.992872789119596,15.904497437650289,0.5816967174676401,0.4403694689455164,0.23690440824223352,0.33191438713495125,102,6,13,5.556737942539826,0.006022315801801496,0.9959436638925069,20,53.26833140538532,4.432309138986279,17.405066928038078,1.5156118612502736,0.9655458595450848,0.3015232082952306,2.0961260715971104,97
6,172,386.36142650399177,101.10287895533403,22,7,3.0289312434510385,0.022223794528113145,0.9506640458529384,20,35.05908251993164,3.992872789119596,15.904497437650289,0.5816967174676401,0.4403694689455164,0.23690440824223352,0.33191438713495125,102,6,13,5.556737942539826,0.006022315801801496,0.9959436638925069,20,53.26833140538532,4.432309138986279,17.405066928038078,1.5156118612502736,0.9655458595450848,0.3015232082952306,2.0961260715971104,97
6,173,386.36142650399177,101.10287895533403,22,7,3.0289312434510385,0.022223794528113145,0.9506640458529384,20,35.05908251993164,3.992872789119596,15.904497437650289,0.5816967174676401,0.4403694689455164,0.23690440824223352,0.33191438713495125,102,6,13,5.556737942539826,0.006022315801801496,0.9959436638925069,20,53.26833140538532,4.432309138986279,17.405066928038078,1.5156118612502736,0.9655458595450848,0.3015232082952306,2.0961260715971104,97
6,174,386.36142650399177,101.10287895533403,22,7,3.0289312434510385,0.022223794528113145,0.9506640458529384,20,35.05908251993164,3.992872789119596,15.904497437650289,0.5816967174676401,0.4403694689455164,0.23690440824223352,0.33191438713495125,102,6,13,5.556737942539826,0.006022315801801496,0.9959436638925069,20,53.26833140538532,4.432309138986279,17.405066928038078,1.5156118612502736,0.9655458595450848,0.3015232082952306,2.0961260715971104,97
6,175,386.36142650399177,101.10287895533403,22,7,3.0289312434510385,0.022223794528113145,0.9506640458529384,20,35.05908251993164,3.992872789119596,15.904497437650289,0.5816967174676401,0.4403694689455164,0.23690440824223352,0.33191438713495125,102,6,13,5.556737942539826,0.006022315801801496,0.9959436638925069,20,53.26833140538532,4.432309138986279,17.405066928038078,1.5156118612502736,0.9655458595450848,0.3015232082952306,2.0961260715971104,97
6,176,379.24996378827103,101.10287895533403,22,7,3.028243808759315,0.02222347553242236,0.9506240268067984,20,35.05200323688806,3.9926970775689745,15.903729013108071,0.587018788985377,0.44728167893225335,0.22385210011830464,0.3224352430976611,102,6,13,5.555858200462289,0.006017619253420074,0.9959385842307418,20,53.224469883872196,4.431874977096666,17.399033969958342,1.5262759417091163,0.9711996929908839,0.2993379731239565,2.1309739226482436,97
6,177,379.24996378827103,101.10287895533403,22,7,3.028243808759315,0.02222347553242236,0.9506240268067984,20,35.05200323688806,3.9926970775689745,15.903729013108071,0.587018788985377,0.44728167893225335,0.22385210011830464,0.3224352430976611,102,6,13,5.555858200462289,0.006017619253420074,0.9959385842307418,20,53.224469883872196,4.431874977096666,17.399033969958342,1.5262759417091163,0.9711996929908839,0.2993379731239565,2.1309739226482436,97
6,178,379.24996378827103,101.10287895533403,22,7,3.028243808759315,0.02222347553242236,0.9506240268067984,20,35.05200323688806,3.9926970775689745,15.903729013108071,0.587018788985377,0.44728167893225335,0.22385210011830464,0.3224352430976611,102,6,13,5.555858200462289,0.006017619253420074,0.9959385842307418,20,53.224469883872196,4.431874977096666,17.399033969958342,1.5262759417091163,0.9711996929908839,0.2993379731239565,2.1309739226482436,97
6,179,379.24996378827103,101.10287895533403,22,7,3.028243808759315,0.02222347553242236,0.9506240268067984,20,35.05200323688806,3.9926970775689745,15.903729013108071,0.587018788985377,0.44728167893225335,0.22385210011830464,0.3224352430976611,102,6,13,5.555858200462289,0.006017619253420074,0.9959385842307418,20,53.224469883872196,4.431874977096666,17.399033969958342,1.5262759417091163,0.9711996929908839,0.2993379731239565,2.1309739226482436,97
6,180,379.24996378827103,111.12728448781037,22,7,3.028243808759315,0.02222347553242236,0.9506240268067984,20,35.05200323688806,3.9926970775689745,15.903729013108071,0.587018788985377,0.44728167893225335,0.22385210011830464,0.3224352430976611,102,6,13,5.555858200462289,0.006017619253420074,0.9959385842307418,20,53.224469883872196,4.431874977096666,17.399033969958342,1.5262759417091163,0.9711996929908839,0.2993379731239565,2.1309739226482436,97
6,181,371.13341649421284,111.12728448781037,22,6,3.226786039720578,0.013895535546302148,0.958691889146729,21,38.284670933637074,4.006296118400568,16.86160346077237,0.5001877413519891,0.377289845107317,0.21691355789424338,0.27792630935837187,102,6,14,6.466616262580627,0.0057445260243465706,0.9983721785250417,21,59.603111424360115,4.436967158596646,18.392374928709405,1.5898414486887138,0.9872695151635437,0.2718738479715112,2.359473892508934,100
6,182,371.13341649421284,111.12728448781037,22,6,3.226786039720578,0.013895535546302148,0.958691889146729,21,38.284670933637074,4.006296118400568,16.86160346077237,0.5001877413519891,0.377289845107317,0.21691355789424338,0.27792630935837187,102,6,14,6.466616262580627,0.0057445260243465706,0.9983721785250417,21,59.603111424360115,4.436967158596646,18.392374928709405,1.5898414486887138,0.9872695151635437,0.2718738479715112,2.359473892508934,100
6,183,371.13341649421284,111.12728448781037,22,6,3.226786039720578,0.013895535546302148,0.958691889146729,21,38.284670933637074,4.006296118400568,16.86160346077237,0.5001877413519891,0.377289845107317,0.21691355789424338,0.27792630935837187,102,6,14,6.466616262580627,0.0057445260243465706,0.9983721785250417,21,59.603111424360115,4.436967158596646,18.392374928709405,1.5898414486887138,0.9872695151635437,0.2718738479715112,2.359473892508934,100
6,184,371.13341649421284,111.12728448781037,22,6,3.226786039720578,0.013895535546302148,0.958691889146729,21,38.284670933637074,4.006296118400568,16.86160346077237,0.5001877413519891,0.377289845107317,0.21691355789424338,0.27792630935837187,102,6,14,6.466616262580627,0.0057445260243465706,0.9983721785250417,21,59.603111424360115,4.436967158596646,18.392374928709405,1.5898414486887138,0.9872695151635437,0.2718738479715112,2.359473892508934,100
6,185,371.13341649421284,111.12728448781037,22,6,3.226786039720578,0.013895535546302148,0.958691889146729,21,38.284670933637074,4.006296118400568,16.86160346077237,0.5001877413519891,0.377289845107317,0.21691355789424338,0.27792630935837187,102,6,14,6.466616262580627,0.0057445260243465706,0.9983721785250417,21,59.603111424360115,4.436967158596646,18.392374928709405,1.5898414486887138,0.9872695151635437,0.2718738479715112,2.359473892508934,100
6,186,363.6737922227718,111.12728448781037,22,6,3.2164812605662854,0.013877180919413368,0.9583950029678157,21,38.22711678137301,4.00581409574102,16.85955128014632,0.4531515068114429,0.32755097907551667,0.20669792703901227,0.2528369013404886,102,6,14,6.468094490537645,0.00574164764935788,0.998374864953164,21,59.62654361234145,4.436522276819439,18.391121932491178,1.5870850263269989,0.9805547345498324,0.26043950603608335,2.3430797641040315,100
6,187,363.6737922227718,111.12728448781037,22,6,3.2164812605662854,0.013877180919413368,0.9583950029678157,21,38.22711678137301,4.00581409574102,16.85955128014632,0.4531515068114429,0.32755097907551667,0.20669792703901227,0.2528369013404886,102,6,14,6.468094490537645,0.00574164764935788,0.998374864953164,21,59.62654361234145,4.436522276819439,18.391121932491178,1.5870850263269989,0.9805547345498324,0.26043950603608335,2.3430797641040315,100
6,188,363.6737922227718,111.12728448781037,22,6,3.2164812605662854,0.013877180919413368,0.9583950029678157,21,38.22711678137301,4.00581409574102,16.85955128014632,0.4531515068114429,0.32755097907551667,0.20669792703901227,0.2528369013404886,102,6,14,6.468094490537645,0.00574164764935788,0.998374864953164,21,59.62654361234145,4.436522276819439,18.391121932491178,1.5870850263269989,0.9805547345498324,0.26043950603608335,2.3430797641040315,100
6,189,363.6737922227718,111.12728448781037,22,6,3.2164812605662854,0.013877180919413368,0.9583950029678157,21,38.22711678137301,4.00581409574102,16.85955128014632,0.4531515068114429,0.32755097907551667,0.20669792703901227,0.2528369013404886,102,6,14,6.468094490537645,0.00574164764935788,0.998374864953164,21,59.62654361234145,4.436522276819439,18.391121932491178,1.5870850263269989,0.9805547345498324,0.26043950603608335,2.3430797641040315,100
6,190,363.6737922227718,122.55879088857245,22,6,3.2164812605662854,0.013877180919413368,0.9583950029678157,21,38.22711678137301,4.00581409574102,16.85955128014632,0.4531515068114429,0.32755097907551667,0.20669792703901227,0.2528369013404886,102,6,14,6.468094490537645,0.00574164764935788,0.998374864953164,21,59.62654361234145,4.436522276819439,18.391121932491178,1.5870850263269989,0.9805547345498324,0.26043950603608335,2.3430797641040315,100
6,191,354.7600632591965,122.55879088857245,23,6,3.4942538149036726,0.012511345960392606,0.9690141827452484,22,41.728097901937396,4.017372904411711,17.82894628995754,0.455126362485657,0.33664800056428335,0.1938292881893182,0.24135218155524346,99,6,15,7.762004416518065,0.007153518183419065,0.9995507106389677,22,67.32639406923468,4.44318402621114,19.388633345245253,1.6630533654055057,1.0362974632911908,0.2569569223581574,2.577110139439642,102
6,192,354.7600632591965,122.55879088857245,23,6,3.4942538149036726,0.012511345960392606,0.9690141827452484,22,41.728097901937396,4.017372904411711,17.82894628995754,0.455126362485657,0.33664800056428335,0.1938292881893182,0.24135218155524346,99,6,15,7.762004416518065,0.007153518183419065,0.9995507106389677,22,67.32639406923468,4.44318402621114,19.388633345245253,1.6630533654055057,1.0362974632911908,0.2569569223581574,2.577110139439642,102
6,193,354.7600632591965,122.55879088857245,23,6,3.4942538149036726,0.012511345960392606,0.9690141827452484,22,41.728097901937396,4.017372904411711,17.82894628995754,0.455126362485657,0.33664800056428335,0.1938292881893182,0.24135218155524346,99,6,15,7.762004416518065,0.007153518183419065,0.9995507106389677,22,67.32639406923468,4.44318402621114,19.388633345245253,1.6630533654055057,1.0362974632911908,0.2569569223581574,2.577110139439642,102
6,194,354.7600632591965,122.55879088857245,23,6,3.4942538149036726,0.012511345960392606,0.9690141827452484,22,41.728097901937396,4.017372904411711,17.82894628995754,0.455126362485657,0.33664800056428335,0.1938292881893182,0.24135218155524346,99,6,15,7.762004416518065,0.007153518183419065,0.9995507106389677,22,67.32639406923468,4.44318402621114,19.388633345245253,1.6630533654055057,1.0362974632911908,0.2569569223581574,2.577110139439642,102
6,195,354.7600632591965,122.55879088857245,23,6,3.4942538149036726,0.012511345960392606,0.9690141827452484,22,41.728097901937396,4.017372904411711,17.82894628995754,0.455126362485657,0.33664800056428335,0.1938292881893182,0.24135218155524346,99,6,15,7.762004416518065,0.007153518183419065,0.9995507106389677,22,67.32639406923468,4.44318402621114,19.388633345245253,1.6630533654055057,1.0362974632911908,0.2569569223581574,2.577110139439642,102
6,196,348.3001246232624,122.55879088857245,23,6,3.550205334992121,0.011914877569464225,0.9712106073628476,22,41.750403036885054,4.015817789224933,17.831686821375428,0.4386723718654376,0.31451385537691157,0.17840802695643643,0.22957664630043267,99,6,15,7.761538007360582,0.007152743551441576,0.9995505490361976,22,67.5527035400071,4.440977252025922,19.395549428260054,1.6625912653616521,1.0343166575416376,0.2566627077470185,2.5765598077503467,102
6,197,348.3001246232624,122.55879088857245,23,6,3.550205334992121,0.011914877569464225,0.9712106073628476,22,41.750403036885054,4.015817789224933,17.831686821375428,0.4386723718654376,0.31451385537691157,0.17840802695643643,0.22957664630043267,99,6,15,7.761538007360582,0.007152743551441576,0.9995505490361976,22,67.5527035400071,4.440977252025922,19.395549428260054,1.6625912653616521,1.0343166575416376,0.2566627077470185,2.5765598077503467,102
6,198,348.3001246232624,122.55879088857245,23,6,3.550205334992121,0.011914877569464225,0.9712106073628476,22,41.750403036885054,4.015817789224933,17.831686821375428,0.4386723718654376,0.31451385537691157,0.17840802695643643,0.22957664630043267,99,6,15,7.761538007360582,0.007152743551441576,0.9995505490361976,22,67.5527035400071,4.440977252025922,19.395549428260054,1.6625912653616521,1.0343166575416376,0.2566627077470185,2.5765598077503467,102
6,199,348.3001246232624,122.55879088857245,23,6,3.550205334992121,0.011914877569464225,0.9712106073628476,22,41.750403036885054,4.015817789224933,17.831686821375428,0.4386723718654376,0.31451385537691157,0.17840802695643643,0.22957664630043267,99,6,15,7.761538007360582,0.007152743551441576,0.9995505490361976,22,67.5527035400071,4.440977252025922,19.395549428260054,1.6625912653616521,1.0343166575416376,0.2566627077470185,2.5765598077503467,102
6,200,348.3001246232624,135.03508167163486,23,6,3.550205334992121,0.011914877569464225,0.9712106073628476,22,41.750403036885054,4.015817789224933,17.831686821375428,0.4386723718654376,0.31451385537691157,0.17840802695643643,0.22957664630043267,99,6,15,7.761538007360582,0.007152743551441576,0.9995505490361976,22,67.5527035400071,4.440977252025922,19.395549428260054,1.6625912653616521,1.0343166575416376,0.2566627077470185,2.5765598077503467,102
6,201,347.0139916778517,135.03508167163486,24,6,3.352729987103294,0.011305926861895318,0.9659484467218626,23,45.081757564291266,4.0241612771390125,18.79551256089174,0.4505137260408372,0.33188439953875104,0.1861130062171127,0.21947557269558704,96,6,16,9.076829956343513,0.005307570101237391,0.9998825783131989,23,76.52675077110072,4.44614322765328,20.393656169420375,1.7077869456302637,1.069384179144637,0.25576913750478175,2.719991258422413,103
6,202,347.0139916778517,135.03508167163486,24,6,3.352729987103294,0.011305926861895318,0.9659484467218626,23,45.081757564291266,4.0241612771390125,18.79551256089174,0.4505137260408372,0.33188439953875104,0.1861130062171127,0.21947557269558704,96,6,16,9.076829956343513,0.005307570101237391,0.9998825783131989,23,76.52675077110072,4.44614322765328,20.393656169420375,1.7077869456302637,1.069384179144637,0.25576913750478175,2.719991258422413,103
6,203,347.0139916778517,135.03508167163486,24,6,3.352729987103294,0.011305926861895318,0.9659484467218626,23,45.081757564291266,4.0241612771390125,18.79551256089174,0.4505137260408372,0.33188439953875104,0.1861130062171127,0.21947557269558704,96,6,16,9.076829956343513,0.005307570101237391,0.9998825783131989,23,76.52675077110072,4.44614322765328,20.393656169420375,1.7077869456302637,1.069384179144637,0.25576913750478175,2.719991258422413,103
6,204,347.0139916778517,135.03508167163486,24,6,3.352729987103294,0.011305926861895318,0.9659484467218626,23,45.081757564291266,4.0241612771390125,18.79551256089174,0.4505137260408372,0.33188439953875104,0.1861130062171127,0.21947557269558704,96,6,16,9.076829956343513,0.005307570101237391,0.9998825783131989,23,76.52675077110072,4.44614322765328,20.393656169420375,1.7077869456302637,1.069384179144637,0.25576913750478175,2.719991258422413,103
6,205,347.0139916778517,135.03508167163486,24,6,3.352729987103294,0.011305926861895318,0.9659484467218626,23,45.081757564291266,4.0241612771390125,18.79551256089174,0.4505137260408372,0.33188439953875104,0.1861130062171127,0.21947557269558704,96,6,16,9.076829956343513,0.005307570101237391,0.9998825783131989,23,76.52675077110072,4.44614322765328,20.393656169420375,1.7077869456302637,1.069384179144637,0.25576913750478175,2.719991258422413,103
6,206,344.191751365662,135.03508167163486,24,6,3.2329012912765225,0.011077795130739218,0.961266839818105,23,43.441791998624176,4.022424823134814,18.69019804268511,0.474360197518843,0.35009697445514454,0.18597690528659216,0.2452311120024798,96,6,16,9.076849641679992,0.005307292445660712,0.9998825801237006,23,76.61042970237938,4.419106142019109,20.395883500830795,1.7076378263443541,1.0699244736478952,0.2552474528681736,2.7197693480409573,103
6,207,344.191751365662,135.03508167163486,24,6,3.2329012912765225,0.011077795130739218,0.961266839818105,23,43.441791998624176,4.022424823134814,18.69019804268511,0.474360197518843,0.35009697445514454,0.18597690528659216,0.2452311120024798,96,6,16,9.076849641679992,0.005307292445660712,0.9998825801237006,23,76.61042970237938,4.419106142019109,20.395883500830795,1.7076378263443541,1.0699244736478952,0.2552474528681736,2.7197693480409573,103
6,208,344.191751365662,135.03508167163486,24,6,3.2329012912765225,0.011077795130739218,0.961266839818105,23,43.441791998624176,4.022424823134814,18.69019804268511,0.474360197518843,0.35009697445514454,0.18597690528659216,0.2452311120024798,96,6,16,9.076849641679992,0.005307292445660712,0.9998825801237006,23,76.61042970237938,4.419106142019109,20.395883500830795,1.7076378263443541,1.0699244736478952,0.2552474528681736,2.7197693480409573,103
6,209,344.191751365662,135.03508167163486,24,6,3.2329012912765225,0.011077795130739218,0.961266839818105,23,43.441791998624176,4.022424823134814,18.69019804268511,0.474360197518843,0.35009697445514454,0.18597690528659216,0.2452311120024798,96,6,16,9.076849641679992,0.005307292445660712,0.9998825801237006,23,76.61042970237938,4.419106142019109,20.395883500830795,1.7076378263443541,1.0699244736478952,0.2552474528681736,2.7197693480409573,103
6,210,344.191751365662,147.71092176494162,24,6,3.2329012912765225,0.011077795130739218,0.961266839818105,23,43.441791998624176,4.022424823134814,18.69019804268511,0.474360197518843,0.35009697445514454,0.18597690528659216,0.2452311120024798,96,6,16,9.076849641679992,0.005307292445660712,0.9998825801237006,23,76.61042970237938,4.419106142019109,20.395883500830795,1.7076378263443541,1.0699244736478952,0.2552474528681736,2.7197693480409573,103
6,211,343.9349641701748,147.71092176494162,25,6,3.086887234165353,0.025318863474406966,0.9483817412517125,24,46.4862643683726,4.0474221221273545,19.632602805749716,0.48889819793826594,0.3742805753890597,0.20854303202208724,0.2525836243835732,91,6,17,9.734439916149572,0.005298701576919251,0.9999383307462341,24,86.35783339128253,4.422646608724505,21.38883080544701,1.6966065170132423,1.0555578114390476,0.25167306613367163,2.6917674244335332,104
6,212,343.9349641701748,147.71092176494162,25,6,3.086887234165353,0.025318863474406966,0.9483817412517125,24,46.4862643683726,4.0474221221273545,19.632602805749716,0.48889819793826594,0.3742805753890597,0.20854303202208724,0.2525836243835732,91,6,17,9.734439916149572,0.005298701576919251,0.9999383307462341,24,86.35783339128253,4.422646608724505,21.38883080544701,1.6966065170132423,1.0555578114390476,0.25167306613367163,2.6917674244335332,104
6,213,343.9349641701748,147.71092176494162,25,6,3.086887234165353,0.025318863474406966,0.9483817412517125,24,46.4862643683726,4.0474221221273545,19.632602805749716,0.48889819793826594,0.3742805753890597,0.20854303202208724,0.2525836243835732,91,6,17,9.734439916149572,0.005298701576919251,0.9999383307462341,24,86.35783339128253,4.422646608724505,21.38883080544701,1.6966065170132423,1.0555578114390476,0.25167306613367163,2.6917674244335332,104
6,214,343.9349641701748,147.71092176494162,25,6,3.086887234165353,0.025318863474406966,0.9483817412517125,24,46.4862643683726,4.0474221221273545,19.632602805749716,0.48889819793826594,0.3742805753890597,0.20854303202208724,0.2525836243835732,91,6,17,9.734439916149572,0.005298701576919251,0.9999383307462341,24,86.35783339128253,4.422646608724505,21.38883080544701,1.6966065170132423,1.0555578114390476,0.25167306613367163,2.6917674244335332,104
6,215,343.9349641701748,147.71092176494162,25,6,3.086887234165353,0.025318863474406966,0.9483817412517125,24,46.4862643683726,4.0474221221273545,19.632602805749716,0.48889819793826594,0.3742805753890597,0.20854303202208724,0.2525836243835732,91,6,17,9.734439916149572,0.005298701576919251,0.9999383307462341,24,86.35783339128253,4.422646608724505,21.38883080544701,1.6966065170132423,1.0555578114390476,0.25167306613367163,2.6917674244335332,104
6,216,337.8280163391353,147.71092176494162,25,6,3.1479770407875036,0.025151022252960325,0.9492824713761462,24,46.71855216130674,4.027977565700807,19.643585457173867,0.49918122973309276,0.38016375900011345,0.20829776560795352,0.26307611509382034,91,6,17,9.734512865334361,0.00529868763478436,0.9999383346090659,24,86.35442401545993,4.405732611938579,21.37887307353101,1.6959198139753444,1.0554182540500534,0.2516678508019193,2.689269610686114,104
6,217,337.8280163391353,147.71092176494162,25,6,3.1479770407875036,0.025151022252960325,0.9492824713761462,24,46.71855216130674,4.027977565700807,19.643585457173867,0.49918122973309276,0.38016375900011345,0.20829776560795352,0.26307611509382034,91,6,17,9.734512865334361,0.00529868763478436,0.9999383346090659,24,86.35442401545993,4.405732611938579,21.37887307353101,1.6959198139753444,1.0554182540500534,0.2516678508019193,2.689269610686114,104
6,218,337.8280163391353,147.71092176494162,25,6,3.1479770407875036,0.025151022252960325,0.9492824713761462,24,46.71855216130674,4.027977565700807,19.643585457173867,0.49918122973309276,0.38016375900011345,0.20829776560795352,0.26307611509382034,91,6,17,9.734512865334361,0.00529868763478436,0.9999383346090659,24,86.35442401545993,4.405732611938579,21.37887307353101,1.6959198139753444,1.0554182540500534,0.2516678508019193,2.689269610686114,104
6,219,337.8280163391353,147.71092176494162,25,6,3.1479770407875036,0.025151022252960325,0.9492824713761462,24,46.71855216130674,4.027977565700807,19.643585457173867,0.49918122973309276,0.38016375900011345,0.20829776560795352,0.26307611509382034,91,6,17,9.734512865334361,0.00529868763478436,0.9999383346090659,24,86.35442401545993,4.405732611938579,21.37887307353101,1.6959198139753444,1.0554182540500534,0.2516678508019193,2.689269610686114,104
6,220,337.8280163391353,160.6144661854138,25,6,3.1479770407875036,0.025151022252960325,0.9492824713761462,24,46.71855216130674,4.027977565700807,19.643585457173867,0.49918122973309276,0.38016375900011345,0.20829776560795352,0.26307611509382034,91,6,17,9.734512865334361,0.00529868763478436,0.9999383346090659,24,86.35442401545993,4.405732611938579,21.37887307353101,1.6959198139753444,1.0554182540500534,0.2516678508019193,2.689269610686114,104
6,221,334.53809425187274,160.6144661854138,25,5,3.170087474678079,0.016039082851186676,0.9580339674384355,25,49.941246014784596,3.9725507448340953,20.601109597589115,0.4962517618519826,0.3674086357846798,0.22512746750048185,0.2720290682522932,88,7,17,9.577813376315197,0.034146878241751145,0.9999233522374937,25,96.12613511852676,4.436033402738042,22.38365443637504,1.994917483151329,1.295222773300575,0.2832683595964183,3.7412745212687315,104
6,222,334.53809425187274,160.6144661854138,25,5,3.170087474678079,0.016039082851186676,0.9580339674384355,25,49.941246014784596,3.9725507448340953,20.601109597589115,0.4962517618519826,0.3674086357846798,0.22512746750048185,0.2720290682522932,88,7,17,9.577813376315197,0.034146878241751145,0.9999233522374937,25,96.12613511852676,4.436033402738042,22.38365443637504,1.994917483151329,1.295222773300575,0.2832683595964183,3.7412745212687315,104
6,223,334.53809425187274,160.6144661854138,25,5,3.170087474678079,0.016039082851186676,0.9580339674384355,25,49.941246014784596,3.9725507448340953,20.601109597589115,0.4962517618519826,0.3674086357846798,0.22512746750048185,0.2720290682522932,88,7,17,9.577813376315197,0.034146878241751145,0.9999233522374937,25,96.12613511852676,4.436033402738042,22.38365443637504,1.994917483151329,1.295222773300575,0.2832683595964183,3.7412745212687315,104
6,224,334.53809425187274,160.6144661854138,25,5,3.170087474678079,0.016039082851186676,0.9580339674384355,25,49.941246014784596,3.9725507448340953,20.601109597589115,0.4962517618519826,0.3674086357846798,0.22512746750048185,0.2720290682522932,88,7,17,9.577813376315197,0.034146878241751145,0.9999233522374937,25,96.12613511852676,4.436033402738042,22.38365443637504,1.994917483151329,1.295222773300575,0.2832683595964183,3.7412745212687315,104
6,225,334.53809425187274,160.6144661854138,25,5,3.170087474678079,0.016039082851186676,0.9580339674384355,25,49.941246014784596,3.9725507448340953,20.601109597589115,0.4962517618519826,0.3674086357846798,0.22512746750048185,0.2720290682522932,88,7,17,9.577813376315197,0.034146878241751145,0.9999233522374937,25,96.12613511852676,4.436033402738042,22.38365443637504,1.994917483151329,1.295222773300575,0.2832683595964183,3.7412745212687315,104
6,226,333.2253430403972,160.6144661854138,25,5,3.1625938219369267,0.016029950713248864,0.9578183325000937,25,48.067647463805095,3.8891804278843356,20.43702016623383,0.5114763187064404,0.37633392524395526,0.22505538736863254,0.284375691000083,88,7,17,9.57782929128453,0.03414687235283905,0.9999233523063649,25,95.99892191954189,4.434872330411805,22.383506967093993,1.9947174667468885,1.2953414674890775,0.2832678221162025,3.740226539602957,104
6,227,333.2253430403972,160.6144661854138,25,5,3.1625938219369267,0.016029950713248864,0.9578183325000937,25,48.067647463805095,3.8891804278843356,20.43702016623383,0.5114763187064404,0.37633392524395526,0.22505538736863254,0.284375691000083,88,7,17,9.57782929128453,0.03414687235283905,0.9999233523063649,25,95.99892191954189,4.434872330411805,22.383506967093993,1.9947174667468885,1.2953414674890775,0.2832678221162025,3.740226539602957,104
6,228,333.2253430403972,160.6144661854138,25,5,3.1625938219369267,0.016029950713248864,0.9578183325000937,25,48.067647463805095,3.8891804278843356,20.43702016623383,0.5114763187064404,0.37633392524395526,0.22505538736863254,0.284375691000083,88,7,17,9.57782929128453,0.03414687235283905,0.9999233523063649,25,95.99892191954189,4.434872330411805,22.383506967093993,1.9947174667468885,1.2953414674890775,0.2832678221162025,3.740226539602957,104
6,229,333.2253430403972,160.6144661854138,25,5,3.1625938219369267,0.016029950713248864,0.9578183325000937,25,48.067647463805095,3.8891804278843356,20.43702016623383,0.5114763187064404,0.37633392524395526,0.22505538736863254,0.284375691000083,88,7,17,9.57782929128453,0.03414687235283905,0.9999233523063649,25,95.99892191954189,4.434872330411805,22.383506967093993,1.9947174667468885,1.2953414674890775,0.2832678221162025,3.740226539602957,104
6,230,333.2253430403972,173.9494658818148,25,5,3.1625938219369267,0.016029950713248864,0.9578183325000937,25,48.067647463805095,3.8891804278843356,20.43702016623383,0.5114763187064404,0.37633392524395526,0.22505538736863254,0.284375691000083,88,7,17,9.57782929128453,0.03414687235283905,0.9999233523063649,25,95.99892191954189,4.434872330411805,22.383506967093993,1.9947174667468885,1.2953414674890775,0.2832678221162025,3.740226539602957,104
6,231,326.2213476016591,173.9494658818148,24,5,3.388663026678472,0.007154557370835109,0.9668876251823981,26,53.49252892894234,3.702250590535543,21.617181761879944,0.463375528235985,0.32739127740166724,0.20457112962159418,0.26669952419123344,91,7,18,9.689361527827092,0.0310356401623475,0.9999291291611087,26,105.92523861428006,4.362711906479994,23.425426442763932,1.858975348739935,1.1933498780296514,0.2662055373868816,3.2361195608980475,105
6,232,326.2213476016591,173.9494658818148,24,5,3.388663026678472,0.007154557370835109,0.9668876251823981,26,53.49252892894234,3.702250590535543,21.617181761879944,0.463375528235985,0.32739127740166724,0.20457112962159418,0.26669952419123344,91,7,18,9.689361527827092,0.0310356401623475,0.9999291291611087,26,105.92523861428006,4.362711906479994,23.425426442763932,1.858975348739935,1.1933498780296514,0.2662055373868816,3.2361195608980475,105
6,233,326.2213476016591,173.9494658818148,24,5,3.388663026678472,0.007154557370835109,0.9668876251823981,26,53.49252892894234,3.702250590535543,21.617181761879944,0.463375528235985,0.32739127740166724,0.20457112962159418,0.26669952419123344,91,7,18,9.689361527827092,0.0310356401623475,0.9999291291611087,26,105.92523861428006,4.362711906479994,23.425426442763932,1.858975348739935,1.1933498780296514,0.2662055373868816,3.2361195608980475,105
6,234,326.2213476016591,173.9494658818148,24,5,3.388663026678472,0.007154557370835109,0.9668876251823981,26,53.49252892894234,3.702250590535543,21.617181761879944,0.463375528235985,0.32739127740166724,0.20457112962159418,0.26669952419123344,91,7,18,9.689361527827092,0.0310356401623475,0.9999291291611087,26,105.92523861428006,4.362711906479994,23.425426442763932,1.858975348739935,1.1933498780296514,0.2662055373868816,3.2361195608980475,105
6,235,326.2213476016591,173.9494658818148,24,5,3.388663026678472,0.007154557370835109,0.9668876251823981,26,53.49252892894234,3.702250590535543,21.617181761879944,0.463375528235985,0.32739127740166724,0.20457112962159418,0.26669952419123344,91,7,18,9.689361527827092,0.0310356401623475,0.9999291291611087,26,105.92523861428006,4.362711906479994,23.425426442763932,1.858975348739935,1.1933498780296514,0.2662055373868816,3.2361195608980475,105
6,236,318.8625315185222,173.9494658818148,24,5,3.3864178593829646,0.007150762599748599,0.966828853097396,26,55.22961219456444,3.4975775624962657,21.75766501165118,0.45966371266742817,0.32731117869408066,0.2038868875005747,0.2645425535607984,91,7,18,9.689621879328913,0.03105276199909246,0.9999291424773373,26,107.57910950368203,4.141154164104503,23.59408215184691,1.806167998256268,1.1691246557530257,0.2652041033380746,3.0436606028312845,105
6,237,318.8625315185222,173.9494658818148,24,5,3.3864178593829646,0.007150762599748599,0.966828853097396,26,55.22961219456444,3.4975775624962657,21.75766501165118,0.45966371266742817,0.32731117869408066,0.2038868875005747,0.2645425535607984,91,7,18,9.689621879328913,0.03105276199909246,0.9999291424773373,26,107.57910950368203,4.141154164104503,23.59408215184691,1.806167998256268,1.1691246557530257,0.2652041033380746,3.0436606028312845,105
6,238,318.8625315185222,173.9494658818148,24,5,3.3864178593829646,0.007150762599748599,0.966828853097396,26,55.22961219456444,3.4975775624962657,21.75766501165118,0.45966371266742817,0.32731117869408066,0.2038868875005747,0.2645425535607984,91,7,18,9.689621879328913,0.03105276199909246,0.9999291424773373,26,107.57910950368203,4.141154164104503,23.59408215184691,1.806167998256268,1.1691246557530257,0.2652041033380746,3.0436606028312845,105
6,239,318.8625315185222,173.9494658818148,24,5,3.3864178593829646,0.007150762599748599,0.966828853097396,26,55.22961219456444,3.4975775624962657,21.75766501165118,0.45966371266742817,0.32731117869408066,0.2038868875005747,0.2645425535607984,91,7,18,9.689621879328913,0.03105276199909246,0.9999291424773373,26,107.57910950368203,4.141154164104503,23.59408215184691,1.806167998256268,1.1691246557530257,0.2652041033380746,3.0436606028312845,105
6,240,318.8625315185222,186.76519395039077,24,5,3.3864178593829646,0.007150762599748599,0.966828853097396,26,55.22961219456444,3.4975775624962657,21.75766501165118,0.45966371266742817,0.32731117869408066,0.2038868875005747,0.2645425535607984,91,7,18,9.689621879328913,0.03105276199909246,0.9999291424773373,26,107.57910950368203,4.141154164104503,23.59408215184691,1.806167998256268,1.1691246557530257,0.2652041033380746,3.0436606028312845,105
6,241,316.85198416037224,186.76519395039077,23,5,3.3600824304754817,0.006211669169186029,0.9647132281953367,27,58.82946749091876,3.4924113412043383,22.732284982127492,0.40621551553696483,0.2872991049832587,0.1859303580617689,0.23523917229778765,92,7,19,9.623710209968488,0.03078702355137101,0.9999150964107019,27,117.33118998928138,4.169438251530456,24.60202579891803,1.6287656776133548,1.0400294821536686,0.23834266277528518,2.462940944803355,105
6,242,316.85198416037224,186.76519395039077,23,5,3.3600824304754817,0.006211669169186029,0.9647132281953367,27,58.82946749091876,3.4924113412043383,22.732284982127492,0.40621551553696483,0.2872991049832587,0.1859303580617689,0.23523917229778765,92,7,19,9.623710209968488,0.03078702355137101,0.9999150964107019,27,117.33118998928138,4.169438251530456,24.60202579891803,1.6287656776133548,1.0400294821536686,0.23834266277528518,2.462940944803355,105
6,243,316.85198416037224,186.76519395039077,23,5,3.3600824304754817,0.006211669169186029,0.9647132281953367,27,58.82946749091876,3.4924113412043383,22.732284982127492,0.40621551553696483,0.2872991049832587,0.1859303580617689,0.23523917229778765,92,7,19,9.623710209968488,0.03078702355137101,0.9999150964107019,27,117.33118998928138,4.169438251530456,24.60202579891803,1.6287656776133548,1.0400294821536686,0.23834266277528518,2.462940944803355,105
6,244,316.85198416037224,186.76519395039077,23,5,3.3600824304754817,0.006211669169186029,0.9647132281953367,27,58.82946749091876,3.4924113412043383,22.732284982127492,0.40621551553696483,0.2872991049832587,0.1859303580617689,0.23523917229778765,92,7,19,9.623710209968488,0.03078702355137101,0.9999150964107019,27,117.33118998928138,4.169438251530456,24.60202579891803,1.6287656776133548,1.0400294821536686,0.23834266277528518,2.462940944803355,105
6,245,316.85198416037224,186.76519395039077,23,5,3.3600824304754817,0.006211669169186029,0.9647132281953367,27,58.82946749091876,3.4924113412043383,22.732284982127492,0.40621551553696483,0.2872991049832587,0.1859303580617689,0.23523917229778765,92,7,19,9.623710209968488,0.03078702355137101,0.9999150964107019,27,117.33118998928138,4.169438251530456,24.60202579891803,1.6287656776133548,1.0400294821536686,0.23834266277528518,2.462940944803355,105
6,246,315.22348534694646,186.76519395039077,23,5,3.355769391052576,0.006847305052697446,0.9645851771583415,27,58.84922305428563,3.524893733829141,22.737033814264,0.40356033745232056,0.28552796466946806,0.19100360325549084,0.23385713660146637,92,7,19,9.623544740823936,0.030778772261771614,0.9999150894588226,27,117.28078451518378,4.166928795153268,24.610553357737757,1.6246252261444996,1.0380891997879502,0.23931303907991733,2.449916003564496,105
6,247,315.22348534694646,186.76519395039077,23,5,3.355769391052576,0.006847305052697446,0.9645851771583415,27,58.84922305428563,3.524893733829141,22.737033814264,0.40356033745232056,0.28552796466946806,0.19100360325549084,0.23385713660146637,92,7,19,9.623544740823936,0.030778772261771614,0.9999150894588226,27,117.28078451518378,4.166928795153268,24.610553357737757,1.6246252261444996,1.0380891997879502,0.23931303907991733,2.449916003564496,105
6,248,315.22348534694646,186.76519395039077,23,5,3.355769391052576,0.006847305052697446,0.9645851771583415,27,58.84922305428563,3.524893733829141,22.737033814264,0.40356033745232056,0.28552796466946806,0.19100360325549084,0.23385713660146637,92,7,19,9.623544740823936,0.030778772261771614,0.9999150894588226,27,117.28078451518378,4.166928795153268,24.610553357737757,1.6246252261444996,1.0380891997879502,0.23931303907991733,2.449916003564496,105
6,249,315.22348534694646,186.76519395039077,23,5,3.355769391052576,0.006847305052697446,0.9645851771583415,27,58.84922305428563,3.524893733829141,22.737033814264,0.40356033745232056,0.28552796466946806,0.19100360325549084,0.23385713660146637,92,7,19,9.623544740823936,0.030778772261771614,0.9999150894588226,27,117.28078451518378,4.166928795153268,24.610553357737757,1.6246252261444996,1.0380891997879502,0.23931303907991733,2.449916003564496,105
6,250,315.22348534694646,198.43125175628708,23,5,3.355769391052576,0.006847305052697446,0.9645851771583415,27,58.84922305428563,3.524893733829141,22.737033814264,0.40356033745232056,0.28552796466946806,0.19100360325549084,0.23385713660146637,92,7,19,9.623544740823936,0.030778772261771614,0.9999150894588226,27,117.28078451518378,4.166928795153268,24.610553357737757,1.6246252261444996,1.0380891997879502,0.23931303907991733,2.449916003564496,105
6,251,313.905956139376,198.43125175628708,22,5,2.9731421555579196,0.009655260002567187,0.950598431802571,28,60.855560085320676,3.5318395482836324,23.550266648875876,0.3671466811921826,0.26090414924656935,0.18497138417286296,0.2122308087416278,93,7,20,9.496293869907442,0.027542901769740318,0.9999131424483441,28,126.94968694784355,4.205226060424076,25.62689262433239,1.4208187679508402,0.8907825937716541,0.2097328979319034,1.8635505374934864,105
6,252,313.905956139376,198.43125175628708,22,5,2.9731421555579196,0.009655260002567187,0.950598431802571,28,60.855560085320676,3.5318395482836324,23.550266648875876,0.3671466811921826,0.26090414924656935,0.18497138417286296,0.2122308087416278,93,7,20,9.496293869907442,0.027542901769740318,0.9999131424483441,28,126.94968694784355,4.205226060424076,25.62689262433239,1.4208187679508402,0.8907825937716541,0.2097328979319034,1.8635505374934864,105
6,253,313.905956139376,198.43125175628708,22,5,2.9731421555579196,0.009655260002567187,0.950598431802571,28,60.855560085320676,3.5318395482836324,23.550266648875876,0.3671466811921826,0.26090414924656935,0.18497138417286296,0.2122308087416278,93,7,20,9.496293869907442,0.027542901769740318,0.9999131424483441,28,126.94968694784355,4.205226060424076,25.62689262433239,1.4208187679508402,0.8907825937716541,0.2097328979319034,1.8635505374934864,105
6,254,313.905956139376,198.43125175628708,22,5,2.9731421555579196,0.009655260002567187,0.950598431802571,28,60.855560085320676,3.5318395482836324,23.550266648875876,0.3671466811921826,0.26090414924656935,0.18497138417286296,0.2122308087416278,93,7,20,9.496293869907442,0.027542901769740318,0.9999131424483441,28,126.94968694784355,4.205226060424076,25.62689262433239,1.4208187679508402,0.8907825937716541,0.2097328979319034,1.8635505374934864,105
6,255,313.905956139376,198.43125175628708,22,5,2.9731421555579196,0.009655260002567187,0.950598431802571,28,60.855560085320676,3.5318395482836324,23.550266648875876,0.3671466811921826,0.26090414924656935,0.18497138417286296,0.2122308087416278,93,7,20,9.496293869907442,0.027542901769740318,0.9999131424483441,28,126.94968694784355,4.205226060424076,25.62689262433239,1.4208187679508402,0.8907825937716541,0.2097328979319034,1.8635505374934864,105
6,256,314.0843635543406,198.43125175628708,22,5,2.972187280581053,0.009681452308811159,0.9505268830241644,28,60.952503712088024,3.605552734107188,23.570974938463735,0.34610508277011587,0.2496325345656897,0.1911883215032944,0.20041536756722583,93,7,20,9.496335430134627,0.02754290381709183,0.9999131453198117,28,127.07641185880506,4.204306885846664,25.631977217940154,1.4227987066640073,0.8916459415023003,0.2097325978917033,1.8691714031040936,105
6,257,314.0843635543406,198.43125175628708,22,5,2.972187280581053,0.009681452308811159,0.9505268830241644,28,60.952503712088024,3.605552734107188,23.570974938463735,0.34610508277011587,0.2496325345656897,0.1911883215032944,0.20041536756722583,93,7,20,9.496335430134627,0.02754290381709183,0.9999131453198117,28,127.07641185880506,4.204306885846664,25.631977217940154,1.4227987066640073,0.8916459415023003,0.2097325978917033,1.8691714031040936,105
6,258,314.0843635543406,198.43125175628708,22,5,2.972187280581053,0.009681452308811159,0.9505268830241644,28,60.952503712088024,3.605552734107188,23.570974938463735,0.34610508277011587,0.2496325345656897,0.1911883215032944,0.20041536756722583,93,7,20,9.496335430134627,0.02754290381709183,0.9999131453198117,28,127.07641185880506,4.204306885846664,25.631977217940154,1.4227987066640073,0.8916459415023003,0.2097325978917033,1.8691714031040936,105
6,259,314.0843635543406,198.43125175628708,22,5,2.972187280581053,0.009681452308811159,0.9505268830241644,28,60.952503712088024,3.605552734107188,23.570974938463735,0.34610508277011587,0.2496325345656897,0.1911883215032944,0.20041536756722583,93,7,20,9.496335430134627,0.02754290381709183,0.9999131453198117,28,127.07641185880506,4.204306885846664,25.631977217940154,1.4227987066640073,0.8916459415023003,0.2097325978917033,1.8691714031040936,105
6,260,314.0843635543406,208.96164247771034,22,5,2.972187280581053,0.009681452308811159,0.9505268830241644,28,60.952503712088024,3.605552734107188,23.570974938463735,0.34610508277011587,0.2496325345656897,0.1911883215032944,0.20041536756722583,93,7,20,9.496335430134627,0.02754290381709183,0.9999131453198117,28,127.07641185880506,4.204306885846664,25.631977217940154,1.4227987066640073,0.8916459415023003,0.2097325978917033,1.8691714031040936,105
6,261,313.9862430256094,208.96164247771034,22,4,2.6859913927906702,0.007679978762958266,0.9357707717901985,29,63.75600315941407,3.612580875174576,24.516398229283453,0.32343153884463727,0.23271500101391707,0.21015470553140184,0.20694716223325066,88,7,21,8.87539852947701,0.020003277722217477,0.9998456117606663,29,135.87463479408095,4.22373780650173,26.629013045618578,1.2156914779014858,0.758014025405145,0.18780510258531566,1.345631093410157,105
6,262,313.9862430256094,208.96164247771034,22,4,2.6859913927906702,0.007679978762958266,0.9357707717901985,29,63.75600315941407,3.612580875174576,24.516398229283453,0.32343153884463727,0.23271500101391707,0.21015470553140184,0.20694716223325066,88,7,21,8.87539852947701,0.020003277722217477,0.9998456117606663,29,135.87463479408095,4.22373780650173,26.629013045618578,1.2156914779014858,0.758014025405145,0.18780510258531566,1.345631093410157,105
6,263,313.9862430256094,208.96164247771034,22,4,2.6859913927906702,0.007679978762958266,0.9357707717901985,29,63.75600315941407,3.612580875174576,24.516398229283453,0.32343153884463727,0.23271500101391707,0.21015470553140184,0.20694716223325066,88,7,21,8.87539852947701,0.020003277722217477,0.9998456117606663,29,135.87463479408095,4.22373780650173,26.629013045618578,1.2156914779014858,0.758014025405145,0.18780510258531566,1.345631093410157,105
6,264,313.9862430256094,208.96164247771034,22,4,2.6859913927906702,0.007679978762958266,0.9357707717901985,29,63.75600315941407,3.612580875174576,24.516398229283453,0.32343153884463727,0.23271500101391707,0.21015470553140184,0.20694716223325066,88,7,21,8.87539852947701,0.020003277722217477,0.9998456117606663,29,135.87463479408095,4.22373780650173,26.629013045618578,1.2156914779014858,0.758014025405145,0.18780510258531566,1.345631093410157,105
6,265,313.9862430256094,208.96164247771034,22,4,2.6859913927906702,0.007679978762958266,0.9357707717901985,29,63.75600315941407,3.612580875174576,24.516398229283453,0.32343153884463727,0.23271500101391707,0.21015470553140184,0.20694716223325066,88,7,21,8.87539852947701,0.020003277722217477,0.9998456117606663,29,135.87463479408095,4.22373780650173,26.629013045618578,1.2156914779014858,0.758014025405145,0.18780510258531566,1.345631093410157,105
6,266,313.95149885593554,208.96164247771034,22,4,2.6808359726362028,0.0076743623928191935,0.9354514420464475,29,63.752248907580494,3.612134309083478,24.516750323580588,0.3218317309521841,0.23234729723669256,0.21009905777981633,0.20717877934780812,88,7,21,8.875398090995418,0.020003276163638617,0.9998456118383102,29,135.90601618583983,4.2232322845613774,26.631427554872452,1.215541865581215,0.7579345744183587,0.1878050551133057,1.34527468589051,105
6,267,313.95149885593554,208.96164247771034,22,4,2.6808359726362028,0.0076743623928191935,0.9354514420464475,29,63.752248907580494,3.612134309083478,24.516750323580588,0.3218317309521841,0.23234729723669256,0.21009905777981633,0.20717877934780812,88,7,21,8.875398090995418,0.020003276163638617,0.9998456118383102,29,135.90601618583983,4.2232322845613774,26.631427554872452,1.215541865581215,0.7579345744183587,0.1878050551133057,1.34527468589051,105
6,268,313.95149885593554,208.96164247771034,22,4,2.6808359726362028,0.0076743623928191935,0.9354514420464475,29,63.752248907580494,3.612134309083478,24.516750323580588,0.3218317309521841,0.23234729723669256,0.21009905777981633,0.20717877934780812,88,7,21,8.875398090995418,0.020003276163638617,0.9998456118383102,29,135.90601618583983,4.2232322845613774,26.631427554872452,1.215541865581215,0.7579345744183587,0.1878050551133057,1.34527468589051,105
6,269,313.95149885593554,208.96164247771034,22,4,2.6808359726362028,0.0076743623928191935,0.9354514420464475,29,63.752248907580494,3.612134309083478,24.516750323580588,0.3218317309521841,0.23234729723669256,0.21009905777981633,0.20717877934780812,88,7,21,8.875398090995418,0.020003276163638617,0.9998456118383102,29,135.90601618583983,4.2232322845613774,26.631427554872452,1.215541865581215,0.7579345744183587,0.1878050551133057,1.34527468589051,105
6,270,313.95149885593554,219.34476306952791,22,4,2.6808359726362028,0.0076743623928191935,0.9354514420464475,29,63.752248907580494,3.612134309083478,24.516750323580588,0.3218317309521841,0.23234729723669256,0.21009905777981633,0.20717877934780812,88,7,21,8.875398090995418,0.020003276163638617,0.9998456118383102,29,135.90601618583983,4.2232322845613774,26.631427554872452,1.215541865581215,0.7579345744183587,0.1878050551133057,1.34527468589051,105
6,271,313.87303846221477,219.34476306952791,23,4,2.9505301064443663,0.0159091928401424,0.949498709949669,30,66.65161485328774,3.6340570300270167,25.460364465593337,0.3630957252849614,0.2561493975128211,0.22203994614156314,0.2266203126636268,85,6,21,8.407151767009248,0.0058875689430734806,0.9997685291315674,30,144.4092745094125,4.1701467157901755,27.632602226291947,1.0462176932459135,0.6743994191380395,0.1910309123759251,0.9738630404190152,102
6,272,313.87303846221477,219.34476306952791,23,4,2.9505301064443663,0.0159091928401424,0.949498709949669,30,66.65161485328774,3.6340570300270167,25.460364465593337,0.3630957252849614,0.2561493975128211,0.22203994614156314,0.2266203126636268,85,6,21,8.407151767009248,0.0058875689430734806,0.9997685291315674,30,144.4092745094125,4.1701467157901755,27.632602226291947,1.0462176932459135,0.6743994191380395,0.1910309123759251,0.9738630404190152,102
6,273,313.87303846221477,219.34476306952791,23,4,2.9505301064443663,0.0159091928401424,0.949498709949669,30,66.65161485328774,3.6340570300270167,25.460364465593337,0.3630957252849614,0.2561493975128211,0.22203994614156314,0.2266203126636268,85,6,21,8.407151767009248,0.0058875689430734806,0.9997685291315674,30,144.4092745094125,4.1701467157901755,27.632602226291947,1.0462176932459135,0.6743994191380395,0.1910309123759251,0.9738630404190152,102
6,274,313.87303846221477,219.34476306952791,23,4,2.9505301064443663,0.0159091928401424,0.949498709949669,30,66.65161485328774,3.6340570300270167,25.460364465593337,0.3630957252849614,0.2561493975128211,0.22203994614156314,0.2266203126636268,85,6,21,8.407151767009248,0.0058875689430734806,0.9997685291315674,30,144.4092745094125,4.1701467157901755,27.632602226291947,1.0462176932459135,0.6743994191380395,0.1910309123759251,0.9738630404190152,102
6,275,313.87303846221477,219.34476306952791,23,4,2.9505301064443663,0.0159091928401424,0.949498709949669,30,66.65161485328774,3.6340570300270167,25.460364465593337,0.3630957252849614,0.2561493975128211,0.22203994614156314,0.2266203126636268,85,6,21,8.407151767009248,0.0058875689430734806,0.9997685291315674,30,144.4092745094125,4.1701467157901755,27.632602226291947,1.0462176932459135,0.6743994191380395,0.1910309123759251,0.9738630404190152,102
6,276,313.7942337078641,219.34476306952791,23,4,2.95022588253322,0.015906058867797723,0.949509700999644,30,66.3063056628569,3.631785873713391,25.44889137675108,0.3522199087311683,0.24550025621077962,0.22177226369916614,0.2253902832471009,85,6,21,8.40782106792367,0.005887543896507179,0.9997687331897126,30,143.685635157054,4.157739204670179,27.670977995716683,1.0478135525607093,0.6750021184188167,0.19103076005487687,0.9771758123172332,102
6,277,313.7942337078641,219.34476306952791,23,4,2.95022588253322,0.015906058867797723,0.949509700999644,30,66.3063056628569,3.631785873713391,25.44889137675108,0.3522199087311683,0.24550025621077962,0.22177226369916614,0.2253902832471009,85,6,21,8.40782106792367,0.005887543896507179,0.9997687331897126,30,143.685635157054,4.157739204670179,27.670977995716683,1.0478135525607093,0.6750021184188167,0.19103076005487687,0.9771758123172332,102
6,278,313.7942337078641,219.34476306952791,23,4,2.95022588253322,0.015906058867797723,0.949509700999644,30,66.3063056628569,3.631785873713391,25.44889137675108,0.3522199087311683,0.24550025621077962,0.22177226369916614,0.2253902832471009,85,6,21,8.40782106792367,0.005887543896507179,0.9997687331897126,30,143.685635157054,4.157739204670179,27.670977995716683,1.0478135525607093,0.6750021184188167,0.19103076005487687,0.9771758123172332,102
6,279,313.7942337078641,219.34476306952791,23,4,2.95022588253322,0.015906058867797723,0.949509700999644,30,66.3063056628569,3.631785873713391,25.44889137675108,0.3522199087311683,0.24550025621077962,0.22177226369916614,0.2253902832471009,85,6,21,8.40782106792367,0.005887543896507179,0.9997687331897126,30,143.685635157054,4.157739204670179,27.670977995716683,1.0478135525607093,0.6750021184188167,0.19103076005487687,0.9771758123172332,102
6,280,313.7942337078641,230.80068849923214,23,4,2.95022588253322,0.015906058867797723,0.949509700999644,30,66.3063056628569,3.631785873713391,25.44889137675108,0.3522199087311683,0.24550025621077962,0.22177226369916614,0.2253902832471009,85,6,21,8.40782106792367,0.005887543896507179,0.9997687331897126,30,143.685635157054,4.157739204670179,27.670977995716683,1.0478135525607093,0.6750021184188167,0.19103076005487687,0.9771758123172332,102
6,281,313.666034152728,230.80068849923214,24,4,2.9643664660424207,0.030707230945929902,0.9493574649894935,31,69.33804686565763,3.661951829520101,26.402724078998013,0.4139079112347149,0.2869926783974725,0.23672705152295445,0.25531760771997997,82,6,20,9.130973644489272,0.004943409331799153,0.9998899967857467,31,152.48483116131,4.147954567369986,28.67485175769347,1.2292230059888831,0.7678511650411478,0.20811912052696427,1.3728133406708198,100
6,282,313.666034152728,230.80068849923214,24,4,2.9643664660424207,0.030707230945929902,0.9493574649894935,31,69.33804686565763,3.661951829520101,26.402724078998013,0.4139079112347149,0.2869926783974725,0.23672705152295445,0.25531760771997997,82,6,20,9.130973644489272,0.004943409331799153,0.9998899967857467,31,152.48483116131,4.147954567369986,28.67485175769347,1.2292230059888831,0.7678511650411478,0.20811912052696427,1.3728133406708198,100
6,283,313.666034152728,230.80068849923214,24,4,2.9643664660424207,0.030707230945929902,0.9493574649894935,31,69.33804686565763,3.661951829520101,26.402724078998013,0.4139079112347149,0.2869926783974725,0.23672705152295445,0.25531760771997997,82,6,20,9.130973644489272,0.004943409331799153,0.9998899967857467,31,152.48483116131,4.147954567369986,28.67485175769347,1.2292230059888831,0.7678511650411478,0.20811912052696427,1.3728133406708198,100
6,284,313.666034152728,230.80068849923214,24,4,2.9643664660424207,0.030707230945929902,0.9493574649894935,31,69.33804686565763,3.661951829520101,26.402724078998013,0.4139079112347149,0.2869926783974725,0.23672705152295445,0.25531760771997997,82,6,20,9.130973644489272,0.004943409331799153,0.9998899967857467,31,152.48483116131,4.147954567369986,28.67485175769347,1.2292230059888831,0.7678511650411478,0.20811912052696427,1.3728133406708198,100
6,285,313.666034152728,230.80068849923214,24,4,2.9643664660424207,0.030707230945929902,0.9493574649894935,31,69.33804686565763,3.661951829520101,26.402724078998013,0.4139079112347149,0.2869926783974725,0.23672705152295445,0.25531760771997997,82,6,20,9.130973644489272,0.004943409331799153,0.9998899967857467,31,152.48483116131,4.147954567369986,28.67485175769347,1.2292230059888831,0.7678511650411478,0.20811912052696427,1.3728133406708198,100
6,286,311.33457423782727,230.80068849923214,24,4,2.959340474592906,0.03069257736949767,0.9491814705525629,31,69.20559576436955,3.661426812158047,26.39888645534626,0.4108811329788961,0.2873089698685194,0.23661209896838173,0.2532079734163055,82,6,20,9.131281617312435,0.004943400810171417,0.9998900292385383,31,152.5926953642038,4.137225452169091,28.708118371270444,1.2274408309828866,0.7669843279401303,0.2081180762014485,1.3685412317284542,100
6,287,311.33457423782727,230.80068849923214,24,4,2.959340474592906,0.03069257736949767,0.9491814705525629,31,69.20559576436955,3.661426812158047,26.39888645534626,0.4108811329788961,0.2873089698685194,0.23661209896838173,0.2532079734163055,82,6,20,9.131281617312435,0.004943400810171417,0.9998900292385383,31,152.5926953642038,4.137225452169091,28.708118371270444,1.2274408309828866,0.7669843279401303,0.2081180762014485,1.3685412317284542,100
6,288,311.33457423782727,230.80068849923214,24,4,2.959340474592906,0.03069257736949767,0.9491814705525629,31,69.20559576436955,3.661426812158047,26.39888645534626,0.4108811329788961,0.2873089698685194,0.23661209896838173,0.2532079734163055,82,6,20,9.131281617312435,0.004943400810171417,0.9998900292385383,31,152.5926953642038,4.137225452169091,28.708118371270444,1.2274408309828866,0.7669843279401303,0.2081180762014485,1.3685412317284542,100
6,289,311.33457423782727,230.80068849923214,24,4,2.959340474592906,0.03069257736949767,0.9491814705525629,31,69.20559576436955,3.661426812158047,26.39888645534626,0.4108811329788961,0.2873089698685194,0.23661209896838173,0.2532079734163055,82,6,20,9.131281617312435,0.004943400810171417,0.9998900292385383,31,152.5926953642038,4.137225452169091,28.708118371270444,1.2274408309828866,0.7669843279401303,0.2081180762014485,1.3685412317284542,100
6,290,311.33457423782727,240.94968919222688,24,4,2.959340474592906,0.03069257736949767,0.9491814705525629,31,69.20559576436955,3.661426812158047,26.39888645534626,0.4108811329788961,0.2873089698685194,0.23661209896838173,0.2532079734163055,82,6,20,9.131281617312435,0.004943400810171417,0.9998900292385383,31,152.5926953642038,4.137225452169091,28.708118371270444,1.2274408309828866,0.7669843279401303,0.2081180762014485,1.3685412317284542,100
6,291,308.7452089452155,240.94968919222688,25,4,2.698277265787651,0.04325396170256449,0.9348053937106777,32,71.97708478582959,3.702321477283675,27.35436575403537,0.4940278978103485,0.34697054339756256,0.2596534506381412,0.3053963244455608,77,5,20,7.696579462252686,0.019815908115997427,0.9994947984830143,32,160.51272271359628,4.223650535640989,29.73258652439341,1.0355716137407127,0.6604701182017446,0.21584540668135513,0.9474553150794383,97
6,292,308.7452089452155,240.94968919222688,25,4,2.698277265787651,0.04325396170256449,0.9348053937106777,32,71.97708478582959,3.702321477283675,27.35436575403537,0.4940278978103485,0.34697054339756256,0.2596534506381412,0.3053963244455608,77,5,20,7.696579462252686,0.019815908115997427,0.9994947984830143,32,160.51272271359628,4.223650535640989,29.73258652439341,1.0355716137407127,0.6604701182017446,0.21584540668135513,0.9474553150794383,97
6,293,308.7452089452155,240.94968919222688,25,4,2.698277265787651,0.04325396170256449,0.9348053937106777,32,71.97708478582959,3.702321477283675,27.35436575403537,0.4940278978103485,0.34697054339756256,0.2596534506381412,0.3053963244455608,77,5,20,7.696579462252686,0.019815908115997427,0.9994947984830143,32,160.51272271359628,4.223650535640989,29.73258652439341,1.0355716137407127,0.6604701182017446,0.21584540668135513,0.9474553150794383,97
6,294,308.7452089452155,240.94968919222688,25,4,2.698277265787651,0.04325396170256449,0.9348053937106777,32,71.97708478582959,3.702321477283675,27.35436575403537,0.4940278978103485,0.34697054339756256,0.2596534506381412,0.3053963244455608,77,5,20,7.696579462252686,0.019815908115997427,0.9994947984830143,32,160.51272271359628,4.223650535640989,29.73258652439341,1.0355716137407127,0.6604701182017446,0.21584540668135513,0.9474553150794383,97
6,295,308.7452089452155,240.94968919222688,25,4,2.698277265787651,0.04325396170256449,0.9348053937106777,32,71.97708478582959,3.702321477283675,27.35436575403537,0.4940278978103485,0.34697054339756256,0.2596534506381412,0.3053963244455608,77,5,20,7.696579462252686,0.019815908115997427,0.9994947984830143,32,160.51272271359628,4.223650535640989,29.73258652439341,1.0355716137407127,0.6604701182017446,0.21584540668135513,0.9474553150794383,97
6,296,308.68310215615304,240.94968919222688,25,4,2.6958911643580863,0.04325037812620425,0.9346565747330416,32,71.97835946595555,3.702124277774221,27.357110643833806,0.5015474455477812,0.352342628496848,0.25959267667103725,0.3105952365079311,77,5,20,7.697233989043844,0.01981587550800405,0.9994949741142335,32,160.42797911360893,4.223042350017264,29.73732891750138,1.0352698530829254,0.6602988689261946,0.21584526721678415,0.9469173017413661,97
6,297,308.68310215615304,240.94968919222688,25,4,2.6958911643580863,0.04325037812620425,0.9346565747330416,32,71.97835946595555,3.702124277774221,27.357110643833806,0.5015474455477812,0.352342628496848,0.25959267667103725,0.3105952365079311,77,5,20,7.697233989043844,0.01981587550800405,0.9994949741142335,32,160.42797911360893,4.223042350017264,29.73732891750138,1.0352698530829254,0.6602988689261946,0.21584526721678415,0.9469173017413661,97
6,298,308.68310215615304,240.94968919222688,25,4,2.6958911643580863,0.04325037812620425,0.9346565747330416,32,71.97835946595555,3.702124277774221,27.357110643833806,0.5015474455477812,0.352342628496848,0.25959267667103725,0.3105952365079311,77,5,20,7.697233989043844,0.01981587550800405,0.9994949741142335,32,160.42797911360893,4.223042350017264,29.73732891750138,1.0352698530829254,0.6602988689261946,0.21584526721678415,0.9469173017413661,97
6,299,308.68310215615304,240.94968919222688,25,4,2.6958911643580863,0.04325037812620425,0.9346565747330416,32,71.97835946595555,3.702124277774221,27.357110643833806,0.5015474455477812,0.352342628496848,0.25959267667103725,0.3105952365079311,77,5,20,7.697233989043844,0.01981587550800405,0.9994949741142335,32,160.42797911360893,4.223042350017264,29.73732891750138,1.0352698530829254,0.6602988689261946,0.21584526721678415,0.9469173017413661,97
6,300,308.68310215615304,251.25362704591538,25,4,2.6958911643580863,0.04325037812620425,0.9346565747330416,32,71.97835946595555,3.702124277774221,27.357110643833806,0.5015474455477812,0.352342628496848,0.25959267667103725,0.3105952365079311,77,5,20,7.697233989043844,0.01981587550800405,0.9994949741142335,32,160.42797911360893,4.223042350017264,29.73732891750138,1.0352698530829254,0.6602988689261946,0.21584526721678415,0.9469173017413661,97
6,301,306.77021577134167,251.25362704591538,26,4,2.1604836313984177,0.07408871159168733,0.8918579762981453,33,74.57887939679033,3.7609479313482934,28.31888181264172,0.5497539946313087,0.39419022809216236,0.2911952550129699,0.35382907383618906,70,5,19,7.919685890642637,0.018892090151356806,0.9995990957984614,33,168.41482087735724,4.322771946859383,30.747384886961775,1.2241400631042547,0.7529643195394697,0.23300219726043134,1.3595932965045308,95
6,302,306.77021577134167,251.25362704591538,26,4,2.1604836313984177,0.07408871159168733,0.8918579762981453,33,74.57887939679033,3.7609479313482934,28.31888181264172,0.5497539946313087,0.39419022809216236,0.2911952550129699,0.35382907383618906,70,5,19,7.919685890642637,0.018892090151356806,0.9995990957984614,33,168.41482087735724,4.322771946859383,30.747384886961775,1.2241400631042547,0.7529643195394697,0.23300219726043134,1.3595932965045308,95
6,303,306.77021577134167,251.25362704591538,26,4,2.1604836313984177,0.07408871159168733,0.8918579762981453,33,74.57887939679033,3.7609479313482934,28.31888181264172,0.5497539946313087,0.39419022809216236,0.2911952550129699,0.35382907383618906,70,5,19,7.919685890642637,0.018892090151356806,0.9995990957984614,33,168.41482087735724,4.322771946859383,30.747384886961775,1.2241400631042547,0.7529643195394697,0.23300219726043134,1.3595932965045308,95
6,304,306.77021577134167,251.25362704591538,26,4,2.1604836313984177,0.07408871159168733,0.8918579762981453,33,74.57887939679033,3.7609479313482934,28.31888181264172,0.5497539946313087,0.39419022809216236,0.2911952550129699,0.35382907383618906,70,5,19,7.919685890642637,0.018892090151356806,0.9995990957984614,33,168.41482087735724,4.322771946859383,30.747384886961775,1.2241400631042547,0.7529643195394697,0.23300219726043134,1.3595932965045308,95
6,305,306.77021577134167,251.25362704591538,26,4,2.1604836313984177,0.07408871159168733,0.8918579762981453,33,74.57887939679033,3.7609479313482934,28.31888181264172,0.5497539946313087,0.39419022809216236,0.2911952550129699,0.35382907383618906,70,5,19,7.919685890642637,0.018892090151356806,0.9995990957984614,33,168.41482087735724,4.322771946859383,30.747384886961775,1.2241400631042547,0.7529643195394697,0.23300219726043134,1.3595932965045308,95
6,306,306.5807352635327,251.25362704591538,26,4,2.1623786697567913,0.0740228743818433,0.8917960441991415,33,74.37951293779427,3.7563149736548067,28.25816898760094,0.5446253025810549,0.39959761824385404,0.2908038409522802,0.3467923645718955,70,5,19,7.918290944706971,0.018892184785971728,0.9995987963317483,33,168.25557787554843,4.321939375701932,30.732019341585012,1.2242368027286692,0.7529555488215358,0.23301577143006136,1.3598681438040405,95
6,307,306.5807352635327,251.25362704591538,26,4,2.1623786697567913,0.0740228743818433,0.8917960441991415,33,74.37951293779427,3.7563149736548067,28.25816898760094,0.5446253025810549,0.39959761824385404,0.2908038409522802,0.3467923645718955,70,5,19,7.918290944706971,0.018892184785971728,0.9995987963317483,33,168.25557787554843,4.321939375701932,30.732019341585012,1.2242368027286692,0.7529555488215358,0.23301577143006136,1.3598681438040405,95
6,308,306.5807352635327,251.25362704591538,26,4,2.1623786697567913,0.0740228743818433,0.8917960441991415,33,74.37951293779427,3.7563149736548067,28.25816898760094,0.5446253025810549,0.39959761824385404,0.2908038409522802,0.3467923645718955,70,5,19,7.918290944706971,0.018892184785971728,0.9995987963317483,33,168.25557787554843,4.321939375701932,30.732019341585012,1.2242368027286692,0.7529555488215358,0.23301577143006136,1.3598681438040405,95
6,309,306.5807352635327,251.25362704591538,26,4,2.1623786697567913,0.0740228743818433,0.8917960441991415,33,74.37951293779427,3.7563149736548067,28.25816898760094,0.5446253025810549,0.39959761824385404,0.2908038409522802,0.3467923645718955,70,5,19,7.918290944706971,0.018892184785971728,0.9995987963317483,33,168.25557787554843,4.321939375701932,30.732019341585012,1.2242368027286692,0.7529555488215358,0.23301577143006136,1.3598681438040405,95
6,310,306.5807352635327,262.86695080086866,26,4,2.1623786697567913,0.0740228743818433,0.8917960441991415,33,74.37951293779427,3.7563149736548067,28.25816898760094,0.5446253025810549,0.39959761824385404,0.2908038409522802,0.3467923645718955,70,5,19,7.918290944706971,0.018892184785971728,0.9995987963317483,33,168.25557787554843,4.321939375701932,30.732019341585012,1.2242368027286692,0.7529555488215358,0.23301577143006136,1.3598681438040405,95
6,311,306.1024802409428,262.86695080086866,26,5,2.512838179123232,0.035584484396935956,0.9232101682222019,34,76.68675945478645,3.7897598566530593,29.157634934740887,0.5790361918084115,0.4413334040921746,0.27703217678343584,0.36059490595357485,73,6,19,9.37480326554838,0.005939785833268374,0.9999137074007084,34,177.62803130832708,4.327649833156036,31.728667819692166,1.451762020568582,0.9028481151444477,0.24198303210090252,1.9425239621160115,96
6,312,306.1024802409428,262.86695080086866,26,5,2.512838179123232,0.035584484396935956,0.9232101682222019,34,76.68675945478645,3.7897598566530593,29.157634934740887,0.5790361918084115,0.4413334040921746,0.27703217678343584,0.36059490595357485,73,6,19,9.37480326554838,0.005939785833268374,0.9999137074007084,34,177.62803130832708,4.327649833156036,31.728667819692166,1.451762020568582,0.9028481151444477,0.24198303210090252,1.9425239621160115,96
6,313,306.1024802409428,262.86695080086866,26,5,2.512838179123232,0.035584484396935956,0.9232101682222019,34,76.68675945478645,3.7897598566530593,29.157634934740887,0.5790361918084115,0.4413334040921746,0.27703217678343584,0.36059490595357485,73,6,19,9.37480326554838,0.005939785833268374,0.9999137074007084,34,177.62803130832708,4.327649833156036,31.728667819692166,1.451762020568582,0.9028481151444477,0.24198303210090252,1.9425239621160115,96
6,314,306.1024802409428,262.86695080086866,26,5,2.512838179123232,0.035584484396935956,0.9232101682222019,34,76.68675945478645,3.7897598566530593,29.157634934740887,0.5790361918084115,0.4413334040921746,0.27703217678343584,0.36059490595357485,73,6,19,9.37480326554838,0.005939785833268374,0.9999137074007084,34,177.62803130832708,4.327649833156036,31.728667819692166,1.451762020568582,0.9028481151444477,0.24198303210090252,1.9425239621160115,96
6,315,306.1024802409428,262.86695080086866,26,5,2.512838179123232,0.035584484396935956,0.9232101682222019,34,76.68675945478645,3.7897598566530593,29.157634934740887,0.5790361918084115,0.4413334040921746,0.27703217678343584,0.36059490595357485,73,6,19,9.37480326554838,0.005939785833268374,0.9999137074007084,34,177.62803130832708,4.327649833156036,31.728667819692166,1.451762020568582,0.9028481151444477,0.24198303210090252,1.9425239621160115,96
6,316,306.0548587329771,262.86695080086866,26,5,2.4706053664679883,0.03552862973194063,0.9200208674150803,34,76.42191920624768,3.7889733302708533,29.14775115433023,0.5793106063658816,0.4430844427036843,0.27693523835928646,0.35738799892490125,73,6,19,9.37486315410112,0.005939784707335101,0.99991371183761,34,177.66034192214678,4.327575895494696,31.729988448572747,1.4515680321849207,0.9027557297339067,0.24198300999219238,1.941968589875937,96
6,317,306.0548587329771,262.86695080086866,26,5,2.4706053664679883,0.03552862973194063,0.9200208674150803,34,76.42191920624768,3.7889733302708533,29.14775115433023,0.5793106063658816,0.4430844427036843,0.27693523835928646,0.35738799892490125,73,6,19,9.37486315410112,0.005939784707335101,0.99991371183761,34,177.66034192214678,4.327575895494696,31.729988448572747,1.4515680321849207,0.9027557297339067,0.24198300999219238,1.941968589875937,96
6,318,306.0548587329771,262.86695080086866,26,5,2.4706053664679883,0.03552862973194063,0.9200208674150803,34,76.42191920624768,3.7889733302708533,29.14775115433023,0.5793106063658816,0.4430844427036843,0.27693523835928646,0.35738799892490125,73,6,19,9.37486315410112,0.005939784707335101,0.99991371183761,34,177.66034192214678,4.327575895494696,31.729988448572747,1.4515680321849207,0.9027557297339067,0.24198300999219238,1.941968589875937,96
6,319,306.0548587329771,262.86695080086866,26,5,2.4706053664679883,0.03552862973194063,0.9200208674150803,34,76.42191920624768,3.7889733302708533,29.14775115433023,0.5793106063658816,0.4430844427036843,0.27693523835928646,0.35738799892490125,73,6,19,9.37486315410112,0.005939784707335101,0.99991371183761,34,177.66034192214678,4.327575895494696,31.729988448572747,1.4515680321849207,0.9027557297339067,0.24198300999219238,1.941968589875937,96
6,320,306.0548587329771,275.0689898994933,26,5,2.4706053664679883,0.03552862973194063,0.9200208674150803,34,76.42191920624768,3.7889733302708533,29.14775115433023,0.5793106063658816,0.4430844427036843,0.27693523835928646,0.35738799892490125,73,6,19,9.37486315410112,0.005939784707335101,0.99991371183761,34,177.66034192214678,4.327575895494696,31.729988448572747,1.4515680321849207,0.9027557297339067,0.24198300999219238,1.941968589875937,96
6,321,305.2211148045567,275.0689898994933,26,6,2.4398285561820945,0.061815048337466906,0.9145433882051517,35,78.70869803832501,3.8118364889258958,30.06450568767759,0.5990796450112635,0.47215071499003336,0.26302381561655236,0.36575278664696087,74,6,18,9.643753789655708,0.0035251080037981275,0.999932543203768,35,187.31961132781817,4.330795101134697,32.729830461560596,1.62128029959274,1.02254429630343,0.2670761801368678,2.4379555648751228,94
6,322,305.2211148045567,275.0689898994933,26,6,2.4398285561820945,0.061815048337466906,0.9145433882051517,35,78.70869803832501,3.8118364889258958,30.06450568767759,0.5990796450112635,0.47215071499003336,0.26302381561655236,0.36575278664696087,74,6,18,9.643753789655708,0.0035251080037981275,0.999932543203768,35,187.31961132781817,4.330795101134697,32.729830461560596,1.62128029959274,1.02254429630343,0.2670761801368678,2.4379555648751228,94
6,323,305.2211148045567,275.0689898994933,26,6,2.4398285561820945,0.061815048337466906,0.9145433882051517,35,78.70869803832501,3.8118364889258958,30.06450568767759,0.5990796450112635,0.47215071499003336,0.26302381561655236,0.36575278664696087,74,6,18,9.643753789655708,0.0035251080037981275,0.999932543203768,35,187.31961132781817,4.330795101134697,32.729830461560596,1.62128029959274,1.02254429630343,0.2670761801368678,2.4379555648751228,94
6,324,305.2211148045567,275.0689898994933,26,6,2.4398285561820945,0.061815048337466906,0.9145433882051517,35,78.70869803832501,3.8118364889258958,30.06450568767759,0.5990796450112635,0.47215071499003336,0.26302381561655236,0.36575278664696087,74,6,18,9.643753789655708,0.0035251080037981275,0.999932543203768,35,187.31961132781817,4.330795101134697,32.729830461560596,1.62128029959274,1.02254429630343,0.2670761801368678,2.4379555648751228,94
6,325,305.2211148045567,275.0689898994933,26,6,2.4398285561820945,0.061815048337466906,0.9145433882051517,35,78.70869803832501,3.8118364889258958,30.06450568767759,0.5990796450112635,0.47215071499003336,0.26302381561655236,0.36575278664696087,74,6,18,9.643753789655708,0.0035251080037981275,0.999932543203768,35,187.31961132781817,4.330795101134697,32.729830461560596,1.62128029959274,1.02254429630343,0.2670761801368678,2.4379555648751228,94
6,326,303.3788996537525,275.0689898994933,26,6,2.4350351938635586,0.06178779735726788,0.9145346641917372,35,78.77021006062454,3.685681456120382,30.06281752775093,0.5851050969917804,0.4580787203613669,0.2628875253290781,0.3587753571079665,74,6,18,9.643775145641,0.0035251073369459243,0.9999325447735349,35,187.24449908543093,4.336812574859805,32.714592535352935,1.6209153244923928,1.0223210554421847,0.2672304813231769,2.4369643763636453,94
6,327,303.3788996537525,275.0689898994933,26,6,2.4350351938635586,0.06178779735726788,0.9145346641917372,35,78.77021006062454,3.685681456120382,30.06281752775093,0.5851050969917804,0.4580787203613669,0.2628875253290781,0.3587753571079665,74,6,18,9.643775145641,0.0035251073369459243,0.9999325447735349,35,187.24449908543093,4.336812574859805,32.714592535352935,1.6209153244923928,1.0223210554421847,0.2672304813231769,2.4369643763636453,94
6,328,303.3788996537525,275.0689898994933,26,6,2.4350351938635586,0.06178779735726788,0.9145346641917372,35,78.77021006062454,3.685681456120382,30.06281752775093,0.5851050969917804,0.4580787203613669,0.2628875253290781,0.3587753571079665,74,6,18,9.643775145641,0.0035251073369459243,0.9999325447735349,35,187.24449908543093,4.336812574859805,32.714592535352935,1.6209153244923928,1.0223210554421847,0.2672304813231769,2.4369643763636453,94
6,329,303.3788996537525,275.0689898994933,26,6,2.4350351938635586,0.06178779735726788,0.9145346641917372,35,78.77021006062454,3.685681456120382,30.06281752775093,0.5851050969917804,0.4580787203613669,0.2628875253290781,0.3587753571079665,74,6,18,9.643775145641,0.0035251073369459243,0.9999325447735349,35,187.24449908543093,4.336812574859805,32.714592535352935,1.6209153244923928,1.0223210554421847,0.2672304813231769,2.4369643763636453,94
6,330,303.3788996537525,286.0726938275021,26,6,2.4350351938635586,0.06178779735726788,0.9145346641917372,35,78.77021006062454,3.685681456120382,30.06281752775093,0.5851050969917804,0.4580787203613669,0.2628875253290781,0.3587753571079665,74,6,18,9.643775145641,0.0035251073369459243,0.9999325447735349,35,187.24449908543093,4.336812574859805,32.714592535352935,1.6209153244923928,1.0223210554421847,0.2672304813231769,2.4369643763636453,94
6,331,301.8324166021224,286.0726938275021,26,7,2.4300881439532125,0.09951178248168997,0.9117624685884315,36,81.60393671714878,3.71104952642041,31.04491048683511,0.5898938117567343,0.4689138670842891,0.251323102714537,0.3706086152059247,73,5,18,8.412523730062942,0.014153823271093787,0.9997706115748116,36,196.30261427467227,4.2787421960029235,33.81981956229019,1.3799405255768187,0.8517627847253102,0.25512701950153305,1.750544901069146,91
6,332,301.8324166021224,286.0726938275021,26,7,2.4300881439532125,0.09951178248168997,0.9117624685884315,36,81.60393671714878,3.71104952642041,31.04491048683511,0.5898938117567343,0.4689138670842891,0.251323102714537,0.3706086152059247,73,5,18,8.412523730062942,0.014153823271093787,0.9997706115748116,36,196.30261427467227,4.2787421960029235,33.81981956229019,1.3799405255768187,0.8517627847253102,0.25512701950153305,1.750544901069146,91
6,333,301.8324166021224,286.0726938275021,26,7,2.4300881439532125,0.09951178248168997,0.9117624685884315,36,81.60393671714878,3.71104952642041,31.04491048683511,0.5898938117567343,0.4689138670842891,0.251323102714537,0.3706086152059247,73,5,18,8.412523730062942,0.014153823271093787,0.9997706115748116,36,196.30261427467227,4.2787421960029235,33.81981956229019,1.3799405255768187,0.8517627847253102,0.25512701950153305,1.750544901069146,91
6,334,301.8324166021224,286.0726938275021,26,7,2.4300881439532125,0.09951178248168997,0.9117624685884315,36,81.60393671714878,3.71104952642041,31.04491048683511,0.5898938117567343,0.4689138670842891,0.251323102714537,0.3706086152059247,73,5,18,8.412523730062942,0.014153823271093787,0.9997706115748116,36,196.30261427467227,4.2787421960029235,33.81981956229019,1.3799405255768187,0.8517627847253102,0.25512701950153305,1.750544901069146,91
6,335,301.8324166021224,286.0726938275021,26,7,2.4300881439532125,0.09951178248168997,0.9117624685884315,36,81.60393671714878,3.71104952642041,31.04491048683511,0.5898938117567343,0.4689138670842891,0.251323102714537,0.3706086152059247,73,5,18,8.412523730062942,0.014153823271093787,0.9997706115748116,36,196.30261427467227,4.2787421960029235,33.81981956229019,1.3799405255768187,0.8517627847253102,0.25512701950153305,1.750544901069146,91
6,336,299.4293509346466,286.0726938275021,26,7,2.4270653177156003,0.09948893685984794,0.9114898875686586,36,83.57773742890414,3.3201070950455343,31.343309567021144,0.5866637163134789,0.4652911717862266,0.2512197221862844,0.3692047135947514,73,5,18,8.411929127239418,0.014152017755240184,0.9997704872387829,36,196.82271502898215,4.243199863227801,33.8603285716106,1.379918360264866,0.8517090514085539,0.2551363313705713,1.7505136309851006,91
6,337,299.4293509346466,286.0726938275021,26,7,2.4270653177156003,0.09948893685984794,0.9114898875686586,36,83.57773742890414,3.3201070950455343,31.343309567021144,0.5866637163134789,0.4652911717862266,0.2512197221862844,0.3692047135947514,73,5,18,8.411929127239418,0.014152017755240184,0.9997704872387829,36,196.82271502898215,4.243199863227801,33.8603285716106,1.379918360264866,0.8517090514085539,0.2551363313705713,1.7505136309851006,91
6,338,299.4293509346466,286.0726938275021,26,7,2.4270653177156003,0.09948893685984794,0.9114898875686586,36,83.57773742890414,3.3201070950455343,31.343309567021144,0.5866637163134789,0.4652911717862266,0.2512197221862844,0.3692047135947514,73,5,18,8.411929127239418,0.014152017755240184,0.9997704872387829,36,196.82271502898215,4.243199863227801,33.8603285716106,1.379918360264866,0.8517090514085539,0.2551363313705713,1.7505136309851006,91
6,339,299.4293509346466,286.0726938275021,26,7,2.4270653177156003,0.09948893685984794,0.9114898875686586,36,83.57773742890414,3.3201070950455343,31.343309567021144,0.5866637163134789,0.4652911717862266,0.2512197221862844,0.3692047135947514,73,5,18,8.411929127239418,0.014152017755240184,0.9997704872387829,36,196.82271502898215,4.243199863227801,33.8603285716106,1.379918360264866,0.8517090514085539,0.2551363313705713,1.7505136309851006,91
6,340,299.4293509346466,297.5807321317282,26,7,2.4270653177156003,0.09948893685984794,0.9114898875686586,36,83.57773742890414,3.3201070950455343,31.343309567021144,0.5866637163134789,0.4652911717862266,0.2512197221862844,0.3692047135947514,73,5,18,8.411929127239418,0.014152017755240184,0.9997704872387829,36,196.82271502898215,4.243199863227801,33.8603285716106,1.379918360264866,0.8517090514085539,0.2551363313705713,1.7505136309851006,91
6,341,297.4634750259572,297.5807321317282,25,7,2.743029015773524,0.026822869715464732,0.9363360846313369,37,86.28433466546669,3.3622922468165646,32.258019294176606,0.5629023017200123,0.43496179358593495,0.21544967892222117,0.3362081901857862,78,5,17,8.879775043687113,0.008398599448253682,0.9998544306648544,37,205.90190724159513,4.096323915141284,34.870874577013964,1.4203032020735014,0.8938887133598722,0.2672182965850342,1.8472775526592304,89
6,342,297.4634750259572,297.5807321317282,25,7,2.743029015773524,0.026822869715464732,0.9363360846313369,37,86.28433466546669,3.3622922468165646,32.258019294176606,0.5629023017200123,0.43496179358593495,0.21544967892222117,0.3362081901857862,78,5,17,8.879775043687113,0.008398599448253682,0.9998544306648544,37,205.90190724159513,4.096323915141284,34.870874577013964,1.4203032020735014,0.8938887133598722,0.2672182965850342,1.8472775526592304,89
6,343,297.4634750259572,297.5807321317282,25,7,2.743029015773524,0.026822869715464732,0.9363360846313369,37,86.28433466546669,3.3622922468165646,32.258019294176606,0.5629023017200123,0.43496179358593495,0.21544967892222117,0.3362081901857862,78,5,17,8.879775043687113,0.008398599448253682,0.9998544306648544,37,205.90190724159513,4.096323915141284,34.870874577013964,1.4203032020735014,0.8938887133598722,0.2672182965850342,1.8472775526592304,89
6,344,297.4634750259572,297.5807321317282,25,7,2.743029015773524,0.026822869715464732,0.9363360846313369,37,86.28433466546669,3.3622922468165646,32.258019294176606,0.5629023017200123,0.43496179358593495,0.21544967892222117,0.3362081901857862,78,5,17,8.879775043687113,0.008398599448253682,0.9998544306648544,37,205.90190724159513,4.096323915141284,34.870874577013964,1.4203032020735014,0.8938887133598722,0.2672182965850342,1.8472775526592304,89
6,345,297.4634750259572,297.5807321317282,25,7,2.743029015773524,0.026822869715464732,0.9363360846313369,37,86.28433466546669,3.3622922468165646,32.258019294176606,0.5629023017200123,0.43496179358593495,0.21544967892222117,0.3362081901857862,78,5,17,8.879775043687113,0.008398599448253682,0.9998544306648544,37,205.90190724159513,4.096323915141284,34.870874577013964,1.4203032020735014,0.8938887133598722,0.2672182965850342,1.8472775526592304,89
6,346,295.8795328946756,297.5807321317282,25,7,2.7243906964641833,0.02681035256300046,0.9354660137551956,37,86.94252588871815,3.289577604658439,32.346284887130665,0.5619449654898638,0.43492442613267884,0.21538615611505144,0.33208881188842215,78,5,17,8.879070433793228,0.008398581708258098,0.9998542918033463,37,206.01245688855474,4.063346354739612,34.87482335616626,1.4173917078392073,0.89265168243752,0.2667923625756043,1.8394535705558448,89
6,347,295.8795328946756,297.5807321317282,25,7,2.7243906964641833,0.02681035256300046,0.9354660137551956,37,86.94252588871815,3.289577604658439,32.346284887130665,0.5619449654898638,0.43492442613267884,0.21538615611505144,0.33208881188842215,78,5,17,8.879070433793228,0.008398581708258098,0.9998542918033463,37,206.01245688855474,4.063346354739612,34.87482335616626,1.4173917078392073,0.89265168243752,0.2667923625756043,1.8394535705558448,89
6,348,295.8795328946756,297.5807321317282,25,7,2.7243906964641833,0.02681035256300046,0.9354660137551956,37,86.94252588871815,3.289577604658439,32.346284887130665,0.5619449654898638,0.43492442613267884,0.21538615611505144,0.33208881188842215,78,5,17,8.879070433793228,0.008398581708258098,0.9998542918033463,37,206.01245688855474,4.063346354739612,34.87482335616626,1.4173917078392073,0.89265168243752,0.2667923625756043,1.8394535705558448,89
6,349,295.8795328946756,297.5807321317282,25,7,2.7243906964641833,0.02681035256300046,0.9354660137551956,37,86.94252588871815,3.289577604658439,32.346284887130665,0.5619449654898638,0.43492442613267884,0.21538615611505144,0.33208881188842215,78,5,17,8.879070433793228,0.008398581708258098,0.9998542918033463,37,206.01245688855474,4.063346354739612,34.87482335616626,1.4173917078392073,0.89265168243752,0.2667923625756043,1.8394535705558448,89
6,350,295.8795328946756,308.2515840582489,25,7,2.7243906964641833,0.02681035256300046,0.9354660137551956,37,86.94252588871815,3.289577604658439,32.346284887130665,0.5619449654898638,0.43492442613267884,0.21538615611505144,0.33208881188842215,78,5,17,8.879070433793228,0.008398581708258098,0.9998542918033463,37,206.01245688855474,4.063346354739612,34.87482335616626,1.4173917078392073,0.89265168243752,0.2667923625756043,1.8394535705558448,89
6,351,294.6054218651924,308.2515840582489,25,8,2.8926584923551517,0.0362441095821819,0.9462151687478181,38,90.51146816663537,2.8850949753794333,33.38080172605642,0.5712984144059083,0.4523301771169774,0.2107303281732563,0.3334678303114162,76,5,16,8.580076380104197,0.005458914845074621,0.9997972190457255,38,214.6140502318306,4.073631054524899,35.87348252204095,1.366508305753489,0.8740776398016851,0.275248524751063,1.6935104335977553,87
6,352,294.6054218651924,308.2515840582489,25,8,2.8926584923551517,0.0362441095821819,0.9462151687478181,38,90.51146816663537,2.8850949753794333,33.38080172605642,0.5712984144059083,0.4523301771169774,0.2107303281732563,0.3334678303114162,76,5,16,8.580076380104197,0.005458914845074621,0.9997972190457255,38,214.6140502318306,4.073631054524899,35.87348252204095,1.366508305753489,0.8740776398016851,0.275248524751063,1.6935104335977553,87
6,353,294.6054218651924,308.2515840582489,25,8,2.8926584923551517,0.0362441095821819,0.9462151687478181,38,90.51146816663537,2.8850949753794333,33.38080172605642,0.5712984144059083,0.4523301771169774,0.2107303281732563,0.3334678303114162,76,5,16,8.580076380104197,0.005458914845074621,0.9997972190457255,38,214.6140502318306,4.073631054524899,35.87348252204095,1.366508305753489,0.8740776398016851,0.275248524751063,1.6935104335977553,87
6,354,294.6054218651924,308.2515840582489,25,8,2.8926584923551517,0.0362441095821819,0.9462151687478181,38,90.51146816663537,2.8850949753794333,33.38080172605642,0.5712984144059083,0.4523301771169774,0.2107303281732563,0.3334678303114162,76,5,16,8.580076380104197,0.005458914845074621,0.9997972190457255,38,214.6140502318306,4.073631054524899,35.87348252204095,1.366508305753489,0.8740776398016851,0.275248524751063,1.6935104335977553,87
6,355,294.6054218651924,308.2515840582489,25,8,2.8926584923551517,0.0362441095821819,0.9462151687478181,38,90.51146816663537,2.8850949753794333,33.38080172605642,0.5712984144059083,0.4523301771169774,0.2107303281732563,0.3334678303114162,76,5,16,8.580076380104197,0.005458914845074621,0.9997972190457255,38,214.6140502318306,4.073631054524899,35.87348252204095,1.366508305753489,0.8740776398016851,0.275248524751063,1.6935104335977553,87
6,356,292.9012495569565,308.2515840582489,25,8,2.8836875265574378,0.03623441950854722,0.9458047413500387,38,90.69043530044343,2.998256459185885,33.402328981319634,0.569596455931331,0.4503262360746562,0.21077842189123697,0.33310283651853695,76,5,16,8.580259913165627,0.0054589095813191895,0.9997972725900924,38,214.6566941491215,4.079802590996037,35.87459411755863,1.3655431212586153,0.8741737773486761,0.2759105058552296,1.6905080965840287,87
6,357,292.9012495569565,308.2515840582489,25,8,2.8836875265574378,0.03623441950854722,0.9458047413500387,38,90.69043530044343,2.998256459185885,33.402328981319634,0.569596455931331,0.4503262360746562,0.21077842189123697,0.33310283651853695,76,5,16,8.580259913165627,0.0054589095813191895,0.9997972725900924,38,214.6566941491215,4.079802590996037,35.87459411755863,1.3655431212586153,0.8741737773486761,0.2759105058552296,1.6905080965840287,87
6,358,292.9012495569565,308.2515840582489,25,8,2.8836875265574378,0.03623441950854722,0.9458047413500387,38,90.69043530044343,2.998256459185885,33.402328981319634,0.569596455931331,0.4503262360746562,0.21077842189123697,0.33310283651853695,76,5,16,8.580259913165627,0.0054589095813191895,0.9997972725900924,38,214.6566941491215,4.079802590996037,35.87459411755863,1.3655431212586153,0.8741737773486761,0.2759105058552296,1.6905080965840287,87
6,359,292.9012495569565,308.2515840582489,25,8,2.8836875265574378,0.03623441950854722,0.9458047413500387,38,90.69043530044343,2.998256459185885,33.402328981319634,0.569596455931331,0.4503262360746562,0.21077842189123697,0.33310283651853695,76,5,16,8.580259913165627,0.0054589095813191895,0.9997972725900924,38,214.6566941491215,4.079802590996037,35.87459411755863,1.3655431212586153,0.8741737773486761,0.2759105058552296,1.6905080965840287,87
6,360,292.9012495569565,317.6670088800785,25,8,2.8836875265574378,0.03623441950854722,0.9458047413500387,38,90.69043530044343,2.998256459185885,33.402328981319634,0.569596455931331,0.4503262360746562,0.21077842189123697,0.33310283651853695,76,5,16,8.580259913165627,0.0054589095813191895,0.9997972725900924,38,214.6566941491215,4.079802590996037,35.87459411755863,1.3655431212586153,0.8741737773486761,0.2759105058552296,1.6905080965840287,87
6,361,290.90959735339,317.6670088800785,26,8,2.642358910522377,0.1225136106432108,0.9286560928000825,39,93.24712061053962,3.1068056430691424,34.316781555825386,0.5793094160304606,0.4516948896301705,0.24817352757530306,0.3721618069115177,70,5,15,7.480077885620578,0.005159524989766018,0.9994146911105378,39,222.3000759786073,4.094465296050629,36.88178473930184,1.191136321968581,0.7946785237068527,0.2760383755181793,1.2528805501033233,85
6,362,290.90959735339,317.6670088800785,26,8,2.642358910522377,0.1225136106432108,0.9286560928000825,39,93.24712061053962,3.1068056430691424,34.316781555825386,0.5793094160304606,0.4516948896301705,0.24817352757530306,0.3721618069115177,70,5,15,7.480077885620578,0.005159524989766018,0.9994146911105378,39,222.3000759786073,4.094465296050629,36.88178473930184,1.191136321968581,0.7946785237068527,0.2760383755181793,1.2528805501033233,85
6,363,290.90959735339,317.6670088800785,26,8,2.642358910522377,0.1225136106432108,0.9286560928000825,39,93.24712061053962,3.1068056430691424,34.316781555825386,0.5793094160304606,0.4516948896301705,0.24817352757530306,0.3721618069115177,70,5,15,7.480077885620578,0.005159524989766018,0.9994146911105378,39,222.3000759786073,4.094465296050629,36.88178473930184,1.191136321968581,0.7946785237068527,0.2760383755181793,1.2528805501033233,85
6,364,290.90959735339,317.6670088800785,26,8,2.642358910522377,0.1225136106432108,0.9286560928000825,39,93.24712061053962,3.1068056430691424,34.316781555825386,0.5793094160304606,0.4516948896301705,0.24817352757530306,0.3721618069115177,70,5,15,7.480077885620578,0.005159524989766018,0.9994146911105378,39,222.3000759786073,4.094465296050629,36.88178473930184,1.191136321968581,0.7946785237068527,0.2760383755181793,1.2528805501033233,85
6,365,290.90959735339,317.6670088800785,26,8,2.642358910522377,0.1225136106432108,0.9286560928000825,39,93.24712061053962,3.1068056430691424,34.316781555825386,0.5793094160304606,0.4516948896301705,0.24817352757530306,0.3721618069115177,70,5,15,7.480077885620578,0.005159524989766018,0.9994146911105378,39,222.3000759786073,4.094465296050629,36.88178473930184,1.191136321968581,0.7946785237068527,0.2760383755181793,1.2528805501033233,85
6,366,289.9767693954814,317.6670088800785,26,8,2.6388530199933937,0.12250043322047204,0.9284034634805541,39,92.86486738347944,3.104384944376778,34.276832072712,0.5784334215533612,0.45086215541094204,0.24814832984151997,0.37087314274267213,70,5,15,7.478572519294775,0.0051578730301908475,0.9994134981564224,39,222.850964671122,4.054926417478811,36.93041291341831,1.189687057578933,0.7944479061018584,0.2700991350544018,1.2548505468786306,85
6,367,289.9767693954814,317.6670088800785,26,8,2.6388530199933937,0.12250043322047204,0.9284034634805541,39,92.86486738347944,3.104384944376778,34.276832072712,0.5784334215533612,0.45086215541094204,0.24814832984151997,0.37087314274267213,70,5,15,7.478572519294775,0.0051578730301908475,0.9994134981564224,39,222.850964671122,4.054926417478811,36.93041291341831,1.189687057578933,0.7944479061018584,0.2700991350544018,1.2548505468786306,85
6,368,289.9767693954814,317.6670088800785,26,8,2.6388530199933937,0.12250043322047204,0.9284034634805541,39,92.86486738347944,3.104384944376778,34.276832072712,0.5784334215533612,0.45086215541094204,0.24814832984151997,0.37087314274267213,70,5,15,7.478572519294775,0.0051578730301908475,0.9994134981564224,39,222.850964671122,4.054926417478811,36.93041291341831,1.189687057578933,0.7944479061018584,0.2700991350544018,1.2548505468786306,85
6,369,289.9767693954814,317.6670088800785,26,8,2.6388530199933937,0.12250043322047204,0.9284034634805541,39,92.86486738347944,3.104384944376778,34.276832072712,0.5784334215533612,0.45086215541094204,0.24814832984151997,0.37087314274267213,70,5,15,7.478572519294775,0.0051578730301908475,0.9994134981564224,39,222.850964671122,4.054926417478811,36.93041291341831,1.189687057578933,0.7944479061018584,0.2700991350544018,1.2548505468786306,85
6,370,289.9767693954814,325.6846297765103,26,8,2.6388530199933937,0.12250043322047204,0.9284034634805541,39,92.86486738347944,3.104384944376778,34.276832072712,0.5784334215533612,0.45086215541094204,0.24814832984151997,0.37087314274267213,70,5,15,7.478572519294775,0.0051578730301908475,0.9994134981564224,39,222.850964671122,4.054926417478811,36.93041291341831,1.189687057578933,0.7944479061018584,0.2700991350544018,1.2548505468786306,85
6,371,289.9314278700844,325.6846297765103,26,9,2.903258124978772,0.13468733007349695,0.9317063084024201,40,95.39058831853143,3.2355547367068653,35.16912928723542,0.5466427811456767,0.4207943061011998,0.24350169094984483,0.3482994383476262,70,5,14,6.297039133904611,0.0037908683075768,0.9981117839448713,40,229.0444112319481,4.0581555677663115,37.924442951774196,1.0539512057973583,0.7242512439343849,0.26767896955941783,0.9674703266289748,84
6,372,289.9314278700844,325.6846297765103,26,9,2.903258124978772,0.13468733007349695,0.9317063084024201,40,95.39058831853143,3.2355547367068653,35.16912928723542,0.5466427811456767,0.4207943061011998,0.24350169094984483,0.3482994383476262,70,5,14,6.297039133904611,0.0037908683075768,0.9981117839448713,40,229.0444112319481,4.0581555677663115,37.924442951774196,1.0539512057973583,0.7242512439343849,0.26767896955941783,0.9674703266289748,84
6,373,289.9314278700844,325.6846297765103,26,9,2.903258124978772,0.13468733007349695,0.9317063084024201,40,95.39058831853143,3.2355547367068653,35.16912928723542,0.5466427811456767,0.4207943061011998,0.24350169094984483,0.3482994383476262,70,5,14,6.297039133904611,0.0037908683075768,0.9981117839448713,40,229.0444112319481,4.0581555677663115,37.924442951774196,1.0539512057973583,0.7242512439343849,0.26767896955941783,0.9674703266289748,84
6,374,289.9314278700844,325.6846297765103,26,9,2.903258124978772,0.13468733007349695,0.9317063084024201,40,95.39058831853143,3.2355547367068653,35.16912928723542,0.5466427811456767,0.4207943061011998,0.24350169094984483,0.3482994383476262,70,5,14,6.297039133904611,0.0037908683075768,0.9981117839448713,40,229.0444112319481,4.0581555677663115,37.924442951774196,1.0539512057973583,0.7242512439343849,0.26767896955941783,0.9674703266289748,84
6,375,289.9314278700844,325.6846297765103,26,9,2.903258124978772,0.13468733007349695,0.9317063084024201,40,95.39058831853143,3.2355547367068653,35.16912928723542,0.5466427811456767,0.4207943061011998,0.24350169094984483,0.3482994383476262,70,5,14,6.297039133904611,0.0037908683075768,0.9981117839448713,40,229.0444112319481,4.0581555677663115,37.924442951774196,1.0539512057973583,0.7242512439343849,0.26767896955941783,0.9674703266289748,84
6,376,289.22410372521483,325.6846297765103,26,9,2.906637487524495,0.13468066859406055,0.9319940668933046,40,95.40763104561367,3.2544732873652076,35.16435571503359,0.5469131406943123,0.42099013093951304,0.24351537481775679,0.34820096214375545,70,5,14,6.29696998780808,0.003790847625668873,0.9981116437086818,40,229.0468405316809,4.05702561028758,37.92662591088319,1.0532357781087922,0.7238025561209939,0.2676215444774942,0.965910333443046,84
6,377,289.22410372521483,325.6846297765103,26,9,2.906637487524495,0.13468066859406055,0.9319940668933046,40,95.40763104561367,3.2544732873652076,35.16435571503359,0.5469131406943123,0.42099013093951304,0.24351537481775679,0.34820096214375545,70,5,14,6.29696998780808,0.003790847625668873,0.9981116437086818,40,229.0468405316809,4.05702561028758,37.92662591088319,1.0532357781087922,0.7238025561209939,0.2676215444774942,0.965910333443046,84
6,378,289.22410372521483,325.6846297765103,26,9,2.906637487524495,0.13468066859406055,0.9319940668933046,40,95.40763104561367,3.2544732873652076,35.16435571503359,0.5469131406943123,0.42099013093951304,0.24351537481775679,0.34820096214375545,70,5,14,6.29696998780808,0.003790847625668873,0.9981116437086818,40,229.0468405316809,4.05702561028758,37.92662591088319,1.0532357781087922,0.7238025561209939,0.2676215444774942,0.965910333443046,84
6,379,289.22410372521483,325.6846297765103,26,9,2.906637487524495,0.13468066859406055,0.9319940668933046,40,95.40763104561367,3.2544732873652076,35.16435571503359,0.5469131406943123,0.42099013093951304,0.24351537481775679,0.34820096214375545,70,5,14,6.29696998780808,0.003790847625668873,0.9981116437086818,40,229.0468405316809,4.05702561028758,37.92662591088319,1.0532357781087922,0.7238025561209939,0.2676215444774942,0.965910333443046,84
6,380,289.22410372521483,333.2547339561292,26,9,2.906637487524495,0.13468066859406055,0.9319940668933046,40,95.40763104561367,3.2544732873652076,35.16435571503359,0.5469131406943123,0.42099013093951304,0.24351537481775679,0.34820096214375545,70,5,14,6.29696998780808,0.003790847625668873,0.9981116437086818,40,229.0468405316809,4.05702561028758,37.92662591088319,1.0532357781087922,0.7238025561209939,0.2676215444774942,0.965910333443046,84
6,381,289.20123400551137,333.2547339561292,25,9,3.0422246217157514,0.03972420317734807,0.9473551019602052,41,98.38231852094647,3.2923334678906477,36.10439433845063,0.5399461304226407,0.41761442505986873,0.21447741540764292,0.3107035065327474,73,4,14,5.860666823262278,0.03562955210561928,0.9970051677317932,41,235.0003807380526,4.092301815414011,38.93015899796252,0.7816333088552905,0.5770759533075497,0.2726737169814411,0.4857935808583403,82
6,382,289.20123400551137,333.2547339561292,25,9,3.0422246217157514,0.03972420317734807,0.9473551019602052,41,98.38231852094647,3.2923334678906477,36.10439433845063,0.5399461304226407,0.41761442505986873,0.21447741540764292,0.3107035065327474,73,4,14,5.860666823262278,0.03562955210561928,0.9970051677317932,41,235.0003807380526,4.092301815414011,38.93015899796252,0.7816333088552905,0.5770759533075497,0.2726737169814411,0.4857935808583403,82
6,383,289.20123400551137,333.2547339561292,25,9,3.0422246217157514,0.03972420317734807,0.9473551019602052,41,98.38231852094647,3.2923334678906477,36.10439433845063,0.5399461304226407,0.41761442505986873,0.21447741540764292,0.3107035065327474,73,4,14,5.860666823262278,0.03562955210561928,0.9970051677317932,41,235.0003807380526,4.092301815414011,38.93015899796252,0.7816333088552905,0.5770759533075497,0.2726737169814411,0.4857935808583403,82
6,384,289.20123400551137,333.2547339561292,25,9,3.0422246217157514,0.03972420317734807,0.9473551019602052,41,98.38231852094647,3.2923334678906477,36.10439433845063,0.5399461304226407,0.41761442505986873,0.21447741540764292,0.3107035065327474,73,4,14,5.860666823262278,0.03562955210561928,0.9970051677317932,41,235.0003807380526,4.092301815414011,38.93015899796252,0.7816333088552905,0.5770759533075497,0.2726737169814411,0.4857935808583403,82
6,385,289.20123400551137,333.2547339561292,25,9,3.0422246217157514,0.03972420317734807,0.9473551019602052,41,98.38231852094647,3.2923334678906477,36.10439433845063,0.5399461304226407,0.41761442505986873,0.21447741540764292,0.3107035065327474,73,4,14,5.860666823262278,0.03562955210561928,0.9970051677317932,41,235.0003807380526,4.092301815414011,38.93015899796252,0.7816333088552905,0.5770759533075497,0.2726737169814411,0.4857935808583403,82
6,386,289.17838192401723,333.2547339561292,25,9,3.0447039212431832,0.03969353782587174,0.9473963252596954,41,98.33513193141276,3.288333233881754,36.096457980151,0.5415775945075321,0.4205222826601029,0.21446477953533766,0.3094058776237199,73,4,14,5.864758460461104,0.03562697226570762,0.997015762574637,41,234.99475270932527,4.092168824929702,38.93112040292171,0.7815011852863616,0.5776276335027711,0.27267068484430435,0.4855248339741312,82
6,387,289.17838192401723,333.2547339561292,25,9,3.0447039212431832,0.03969353782587174,0.9473963252596954,41,98.33513193141276,3.288333233881754,36.096457980151,0.5415775945075321,0.4205222826601029,0.21446477953533766,0.3094058776237199,73,4,14,5.864758460461104,0.03562697226570762,0.997015762574637,41,234.99475270932527,4.092168824929702,38.93112040292171,0.7815011852863616,0.5776276335027711,0.27267068484430435,0.4855248339741312,82
6,388,289.17838192401723,333.2547339561292,25,9,3.0447039212431832,0.03969353782587174,0.9473963252596954,41,98.33513193141276,3.288333233881754,36.096457980151,0.5415775945075321,0.4205222826601029,0.21446477953533766,0.3094058776237199,73,4,14,5.864758460461104,0.03562697226570762,0.997015762574637,41,234.99475270932527,4.092168824929702,38.93112040292171,0.7815011852863616,0.5776276335027711,0.27267068484430435,0.4855248339741312,82
6,389,289.17838192401723,333.2547339561292,25,9,3.0447039212431832,0.03969353782587174,0.9473963252596954,41,98.33513193141276,3.288333233881754,36.096457980151,0.5415775945075321,0.4205222826601029,0.21446477953533766,0.3094058776237199,73,4,14,5.864758460461104,0.03562697226570762,0.997015762574637,41,234.99475270932527,4.092168824929702,38.93112040292171,0.7815011852863616,0.5776276335027711,0.27267068484430435,0.4855248339741312,82
6,390,289.17838192401723,341.7906686944428,25,9,3.0447039212431832,0.03969353782587174,0.9473963252596954,41,98.33513193141276,3.288333233881754,36.096457980151,0.5415775945075321,0.4205222826601029,0.21446477953533766,0.3094058776237199,73,4,14,5.864758460461104,0.03562697226570762,0.997015762574637,41,234.99475270932527,4.092168824929702,38.93112040292171,0.7815011852863616,0.5776276335027711,0.27267068484430435,0.4855248339741312,82
6,391,289.1668912186393,341.7906686944428,24,9,2.74318392828395,0.010711676287383343,0.9391856677646903,42,101.20193577120087,3.2973396648076148,37.042518294860294,0.5423025568030897,0.4260743015034353,0.19038311877321537,0.27752251661534283,75,4,15,6.706808924164732,0.030815010701127687,0.9983902287635473,42,241.76463003872547,4.12288951652728,39.93158792410599,0.9094835700616825,0.6419909980812304,0.2795530059343956,0.6928845039294037,81
6,392,289.1668912186393,341.7906686944428,24,9,2.74318392828395,0.010711676287383343,0.9391856677646903,42,101.20193577120087,3.2973396648076148,37.042518294860294,0.5423025568030897,0.4260743015034353,0.19038311877321537,0.27752251661534283,75,4,15,6.706808924164732,0.030815010701127687,0.9983902287635473,42,241.76463003872547,4.12288951652728,39.93158792410599,0.9094835700616825,0.6419909980812304,0.2795530059343956,0.6928845039294037,81
6,393,289.1668912186393,341.7906686944428,24,9,2.74318392828395,0.010711676287383343,0.9391856677646903,42,101.20193577120087,3.2973396648076148,37.042518294860294,0.5423025568030897,0.4260743015034353,0.19038311877321537,0.27752251661534283,75,4,15,6.706808924164732,0.030815010701127687,0.9983902287635473,42,241.76463003872547,4.12288951652728,39.93158792410599,0.9094835700616825,0.6419909980812304,0.2795530059343956,0.6928845039294037,81
6,394,289.1668912186393,341.7906686944428,24,9,2.74318392828395,0.010711676287383343,0.9391856677646903,42,101.20193577120087,3.2973396648076148,37.042518294860294,0.5423025568030897,0.4260743015034353,0.19038311877321537,0.27752251661534283,75,4,15,6.706808924164732,0.030815010701127687,0.9983902287635473,42,241.76463003872547,4.12288951652728,39.93158792410599,0.9094835700616825,0.6419909980812304,0.2795530059343956,0.6928845039294037,81
6,395,289.1668912186393,341.7906686944428,24,9,2.74318392828395,0.010711676287383343,0.9391856677646903,42,101.20193577120087,3.2973396648076148,37.042518294860294,0.5423025568030897,0.4260743015034353,0.19038311877321537,0.27752251661534283,75,4,15,6.706808924164732,0.030815010701127687,0.9983902287635473,42,241.76463003872547,4.12288951652728,39.93158792410599,0.9094835700616825,0.6419909980812304,0.2795530059343956,0.6928845039294037,81
6,396,289.4120586542294,341.7906686944428,24,9,2.743321350592515,0.010706810530561106,0.9391917426301752,42,101.76995780525586,3.294466346048621,37.10790428026863,0.5434659029747041,0.4287848734094996,0.19029292176883777,0.2777816852668484,75,4,15,6.706669755485575,0.03081492564734778,0.9983899394641179,42,241.8040538464285,4.117467783873459,39.93034889919839,0.8997745161731743,0.6384825591382833,0.2792981511160726,0.6751868384230012,81
6,397,289.4120586542294,341.7906686944428,24,9,2.743321350592515,0.010706810530561106,0.9391917426301752,42,101.76995780525586,3.294466346048621,37.10790428026863,0.5434659029747041,0.4287848734094996,0.19029292176883777,0.2777816852668484,75,4,15,6.706669755485575,0.03081492564734778,0.9983899394641179,42,241.8040538464285,4.117467783873459,39.93034889919839,0.8997745161731743,0.6384825591382833,0.2792981511160726,0.6751868384230012,81
6,398,289.4120586542294,341.7906686944428,24,9,2.743321350592515,0.010706810530561106,0.9391917426301752,42,101.76995780525586,3.294466346048621,37.10790428026863,0.5434659029747041,0.4287848734094996,0.19029292176883777,0.2777816852668484,75,4,15,6.706669755485575,0.03081492564734778,0.9983899394641179,42,241.8040538464285,4.117467783873459,39.93034889919839,0.8997745161731743,0.6384825591382833,0.2792981511160726,0.6751868384230012,81
6,399,289.4120586542294,341.7906686944428,24,9,2.743321350592515,0.010706810530561106,0.9391917426301752,42,101.76995780525586,3.294466346048621,37.10790428026863,0.5434659029747041,0.4287848734094996,0.19029292176883777,0.2777816852668484,75,4,15,6.706669755485575,0.03081492564734778,0.9983899394641179,42,241.8040538464285,4.117467783873459,39.93034889919839,0.8997745161731743,0.6384825591382833,0.2792981511160726,0.6751868384230012,81
6,400,289.4120586542294,350.48999136414733,24,9,2.743321350592515,0.010706810530561106,0.9391917426301752,42,101.76995780525586,3.294466346048621,37.10790428026863,0.5434659029747041,0.4287848734094996,0.19029292176883777,0.2777816852668484,75,4,15,6.706669755485575,0.03081492564734778,0.9983899394641179,42,241.8040538464285,4.117467783873459,39.93034889919839,0.8997745161731743,0.6384825591382833,0.2792981511160726,0.6751868384230012,81
6,401,289.40012156535033,350.48999136414733,24,10,2.0503605579969677,0.005312790644749765,0.8849100137354112,43,103.69516083736283,3.2973946559674063,37.98004256511268,0.5354734640903434,0.40756082759208123,0.19765526302724964,0.28848401514145333,74,4,16,7.4327132507382325,0.03182206591492894,0.9990937342176619,43,249.3295983716118,4.149115155566021,40.93306949092035,1.0186418417812468,0.6962919430256758,0.2839080001947467,0.8986711842529926,79
6,402,289.40012156535033,350.48999136414733,24,10,2.0503605579969677,0.005312790644749765,0.8849100137354112,43,103.69516083736283,3.2973946559674063,37.98004256511268,0.5354734640903434,0.40756082759208123,0.19765526302724964,0.28848401514145333,74,4,16,7.4327132507382325,0.03182206591492894,0.9990937342176619,43,249.3295983716118,4.149115155566021,40.93306949092035,1.0186418417812468,0.6962919430256758,0.2839080001947467,0.8986711842529926,79
6,403,289.40012156535033,350.48999136414733,24,10,2.0503605579969677,0.005312790644749765,0.8849100137354112,43,103.69516083736283,3.2973946559674063,37.98004256511268,0.5354734640903434,0.40756082759208123,0.19765526302724964,0.28848401514145333,74,4,16,7.4327132507382325,0.03182206591492894,0.9990937342176619,43,249.3295983716118,4.149115155566021,40.93306949092035,1.0186418417812468,0.6962919430256758,0.2839080001947467,0.8986711842529926,79
6,404,289.40012156535033,350.48999136414733,24,10,2.0503605579969677,0.005312790644749765,0.8849100137354112,43,103.69516083736283,3.2973946559674063,37.98004256511268,0.5354734640903434,0.40756082759208123,0.19765526302724964,0.28848401514145333,74,4,16,7.4327132507382325,0.03182206591492894,0.9990937342176619,43,249.3295983716118,4.149115155566021,40.93306949092035,1.0186418417812468,0.6962919430256758,0.2839080001947467,0.8986711842529926,79
6,405,289.40012156535033,350.48999136414733,24,10,2.0503605579969677,0.005312790644749765,0.8849100137354112,43,103.69516083736283,3.2973946559674063,37.98004256511268,0.5354734640903434,0.40756082759208123,0.19765526302724964,0.28848401514145333,74,4,16,7.4327132507382325,0.03182206591492894,0.9990937342176619,43,249.3295983716118,4.149115155566021,40.93306949092035,1.0186418417812468,0.6962919430256758,0.2839080001947467,0.8986711842529926,79
6,406,289.3901694812505,350.48999136414733,24,10,2.051102839999139,0.005312729062997734,0.8849788504628275,43,103.83912272277868,3.295644943940946,38.006185768565,0.5387702006796379,0.41004214739652356,0.19762781519526013,0.29224750176999986,74,4,16,7.433214240921099,0.031822018092102645,0.9990942033587854,43,249.2556364486565,4.149009119734892,40.92928534707102,1.019416006351078,0.6964502376171855,0.28390642300175806,0.9002809571759105,79
6,407,289.3901694812505,350.48999136414733,24,10,2.051102839999139,0.005312729062997734,0.8849788504628275,43,103.83912272277868,3.295644943940946,38.006185768565,0.5387702006796379,0.41004214739652356,0.19762781519526013,0.29224750176999986,74,4,16,7.433214240921099,0.031822018092102645,0.9990942033587854,43,249.2556364486565,4.149009119734892,40.92928534707102,1.019416006351078,0.6964502376171855,0.28390642300175806,0.9002809571759105,79
6,408,289.3901694812505,350.48999136414733,24,10,2.051102839999139,0.005312729062997734,0.8849788504628275,43,103.83912272277868,3.295644943940946,38.006185768565,0.5387702006796379,0.41004214739652356,0.19762781519526013,0.29224750176999986,74,4,16,7.433214240921099,0.031822018092102645,0.9990942033587854,43,249.2556364486565,4.149009119734892,40.92928534707102,1.019416006351078,0.6964502376171855,0.28390642300175806,0.9002809571759105,79
6,409,289.3901694812505,350.48999136414733,24,10,2.051102839999139,0.005312729062997734,0.8849788504628275,43,103.83912272277868,3.295644943940946,38.006185768565,0.5387702006796379,0.41004214739652356,0.19762781519526013,0.29224750176999986,74,4,16,7.433214240921099,0.031822018092102645,0.9990942033587854,43,249.2556364486565,4.149009119734892,40.92928534707102,1.019416006351078,0.6964502376171855,0.28390642300175806,0.9002809571759105,79
6,410,289.3901694812505,359.1400257350652,24,10,2.051102839999139,0.005312729062997734,0.8849788504628275,43,103.83912272277868,3.295644943940946,38.006185768565,0.5387702006796379,0.41004214739652356,0.19762781519526013,0.29224750176999986,74,4,16,7.433214240921099,0.031822018092102645,0.9990942033587854,43,249.2556364486565,4.149009119734892,40.92928534707102,1.019416006351078,0.6964502376171855,0.28390642300175806,0.9002809571759105,79
6,411,289.3791078401712,359.1400257350652,25,10,2.7869040696572918,0.02789979011954165,0.9143751864910156,44,106.67484610233852,3.3230382677372843,38.92915409839732,0.5132195061496656,0.3916515651781127,0.22494324207559008,0.29100837225324067,71,4,17,7.407708289811516,0.03777488250556168,0.999303629614294,44,256.52191621052634,4.18640336577412,41.924839103561816,1.1118789592625047,0.7388302487058878,0.28628625548643505,1.0912074404212178,78
6,412,289.3791078401712,359.1400257350652,25,10,2.7869040696572918,0.02789979011954165,0.9143751864910156,44,106.67484610233852,3.3230382677372843,38.92915409839732,0.5132195061496656,0.3916515651781127,0.22494324207559008,0.29100837225324067,71,4,17,7.407708289811516,0.03777488250556168,0.999303629614294,44,256.52191621052634,4.18640336577412,41.924839103561816,1.1118789592625047,0.7388302487058878,0.28628625548643505,1.0912074404212178,78
6,413,289.3791078401712,359.1400257350652,25,10,2.7869040696572918,0.02789979011954165,0.9143751864910156,44,106.67484610233852,3.3230382677372843,38.92915409839732,0.5132195061496656,0.3916515651781127,0.22494324207559008,0.29100837225324067,71,4,17,7.407708289811516,0.03777488250556168,0.999303629614294,44,256.52191621052634,4.18640336577412,41.924839103561816,1.1118789592625047,0.7388302487058878,0.28628625548643505,1.0912074404212178,78
6,414,289.3791078401712,359.1400257350652,25,10,2.7869040696572918,0.02789979011954165,0.9143751864910156,44,106.67484610233852,3.3230382677372843,38.92915409839732,0.5132195061496656,0.3916515651781127,0.22494324207559008,0.29100837225324067,71,4,17,7.407708289811516,0.03777488250556168,0.999303629614294,44,256.52191621052634,4.18640336577412,41.924839103561816,1.1118789592625047,0.7388302487058878,0.28628625548643505,1.0912074404212178,78
6,415,289.3791078401712,359.1400257350652,25,10,2.7869040696572918,0.02789979011954165,0.9143751864910156,44,106.67484610233852,3.3230382677372843,38.92915409839732,0.5132195061496656,0.3916515651781127,0.22494324207559008,0.29100837225324067,71,4,17,7.407708289811516,0.03777488250556168,0.999303629614294,44,256.52191621052634,4.18640336577412,41.924839103561816,1.1118789592625047,0.7388302487058878,0.28628625548643505,1.0912074404212178,78
6,416,289.3698726388418,359.1400257350652,25,10,2.7832125449600063,0.02789481414011045,0.91400765219848,44,106.78676466696244,3.3225163401861058,38.940553612171676,0.5114212888555457,0.3892771147299377,0.22492441543044434,0.291396775707166,71,4,17,7.407515901264728,0.03777461447655043,0.9993035015264424,44,256.3429033472032,4.185895474905251,41.916697774054576,1.1100662297112973,0.7380657318935884,0.2862852782008133,1.0872131270928724,78
6,417,289.3698726388418,359.1400257350652,25,10,2.7832125449600063,0.02789481414011045,0.91400765219848,44,106.78676466696244,3.3225163401861058,38.940553612171676,0.5114212888555457,0.3892771147299377,0.22492441543044434,0.291396775707166,71,4,17,7.407515901264728,0.03777461447655043,0.9993035015264424,44,256.3429033472032,4.185895474905251,41.916697774054576,1.1100662297112973,0.7380657318935884,0.2862852782008133,1.0872131270928724,78
6,418,289.3698726388418,359.1400257350652,25,10,2.7832125449600063,0.02789481414011045,0.91400765219848,44,106.78676466696244,3.3225163401861058,38.940553612171676,0.5114212888555457,0.3892771147299377,0.22492441543044434,0.291396775707166,71,4,17,7.407515901264728,0.03777461447655043,0.9993035015264424,44,256.3429033472032,4.185895474905251,41.916697774054576,1.1100662297112973,0.7380657318935884,0.2862852782008133,1.0872131270928724,78
6,419,289.3698726388418,359.1400257350652,25,10,2.7832125449600063,0.02789481414011045,0.91400765219848,44,106.78676466696244,3.3225163401861058,38.940553612171676,0.5114212888555457,0.3892771147299377,0.22492441543044434,0.291396775707166,71,4,17,7.407515901264728,0.03777461447655043,0.9993035015264424,44,256.3429033472032,4.185895474905251,41.916697774054576,1.1100662297112973,0.7380657318935884,0.2862852782008133,1.0872131270928724,78
6,420,289.3698726388418,367.5145334971592,25,10,2.7832125449600063,0.02789481414011045,0.91400765219848,44,106.78676466696244,3.3225163401861058,38.940553612171676,0.5114212888555457,0.3892771147299377,0.22492441543044434,0.291396775707166,71,4,17,7.407515901264728,0.03777461447655043,0.9993035015264424,44,256.3429033472032,4.185895474905251,41.916697774054576,1.1100662297112973,0.7380657318935884,0.2862852782008133,1.0872131270928724,78
6,421,289.3588838154096,367.5145334971592,26,10,2.835535031445135,0.13451359498802504,0.890683421579824,45,109.53686738703838,3.456866527535597,39.825441955368426,0.47276715423869076,0.36296155390799684,0.25611502729175156,0.29023890825890547,67,4,18,6.745797019731747,0.05035764346004009,0.998579591413378,45,263.0677453950738,4.235945964584087,42.91171929882964,1.1055142340147381,0.7346465102852093,0.2844293131063503,1.070630379565748,78
6,422,289.3588838154096,367.5145334971592,26,10,2.835535031445135,0.13451359498802504,0.890683421579824,45,109.53686738703838,3.456866527535597,39.825441955368426,0.47276715423869076,0.36296155390799684,0.25611502729175156,0.29023890825890547,67,4,18,6.745797019731747,0.05035764346004009,0.998579591413378,45,263.0677453950738,4.235945964584087,42.91171929882964,1.1055142340147381,0.7346465102852093,0.2844293131063503,1.070630379565748,78
6,423,289.3588838154096,367.5145334971592,26,10,2.835535031445135,0.13451359498802504,0.890683421579824,45,109.53686738703838,3.456866527535597,39.825441955368426,0.47276715423869076,0.36296155390799684,0.25611502729175156,0.29023890825890547,67,4,18,6.745797019731747,0.05035764346004009,0.998579591413378,45,263.0677453950738,4.235945964584087,42.91171929882964,1.1055142340147381,0.7346465102852093,0.2844293131063503,1.070630379565748,78
6,424,289.3588838154096,367.5145334971592,26,10,2.835535031445135,0.13451359498802504,0.890683421579824,45,109.53686738703838,3.456866527535597,39.825441955368426,0.47276715423869076,0.36296155390799684,0.25611502729175156,0.29023890825890547,67,4,18,6.745797019731747,0.05035764346004009,0.998579591413378,45,263.0677453950738,4.235945964584087,42.91171929882964,1.1055142340147381,0.7346465102852093,0.2844293131063503,1.070630379565748,78
6,425,289.3588838154096,367.5145334971592,26,10,2.835535031445135,0.13451359498802504,0.890683421579824,45,109.53686738703838,3.456866527535597,39.825441955368426,0.47276715423869076,0.36296155390799684,0.25611502729175156,0.29023890825890547,67,4,18,6.745797019731747,0.05035764346004009,0.998579591413378,45,263.0677453950738,4.235945964584087,42.91171929882964,1.1055142340147381,0.7346465102852093,0.2844293131063503,1.070630379565748,78
6,426,287.4385419824588,367.5145334971592,26,10,2.829323639061304,0.13449573395709855,0.8897427672072636,45,109.47178562006778,3.4625694442522397,39.816857565210235,0.4726200256080766,0.36129204192728875,0.25632965561138427,0.2921157366648225,67,4,18,6.734060284891361,0.0566172511815668,0.9985640128037644,45,263.1032755274964,4.245075373658557,42.91268719482511,1.1049711248493108,0.734772033159593,0.28519960819784673,1.070542201391801,78
6,427,287.4385419824588,367.5145334971592,26,10,2.829323639061304,0.13449573395709855,0.8897427672072636,45,109.47178562006778,3.4625694442522397,39.816857565210235,0.4726200256080766,0.36129204192728875,0.25632965561138427,0.2921157366648225,67,4,18,6.734060284891361,0.0566172511815668,0.9985640128037644,45,263.1032755274964,4.245075373658557,42.91268719482511,1.1049711248493108,0.734772033159593,0.28519960819784673,1.070542201391801,78
6,428,287.4385419824588,367.5145334971592,26,10,2.829323639061304,0.13449573395709855,0.8897427672072636,45,109.47178562006778,3.4625694442522397,39.816857565210235,0.4726200256080766,0.36129204192728875,0.25632965561138427,0.2921157366648225,67,4,18,6.734060284891361,0.0566172511815668,0.9985640128037644,45,263.1032755274964,4.245075373658557,42.91268719482511,1.1049711248493108,0.734772033159593,0.28519960819784673,1.070542201391801,78
6,429,287.4385419824588,367.5145334971592,26,10,2.829323639061304,0.13449573395709855,0.8897427672072636,45,109.47178562006778,3.4625694442522397,39.816857565210235,0.4726200256080766,0.36129204192728875,0.25632965561138427,0.2921157366648225,67,4,18,6.734060284891361,0.0566172511815668,0.9985640128037644,45,263.1032755274964,4.245075373658557,42.91268719482511,1.1049711248493108,0.734772033159593,0.28519960819784673,1.070542201391801,78
6,430,287.4385419824588,375.2399845098625,26,10,2.829323639061304,0.13449573395709855,0.8897427672072636,45,109.47178562006778,3.4625694442522397,39.816857565210235,0.4726200256080766,0.36129204192728875,0.25632965561138427,0.2921157366648225,67,4,18,6.734060284891361,0.0566172511815668,0.9985640128037644,45,263.1032755274964,4.245075373658557,42.91268719482511,1.1049711248493108,0.734772033159593,0.28519960819784673,1.070542201391801,78
6,431,287.4210718410967,375.2399845098625,27,10,2.187833393176066,0.3139966402218508,0.8421116320183702,46,111.65582665642647,3.7763044460516184,40.65905241753517,0.4623848164944735,0.3531592607459586,0.29270875767102267,0.3261880606119601,62,4,19,6.172052491008169,0.06469398336694025,0.9964938133645568,46,269.3034996295899,4.309624920342166,43.90643755009392,1.0100178242345434,0.6756986472064469,0.28056208192871973,0.8789273075288009,78
6,432,287.4210718410967,375.2399845098625,27,10,2.187833393176066,0.3139966402218508,0.8421116320183702,46,111.65582665642647,3.7763044460516184,40.65905241753517,0.4623848164944735,0.3531592607459586,0.29270875767102267,0.3261880606119601,62,4,19,6.172052491008169,0.06469398336694025,0.9964938133645568,46,269.3034996295899,4.309624920342166,43.90643755009392,1.0100178242345434,0.6756986472064469,0.28056208192871973,0.8789273075288009,78
6,433,287.4210718410967,375.2399845098625,27,10,2.187833393176066,0.3139966402218508,0.8421116320183702,46,111.65582665642647,3.7763044460516184,40.65905241753517,0.4623848164944735,0.3531592607459586,0.29270875767102267,0.3261880606119601,62,4,19,6.172052491008169,0.06469398336694025,0.9964938133645568,46,269.3034996295899,4.309624920342166,43.90643755009392,1.0100178242345434,0.6756986472064469,0.28056208192871973,0.8789273075288009,78
6,434,287.4210718410967,375.2399845098625,27,10,2.187833393176066,0.3139966402218508,0.8421116320183702,46,111.65582665642647,3.7763044460516184,40.65905241753517,0.4623848164944735,0.3531592607459586,0.29270875767102267,0.3261880606119601,62,4,19,6.172052491008169,0.06469398336694025,0.9964938133645568,46,269.3034996295899,4.309624920342166,43.90643755009392,1.0100178242345434,0.6756986472064469,0.28056208192871973,0.8789273075288009,78
6,435,287.4210718410967,375.2399845098625,27,10,2.187833393176066,0.3139966402218508,0.8421116320183702,46,111.65582665642647,3.7763044460516184,40.65905241753517,0.4623848164944735,0.3531592607459586,0.29270875767102267,0.3261880606119601,62,4,19,6.172052491008169,0.06469398336694025,0.9964938133645568,46,269.3034996295899,4.309624920342166,43.90643755009392,1.0100178242345434,0.6756986472064469,0.28056208192871973,0.8789273075288009,78
6,436,287.36796910183887,375.2399845098625,27,10,2.185856974382314,0.31399558143538436,0.8417075077492541,46,111.68025106030811,3.775946623459217,40.66557753645661,0.45425619079650953,0.34098305121009914,0.2925961451075027,0.3221703050734226,62,4,19,6.1645598421966055,0.06469282177718445,0.9964875356724797,46,269.20440551757196,4.309366856541543,43.9118202540458,1.0113813646889223,0.6765333800577822,0.28056165498738783,0.8816144802215783,78
6,437,287.36796910183887,375.2399845098625,27,10,2.185856974382314,0.31399558143538436,0.8417075077492541,46,111.68025106030811,3.775946623459217,40.66557753645661,0.45425619079650953,0.34098305121009914,0.2925961451075027,0.3221703050734226,62,4,19,6.1645598421966055,0.06469282177718445,0.9964875356724797,46,269.20440551757196,4.309366856541543,43.9118202540458,1.0113813646889223,0.6765333800577822,0.28056165498738783,0.8816144802215783,78
6,438,287.36796910183887,375.2399845098625,27,10,2.185856974382314,0.31399558143538436,0.8417075077492541,46,111.68025106030811,3.775946623459217,40.66557753645661,0.45425619079650953,0.34098305121009914,0.2925961451075027,0.3221703050734226,62,4,19,6.1645598421966055,0.06469282177718445,0.9964875356724797,46,269.20440551757196,4.309366856541543,43.9118202540458,1.0113813646889223,0.6765333800577822,0.28056165498738783,0.8816144802215783,78
6,439,287.36796910183887,375.2399845098625,27,10,2.185856974382314,0.31399558143538436,0.8417075077492541,46,111.68025106030811,3.775946623459217,40.66557753645661,0.45425619079650953,0.34098305121009914,0.2925961451075027,0.3221703050734226,62,4,19,6.1645598421966055,0.06469282177718445,0.9964875356724797,46,269.20440551757196,4.309366856541543,43.9118202540458,1.0113813646889223,0.6765333800577822,0.28056165498738783,0.8816144802215783,78
6,440,287.36796910183887,382.6812893950146,27,10,2.185856974382314,0.31399558143538436,0.8417075077492541,46,111.68025106030811,3.775946623459217,40.66557753645661,0.45425619079650953,0.34098305121009914,0.2925961451075027,0.3221703050734226,62,4,19,6.1645598421966055,0.06469282177718445,0.9964875356724797,46,269.20440551757196,4.309366856541543,43.9118202540458,1.0113813646889223,0.6765333800577822,0.28056165498738783,0.8816144802215783,78
6,441,287.33264796871606,382.6812893950146,27,9,2.3107404461307888,0.29285403171729135,0.8800697049410634,47,114.08338430396596,4.06848862407917,41.5470760574708,0.4322440561064121,0.3216362796165942,0.29953804879152196,0.31315857469439995,58,4,20,6.003357718744319,0.06447025235334607,0.9960549144791259,47,275.21649016747637,4.373263400333092,44.91168176577458,0.8684254130956964,0.6145801374786094,0.27558533131737295,0.6127518104387258,78
6,442,287.33264796871606,382.6812893950146,27,9,2.3107404461307888,0.29285403171729135,0.8800697049410634,47,114.08338430396596,4.06848862407917,41.5470760574708,0.4322440561064121,0.3216362796165942,0.29953804879152196,0.31315857469439995,58,4,20,6.003357718744319,0.06447025235334607,0.9960549144791259,47,275.21649016747637,4.373263400333092,44.91168176577458,0.8684254130956964,0.6145801374786094,0.27558533131737295,0.6127518104387258,78
6,443,287.33264796871606,382.6812893950146,27,9,2.3107404461307888,0.29285403171729135,0.8800697049410634,47,114.08338430396596,4.06848862407917,41.5470760574708,0.4322440561064121,0.3216362796165942,0.29953804879152196,0.31315857469439995,58,4,20,6.003357718744319,0.06447025235334607,0.9960549144791259,47,275.21649016747637,4.373263400333092,44.91168176577458,0.8684254130956964,0.6145801374786094,0.27558533131737295,0.6127518104387258,78
6,444,287.33264796871606,382.6812893950146,27,9,2.3107404461307888,0.29285403171729135,0.8800697049410634,47,114.08338430396596,4.06848862407917,41.5470760574708,0.4322440561064121,0.3216362796165942,0.29953804879152196,0.31315857469439995,58,4,20,6.003357718744319,0.06447025235334607,0.9960549144791259,47,275.21649016747637,4.373263400333092,44.91168176577458,0.8684254130956964,0.6145801374786094,0.27558533131737295,0.6127518104387258,78
6,445,287.33264796871606,382.6812893950146,27,9,2.3107404461307888,0.29285403171729135,0.8800697049410634,47,114.08338430396596,4.06848862407917,41.5470760574708,0.4322440561064121,0.3216362796165942,0.29953804879152196,0.31315857469439995,58,4,20,6.003357718744319,0.06447025235334607,0.9960549144791259,47,275.21649016747637,4.373263400333092,44.91168176577458,0.8684254130956964,0.6145801374786094,0.27558533131737295,0.6127518104387258,78
6,446,287.3255539979609,382.6812893950146,27,9,2.3113781030472236,0.2928518352336438,0.8798783578868147,47,114.09653568149433,4.06834249678368,41.549336943438625,0.43307839544556676,0.32308860121409777,0.29951856088404827,0.3118447004659237,58,4,20,6.003519537645357,0.06447023746932005,0.9960550700096968,47,275.2431630870531,4.373118204359581,44.91046256657599,0.8681728880755801,0.6144112560494727,0.27558524861607314,0.612296003885446,78
6,447,287.3255539979609,382.6812893950146,27,9,2.3113781030472236,0.2928518352336438,0.8798783578868147,47,114.09653568149433,4.06834249678368,41.549336943438625,0.43307839544556676,0.32308860121409777,0.29951856088404827,0.3118447004659237,58,4,20,6.003519537645357,0.06447023746932005,0.9960550700096968,47,275.2431630870531,4.373118204359581,44.91046256657599,0.8681728880755801,0.6144112560494727,0.27558524861607314,0.612296003885446,78
6,448,287.3255539979609,382.6812893950146,27,9,2.3113781030472236,0.2928518352336438,0.8798783578868147,47,114.09653568149433,4.06834249678368,41.549336943438625,0.43307839544556676,0.32308860121409777,0.29951856088404827,0.3118447004659237,58,4,20,6.003519537645357,0.06447023746932005,0.9960550700096968,47,275.2431630870531,4.373118204359581,44.91046256657599,0.8681728880755801,0.6144112560494727,0.27558524861607314,0.612296003885446,78
6,449,287.3255539979609,382.6812893950146,27,9,2.3113781030472236,0.2928518352336438,0.8798783578868147,47,114.09653568149433,4.06834249678368,41.549336943438625,0.43307839544556676,0.32308860121409777,0.29951856088404827,0.3118447004659237,58,4,20,6.003519537645357,0.06447023746932005,0.9960550700096968,47,275.2431630870531,4.373118204359581,44.91046256657599,0.8681728880755801,0.6144112560494727,0.27558524861607314,0.612296003885446,78
6,450,287.3255539979609,389.9423301624419,27,9,2.3113781030472236,0.2928518352336438,0.8798783578868147,47,114.09653568149433,4.06834249678368,41.549336943438625,0.43307839544556676,0.32308860121409777,0.29951856088404827,0.3118447004659237,58,4,20,6.003519537645357,0.06447023746932005,0.9960550700096968,47,275.2431630870531,4.373118204359581,44.91046256657599,0.8681728880755801,0.6144112560494727,0.27558524861607314,0.612296003885446,78
6,451,286.77327347149696,389.9423301624419,27,8,2.1651689013237507,0.2518555877502166,0.8709803934364744,48,116.2082682566344,4.319631859915276,42.418650230100454,0.45170566366830595,0.34316827741185607,0.3086190223752326,0.32706783141941476,55,4,21,5.739715408551251,0.0597076209281154,0.996013335032337,48,281.00485019484466,4.432686753454217,45.91013733448522,0.7890361448508514,0.5908719249312653,0.2749957826764681,0.469081285549522,79
6,452,286.77327347149696,389.9423301624419,27,8,2.1651689013237507,0.2518555877502166,0.8709803934364744,48,116.2082682566344,4.319631859915276,42.418650230100454,0.45170566366830595,0.34316827741185607,0.3086190223752326,0.32706783141941476,55,4,21,5.739715408551251,0.0597076209281154,0.996013335032337,48,281.00485019484466,4.432686753454217,45.91013733448522,0.7890361448508514,0.5908719249312653,0.2749957826764681,0.469081285549522,79
6,453,286.77327347149696,389.9423301624419,27,8,2.1651689013237507,0.2518555877502166,0.8709803934364744,48,116.2082682566344,4.319631859915276,42.418650230100454,0.45170566366830595,0.34316827741185607,0.3086190223752326,0.32706783141941476,55,4,21,5.739715408551251,0.0597076209281154,0.996013335032337,48,281.00485019484466,4.432686753454217,45.91013733448522,0.7890361448508514,0.5908719249312653,0.2749957826764681,0.469081285549522,79
6,454,286.77327347149696,389.9423301624419,27,8,2.1651689013237507,0.2518555877502166,0.8709803934364744,48,116.2082682566344,4.319631859915276,42.418650230100454,0.45170566366830595,0.34316827741185607,0.3086190223752326,0.32706783141941476,55,4,21,5.739715408551251,0.0597076209281154,0.996013335032337,48,281.00485019484466,4.432686753454217,45.91013733448522,0.7890361448508514,0.5908719249312653,0.2749957826764681,0.469081285549522,79
6,455,286.77327347149696,389.9423301624419,27,8,2.1651689013237507,0.2518555877502166,0.8709803934364744,48,116.2082682566344,4.319631859915276,42.418650230100454,0.45170566366830595,0.34316827741185607,0.3086190223752326,0.32706783141941476,55,4,21,5.739715408551251,0.0597076209281154,0.996013335032337,48,281.00485019484466,4.432686753454217,45.91013733448522,0.7890361448508514,0.5908719249312653,0.2749957826764681,0.469081285549522,79
6,456,285.52279838146853,389.9423301624419,27,8,2.1387721852595227,0.2510848454390567,0.86782614085801,48,116.1207984543383,4.315314429243825,42.40982840799542,0.43789793202304783,0.3267257283562753,0.2977423114356528,0.3278496602091076,55,4,21,5.740009399264319,0.05970757238396699,0.9960139451768523,48,280.95803490766036,4.4325614595723595,45.91131173682771,0.7891647726997632,0.5908925554800878,0.2749957496591718,0.46927816202361977,79
6,457,285.52279838146853,389.9423301624419,27,8,2.1387721852595227,0.2510848454390567,0.86782614085801,48,116.1207984543383,4.315314429243825,42.40982840799542,0.43789793202304783,0.3267257283562753,0.2977423114356528,0.3278496602091076,55,4,21,5.740009399264319,0.05970757238396699,0.9960139451768523,48,280.95803490766036,4.4325614595723595,45.91131173682771,0.7891647726997632,0.5908925554800878,0.2749957496591718,0.46927816202361977,79
6,458,285.52279838146853,389.9423301624419,27,8,2.1387721852595227,0.2510848454390567,0.86782614085801,48,116.1207984543383,4.315314429243825,42.40982840799542,0.43789793202304783,0.3267257283562753,0.2977423114356528,0.3278496602091076,55,4,21,5.740009399264319,0.05970757238396699,0.9960139451768523,48,280.95803490766036,4.4325614595723595,45.91131173682771,0.7891647726997632,0.5908925554800878,0.2749957496591718,0.46927816202361977,79
6,459,285.52279838146853,389.9423301624419,27,8,2.1387721852595227,0.2510848454390567,0.86782614085801,48,116.1207984543383,4.315314429243825,42.40982840799542,0.43789793202304783,0.3267257283562753,0.2977423114356528,0.3278496602091076,55,4,21,5.740009399264319,0.05970757238396699,0.9960139451768523,48,280.95803490766036,4.4325614595723595,45.91131173682771,0.7891647726997632,0.5908925554800878,0.2749957496591718,0.46927816202361977,79
6,460,285.52279838146853,398.5928277349982,27,8,2.1387721852595227,0.2510848454390567,0.86782614085801,48,116.1207984543383,4.315314429243825,42.40982840799542,0.43789793202304783,0.3267257283562753,0.2977423114356528,0.3278496602091076,55,4,21,5.740009399264319,0.05970757238396699,0.9960139451768523,48,280.95803490766036,4.4325614595723595,45.91131173682771,0.7891647726997632,0.5908925554800878,0.2749957496591718,0.46927816202361977,79
6,461,285.50520783365516,398.5928277349982,27,7,1.963758890992737,0.2217329302277843,0.8597615638569152,49,118.12105696686021,4.536743184553103,43.26969189844652,0.44630466089618254,0.32448460279373614,0.30844668019295995,0.3457457792847617,53,5,21,7.208103437463706,0.01832895428905057,0.9992355041441346,49,288.25553682426755,4.450805212801069,46.9120904559454,0.9192514535876012,0.6518042720612589,0.2480382814728071,0.7034047740838797,82
6,462,285.50520783365516,398.5928277349982,27,7,1.963758890992737,0.2217329302277843,0.8597615638569152,49,118.12105696686021,4.536743184553103,43.26969189844652,0.44630466089618254,0.32448460279373614,0.30844668019295995,0.3457457792847617,53,5,21,7.208103437463706,0.01832895428905057,0.9992355041441346,49,288.25553682426755,4.450805212801069,46.9120904559454,0.9192514535876012,0.6518042720612589,0.2480382814728071,0.7034047740838797,82
6,463,285.50520783365516,398.5928277349982,27,7,1.963758890992737,0.2217329302277843,0.8597615638569152,49,118.12105696686021,4.536743184553103,43.26969189844652,0.44630466089618254,0.32448460279373614,0.30844668019295995,0.3457457792847617,53,5,21,7.208103437463706,0.01832895428905057,0.9992355041441346,49,288.25553682426755,4.450805212801069,46.9120904559454,0.9192514535876012,0.6518042720612589,0.2480382814728071,0.7034047740838797,82
6,464,285.50520783365516,398.5928277349982,27,7,1.963758890992737,0.2217329302277843,0.8597615638569152,49,118.12105696686021,4.536743184553103,43.26969189844652,0.44630466089618254,0.32448460279373614,0.30844668019295995,0.3457457792847617,53,5,21,7.208103437463706,0.01832895428905057,0.9992355041441346,49,288.25553682426755,4.450805212801069,46.9120904559454,0.9192514535876012,0.6518042720612589,0.2480382814728071,0.7034047740838797,82
6,465,285.50520783365516,398.5928277349982,27,7,1.963758890992737,0.2217329302277843,0.8597615638569152,49,118.12105696686021,4.536743184553103,43.26969189844652,0.44630466089618254,0.32448460279373614,0.30844668019295995,0.3457457792847617,53,5,21,7.208103437463706,0.01832895428905057,0.9992355041441346,49,288.25553682426755,4.450805212801069,46.9120904559454,0.9192514535876012,0.6518042720612589,0.2480382814728071,0.7034047740838797,82
6,466,285.47641174250725,398.5928277349982,27,7,1.968277272501149,0.22168820419031363,0.8607822760923881,49,118.0800202291054,4.5363749114451,43.26554911133694,0.4454506059467873,0.3229766466321728,0.30837975812943025,0.3439501131781297,53,5,21,7.208531201987859,0.018328926632591187,0.9992357797352981,49,288.20774336579336,4.450716058873153,46.91138681603726,0.9195527595193728,0.6519351794206865,0.24803822551395371,0.7039492569890738,82
6,467,285.47641174250725,398.5928277349982,27,7,1.968277272501149,0.22168820419031363,0.8607822760923881,49,118.0800202291054,4.5363749114451,43.26554911133694,0.4454506059467873,0.3229766466321728,0.30837975812943025,0.3439501131781297,53,5,21,7.208531201987859,0.018328926632591187,0.9992357797352981,49,288.20774336579336,4.450716058873153,46.91138681603726,0.9195527595193728,0.6519351794206865,0.24803822551395371,0.7039492569890738,82
6,468,285.47641174250725,398.5928277349982,27,7,1.968277272501149,0.22168820419031363,0.8607822760923881,49,118.0800202291054,4.5363749114451,43.26554911133694,0.4454506059467873,0.3229766466321728,0.30837975812943025,0.3439501131781297,53,5,21,7.208531201987859,0.018328926632591187,0.9992357797352981,49,288.20774336579336,4.450716058873153,46.91138681603726,0.9195527595193728,0.6519351794206865,0.24803822551395371,0.7039492569890738,82
6,469,285.47641174250725,398.5928277349982,27,7,1.968277272501149,0.22168820419031363,0.8607822760923881,49,118.0800202291054,4.5363749114451,43.26554911133694,0.4454506059467873,0.3229766466321728,0.30837975812943025,0.3439501131781297,53,5,21,7.208531201987859,0.018328926632591187,0.9992357797352981,49,288.20774336579336,4.450716058873153,46.91138681603726,0.9195527595193728,0.6519351794206865,0.24803822551395371,0.7039492569890738,82
6,470,285.47641174250725,406.6229573167666,27,7,1.968277272501149,0.22168820419031363,0.8607822760923881,49,118.0800202291054,4.5363749114451,43.26554911133694,0.4454506059467873,0.3229766466321728,0.30837975812943025,0.3439501131781297,53,5,21,7.208531201987859,0.018328926632591187,0.9992357797352981,49,288.20774336579336,4.450716058873153,46.91138681603726,0.9195527595193728,0.6519351794206865,0.24803822551395371,0.7039492569890738,82
6,471,285.4605572079872,406.6229573167666,27,6,1.9608427658243424,0.17736105444851846,0.8694017854079809,50,120.05534679007049,4.713475733907499,44.13539255917631,0.42736205087992807,0.30326791138413345,0.3235295425016224,0.3408026322987019,51,5,22,6.2890636989554,0.013124055443641258,0.9981143131517388,50,294.4939721762213,4.463778329492011,47.91071784552238,0.8819791631038484,0.6474105471659982,0.25622822396697437,0.620201249520188,84
6,472,285.4605572079872,406.6229573167666,27,6,1.9608427658243424,0.17736105444851846,0.8694017854079809,50,120.05534679007049,4.713475733907499,44.13539255917631,0.42736205087992807,0.30326791138413345,0.3235295425016224,0.3408026322987019,51,5,22,6.2890636989554,0.013124055443641258,0.9981143131517388,50,294.4939721762213,4.463778329492011,47.91071784552238,0.8819791631038484,0.6474105471659982,0.25622822396697437,0.620201249520188,84
6,473,285.4605572079872,406.6229573167666,27,6,1.9608427658243424,0.17736105444851846,0.8694017854079809,50,120.05534679007049,4.713475733907499,44.13539255917631,0.42736205087992807,0.30326791138413345,0.3235295425016224,0.3408026322987019,51,5,22,6.2890636989554,0.013124055443641258,0.9981143131517388,50,294.4939721762213,4.463778329492011,47.91071784552238,0.8819791631038484,0.6474105471659982,0.25622822396697437,0.620201249520188,84
6,474,285.4605572079872,406.6229573167666,27,6,1.9608427658243424,0.17736105444851846,0.8694017854079809,50,120.05534679007049,4.713475733907499,44.13539255917631,0.42736205087992807,0.30326791138413345,0.3235295425016224,0.3408026322987019,51,5,22,6.2890636989554,0.013124055443641258,0.9981143131517388,50,294.4939721762213,4.463778329492011,47.91071784552238,0.8819791631038484,0.6474105471659982,0.25622822396697437,0.620201249520188,84
6,475,285.4605572079872,406.6229573167666,27,6,1.9608427658243424,0.17736105444851846,0.8694017854079809,50,120.05534679007049,4.713475733907499,44.13539255917631,0.42736205087992807,0.30326791138413345,0.3235295425016224,0.3408026322987019,51,5,22,6.2890636989554,0.013124055443641258,0.9981143131517388,50,294.4939721762213,4.463778329492011,47.91071784552238,0.8819791631038484,0.6474105471659982,0.25622822396697437,0.620201249520188,84
6,476,285.45160119970967,406.6229573167666,27,6,1.9902078160530943,0.177240838994166,0.8723822970631833,50,120.2459060669214,4.7127409144976085,44.153775011065115,0.4303075696007471,0.3063949553619981,0.32344074865970035,0.33875243692971096,51,5,22,6.288848799074773,0.013124054286446177,0.9981139082447651,50,294.55145735789233,4.4637051524383065,47.910195067867726,0.8818114385961399,0.6473084566991615,0.2562282094890838,0.6198961986043687,84
6,477,285.45160119970967,406.6229573167666,27,6,1.9902078160530943,0.177240838994166,0.8723822970631833,50,120.2459060669214,4.7127409144976085,44.153775011065115,0.4303075696007471,0.3063949553619981,0.32344074865970035,0.33875243692971096,51,5,22,6.288848799074773,0.013124054286446177,0.9981139082447651,50,294.55145735789233,4.4637051524383065,47.910195067867726,0.8818114385961399,0.6473084566991615,0.2562282094890838,0.6198961986043687,84
6,478,285.45160119970967,406.6229573167666,27,6,1.9902078160530943,0.177240838994166,0.8723822970631833,50,120.2459060669214,4.7127409144976085,44.153775011065115,0.4303075696007471,0.3063949553619981,0.32344074865970035,0.33875243692971096,51,5,22,6.288848799074773,0.013124054286446177,0.9981139082447651,50,294.55145735789233,4.4637051524383065,47.910195067867726,0.8818114385961399,0.6473084566991615,0.2562282094890838,0.6198961986043687,84
6,479,285.45160119970967,406.6229573167666,27,6,1.9902078160530943,0.177240838994166,0.8723822970631833,50,120.2459060669214,4.7127409144976085,44.153775011065115,0.4303075696007471,0.3063949553619981,0.32344074865970035,0.33875243692971096,51,5,22,6.288848799074773,0.013124054286446177,0.9981139082447651,50,294.55145735789233,4.4637051524383065,47.910195067867726,0.8818114385961399,0.6473084566991615,0.2562282094890838,0.6198961986043687,84
6,480,285.45160119970967,415.4310605541411,27,6,1.9902078160530943,0.177240838994166,0.8723822970631833,50,120.2459060669214,4.7127409144976085,44.153775011065115,0.4303075696007471,0.3063949553619981,0.32344074865970035,0.33875243692971096,51,5,22,6.288848799074773,0.013124054286446177,0.9981139082447651,50,294.55145735789233,4.4637051524383065,47.910195067867726,0.8818114385961399,0.6473084566991615,0.2562282094890838,0.6198961986043687,84
6,481,285.4449994213177,415.4310605541411,27,5,1.9541822168624539,0.15055138680965166,0.8657541462210704,51,122.24126062665331,4.862644914211339,45.022899704074916,0.382268229625104,0.26313813584374,0.3313032668912357,0.3093889349920068,49,6,22,7.135042003851865,0.004730137341824851,0.9991873328561437,51,301.66290423836415,4.4682838932446165,48.92021773745616,0.9588942013054033,0.6767796314249234,0.23391636820164743,0.7752139592533649,87
6,482,285.4449994213177,415.4310605541411,27,5,1.9541822168624539,0.15055138680965166,0.8657541462210704,51,122.24126062665331,4.862644914211339,45.022899704074916,0.382268229625104,0.26313813584374,0.3313032668912357,0.3093889349920068,49,6,22,7.135042003851865,0.004730137341824851,0.9991873328561437,51,301.66290423836415,4.4682838932446165,48.92021773745616,0.9588942013054033,0.6767796314249234,0.23391636820164743,0.7752139592533649,87
6,483,285.4449994213177,415.4310605541411,27,5,1.9541822168624539,0.15055138680965166,0.8657541462210704,51,122.24126062665331,4.862644914211339,45.022899704074916,0.382268229625104,0.26313813584374,0.3313032668912357,0.3093889349920068,49,6,22,7.135042003851865,0.004730137341824851,0.9991873328561437,51,301.66290423836415,4.4682838932446165,48.92021773745616,0.9588942013054033,0.6767796314249234,0.23391636820164743,0.7752139592533649,87
6,484,285.4449994213177,415.4310605541411,27,5,1.9541822168624539,0.15055138680965166,0.8657541462210704,51,122.24126062665331,4.862644914211339,45.022899704074916,0.382268229625104,0.26313813584374,0.3313032668912357,0.3093889349920068,49,6,22,7.135042003851865,0.004730137341824851,0.9991873328561437,51,301.66290423836415,4.4682838932446165,48.92021773745616,0.9588942013054033,0.6767796314249234,0.23391636820164743,0.7752139592533649,87
6,485,285.4449994213177,415.4310605541411,27,5,1.9541822168624539,0.15055138680965166,0.8657541462210704,51,122.24126062665331,4.862644914211339,45.022899704074916,0.382268229625104,0.26313813584374,0.3313032668912357,0.3093889349920068,49,6,22,7.135042003851865,0.004730137341824851,0.9991873328561437,51,301.66290423836415,4.4682838932446165,48.92021773745616,0.9588942013054033,0.6767796314249234,0.23391636820164743,0.7752139592533649,87
6,486,285.4419502754579,415.4310605541411,27,5,1.9562514380786287,0.15054447265382234,0.8659071712713003,51,122.2855451574702,4.862446290087465,45.02499887382573,0.3831460554903338,0.26462092920874464,0.3312943568196137,0.3087112863998368,49,6,22,7.1350443183911265,0.004730137131730576,0.9991873352637691,51,301.65510150517775,4.468212117441046,48.921490028363834,0.9591083587158026,0.6768788479742652,0.23391634458038485,0.7756236197487727,87
6,487,285.4419502754579,415.4310605541411,27,5,1.9562514380786287,0.15054447265382234,0.8659071712713003,51,122.2855451574702,4.862446290087465,45.02499887382573,0.3831460554903338,0.26462092920874464,0.3312943568196137,0.3087112863998368,49,6,22,7.1350443183911265,0.004730137131730576,0.9991873352637691,51,301.65510150517775,4.468212117441046,48.921490028363834,0.9591083587158026,0.6768788479742652,0.23391634458038485,0.7756236197487727,87
6,488,285.4419502754579,415.4310605541411,27,5,1.9562514380786287,0.15054447265382234,0.8659071712713003,51,122.2855451574702,4.862446290087465,45.02499887382573,0.3831460554903338,0.26462092920874464,0.3312943568196137,0.3087112863998368,49,6,22,7.1350443183911265,0.004730137131730576,0.9991873352637691,51,301.65510150517775,4.468212117441046,48.921490028363834,0.9591083587158026,0.6768788479742652,0.23391634458038485,0.7756236197487727,87
6,489,285.4419502754579,415.4310605541411,27,5,1.9562514380786287,0.15054447265382234,0.8659071712713003,51,122.2855451574702,4.862446290087465,45.02499887382573,0.3831460554903338,0.26462092920874464,0.3312943568196137,0.3087112863998368,49,6,22,7.1350443183911265,0.004730137131730576,0.9991873352637691,51,301.65510150517775,4.468212117441046,48.921490028363834,0.9591083587158026,0.6768788479742652,0.23391634458038485,0.7756236197487727,87
6,490,285.4419502754579,424.31027573735196,27,5,1.9562514380786287,0.15054447265382234,0.8659071712713003,51,122.2855451574702,4.862446290087465,45.02499887382573,0.3831460554903338,0.26462092920874464,0.3312943568196137,0.3087112863998368,49,6,22,7.1350443183911265,0.004730137131730576,0.9991873352637691,51,301.65510150517775,4.468212117441046,48.921490028363834,0.9591083587158026,0.6768788479742652,0.23391634458038485,0.7756236197487727,87
6,491,285.43819129396,424.31027573735196,27,4,1.6665040946093417,0.18125048403645824,0.8315928034434946,52,123.89364365467996,5.043281058531244,45.851588480539704,0.3022912064023856,0.22154334960602454,0.33015820408045365,0.27282498167870645,47,7,22,7.69064657406864,0.008632971457101735,0.9995121568930564,52,309.33719531624513,4.4767365932261,49.91913861703233,1.0606700032418632,0.7093504057267435,0.21965010474249413,0.9909058048783014,90
6,492,285.43819129396,424.31027573735196,27,4,1.6665040946093417,0.18125048403645824,0.8315928034434946,52,123.89364365467996,5.043281058531244,45.851588480539704,0.3022912064023856,0.22154334960602454,0.33015820408045365,0.27282498167870645,47,7,22,7.69064657406864,0.008632971457101735,0.9995121568930564,52,309.33719531624513,4.4767365932261,49.91913861703233,1.0606700032418632,0.7093504057267435,0.21965010474249413,0.9909058048783014,90
6,493,285.43819129396,424.31027573735196,27,4,1.6665040946093417,0.18125048403645824,0.8315928034434946,52,123.89364365467996,5.043281058531244,45.851588480539704,0.3022912064023856,0.22154334960602454,0.33015820408045365,0.27282498167870645,47,7,22,7.69064657406864,0.008632971457101735,0.9995121568930564,52,309.33719531624513,4.4767365932261,49.91913861703233,1.0606700032418632,0.7093504057267435,0.21965010474249413,0.9909058048783014,90
6,494,285.43819129396,424.31027573735196,27,4,1.6665040946093417,0.18125048403645824,0.8315928034434946,52,123.89364365467996,5.043281058531244,45.851588480539704,0.3022912064023856,0.22154334960602454,0.33015820408045365,0.27282498167870645,47,7,22,7.69064657406864,0.008632971457101735,0.9995121568930564,52,309.33719531624513,4.4767365932261,49.91913861703233,1.0606700032418632,0.7093504057267435,0.21965010474249413,0.9909058048783014,90
6,495,285.43819129396,424.31027573735196,27,4,1.6665040946093417,0.18125048403645824,0.8315928034434946,52,123.89364365467996,5.043281058531244,45.851588480539704,0.3022912064023856,0.22154334960602454,0.33015820408045365,0.27282498167870645,47,7,22,7.69064657406864,0.008632971457101735,0.9995121568930564,52,309.33719531624513,4.4767365932261,49.91913861703233,1.0606700032418632,0.7093504057267435,0.21965010474249413,0.9909058048783014,90
6,496,285.43544411712,424.31027573735196,27,4,1.6527906595359472,0.18123345290705203,0.8300528931633672,52,124.04904636813232,5.042977906128722,45.86402598065136,0.3053259672412912,0.22518252025192226,0.3301409358872336,0.27097953276441666,47,7,22,7.690644238922921,0.008632971407013653,0.9995121550261281,52,309.37253764967664,4.476637015228431,49.9215765039335,1.060587450812094,0.7092714593752055,0.21965004557374412,0.990763430980014,90
6,497,285.43544411712,424.31027573735196,27,4,1.6527906595359472,0.18123345290705203,0.8300528931633672,52,124.04904636813232,5.042977906128722,45.86402598065136,0.3053259672412912,0.22518252025192226,0.3301409358872336,0.27097953276441666,47,7,22,7.690644238922921,0.008632971407013653,0.9995121550261281,52,309.37253764967664,4.476637015228431,49.9215765039335,1.060587450812094,0.7092714593752055,0.21965004557374412,0.990763430980014,90
6,498,285.43544411712,424.31027573735196,27,4,1.6527906595359472,0.18123345290705203,0.8300528931633672,52,124.04904636813232,5.042977906128722,45.86402598065136,0.3053259672412912,0.22518252025192226,0.3301409358872336,0.27097953276441666,47,7,22,7.690644238922921,0.008632971407013653,0.9995121550261281,52,309.37253764967664,4.476637015228431,49.9215765039335,1.060587450812094,0.7092714593752055,0.21965004557374412,0.990763430980014,90
6,499,285.43544411712,424.31027573735196,27,4,1.6527906595359472,0.18123345290705203,0.8300528931633672,52,124.04904636813232,5.042977906128722,45.86402598065136,0.3053259672412912,0.22518252025192226,0.3301409358872336,0.27097953276441666,47,7,22,7.690644238922921,0.008632971407013653,0.9995121550261281,52,309.37253764967664,4.476637015228431,49.9215765039335,1.060587450812094,0.7092714593752055,0.21965004557374412,0.990763430980014,90
6,500,285.43544411712,432.7586387540525,27,4,1.6527906595359472,0.18123345290705203,0.8300528931633672,52,124.04904636813232,5.042977906128722,45.86402598065136,0.3053259672412912,0.22518252025192226,0.3301409358872336,0.27097953276441666,47,7,22,7.690644238922921,0.008632971407013653,0.9995121550261281,52,309.37253764967664,4.476637015228431,49.9215765039335,1.060587450812094,0.7092714593752055,0.21965004557374412,0.990763430980014,90
6,501,285.4318902158186,432.7586387540525,27,3,1.1382378173320085,0.24449412207355073,0.7481453235932433,53,125.11491238440256,5.287107330931528,46.60329048781443,0.24103212653645747,0.18714744351454873,0.33324427094459896,0.27514778492191205,45,8,22,7.71038793323408,0.02230112448390194,0.9995102673543835,53,317.07223229629733,4.49887356646321,50.924312005801866,1.1827200500190524,0.7664189118615311,0.22233130756701056,1.2518952426940972,92
6,502,285.4318902158186,432.7586387540525,27,3,1.1382378173320085,0.24449412207355073,0.7481453235932433,53,125.11491238440256,5.287107330931528,46.60329048781443,0.24103212653645747,0.18714744351454873,0.33324427094459896,0.27514778492191205,45,8,22,7.71038793323408,0.02230112448390194,0.9995102673543835,53,317.07223229629733,4.49887356646321,50.924312005801866,1.1827200500190524,0.7664189118615311,0.22233130756701056,1.2518952426940972,92
6,503,285.4318902158186,432.7586387540525,27,3,1.1382378173320085,0.24449412207355073,0.7481453235932433,53,125.11491238440256,5.287107330931528,46.60329048781443,0.24103212653645747,0.18714744351454873,0.33324427094459896,0.27514778492191205,45,8,22,7.71038793323408,0.02230112448390194,0.9995102673543835,53,317.07223229629733,4.49887356646321,50.924312005801866,1.1827200500190524,0.7664189118615311,0.22233130756701056,1.2518952426940972,92
6,504,285.4318902158186,432.7586387540525,27,3,1.1382378173320085,0.24449412207355073,0.7481453235932433,53,125.11491238440256,5.287107330931528,46.60329048781443,0.24103212653645747,0.18714744351454873,0.33324427094459896,0.27514778492191205,45,8,22,7.71038793323408,0.02230112448390194,0.9995102673543835,53,317.07223229629733,4.49887356646321,50.924312005801866,1.1827200500190524,0.7664189118615311,0.22233130756701056,1.2518952426940972,92
6,505,285.4318902158186,432.7586387540525,27,3,1.1382378173320085,0.24449412207355073,0.7481453235932433,53,125.11491238440256,5.287107330931528,46.60329048781443,0.24103212653645747,0.18714744351454873,0.33324427094459896,0.27514778492191205,45,8,22,7.71038793323408,0.02230112448390194,0.9995102673543835,53,317.07223229629733,4.49887356646321,50.924312005801866,1.1827200500190524,0.7664189118615311,0.22233130756701056,1.2518952426940972,92
6,506,285.42787389346665,432.7586387540525,27,3,1.116567095969556,0.2444510516638609,0.7442913124229125,53,125.2478345442704,5.286644866768383,46.612317669448785,0.24668799924133766,0.19124727452897541,0.3332207559646585,0.27236578699496433,45,8,22,7.710461120096967,0.022301124004856215,0.9995103141780931,53,317.0733907260991,4.498741328248926,50.922928407622834,1.1819224816506821,0.7660581932260822,0.22233116469122383,1.250040732563675,92
6,507,285.42787389346665,432.7586387540525,27,3,1.116567095969556,0.2444510516638609,0.7442913124229125,53,125.2478345442704,5.286644866768383,46.612317669448785,0.24668799924133766,0.19124727452897541,0.3332207559646585,0.27236578699496433,45,8,22,7.710461120096967,0.022301124004856215,0.9995103141780931,53,317.0733907260991,4.498741328248926,50.922928407622834,1.1819224816506821,0.7660581932260822,0.22233116469122383,1.250040732563675,92
6,508,285.42787389346665,432.7586387540525,27,3,1.116567095969556,0.2444510516638609,0.7442913124229125,53,125.2478345442704,5.286644866768383,46.612317669448785,0.24668799924133766,0.19124727452897541,0.3332207559646585,0.27236578699496433,45,8,22,7.710461120096967,0.022301124004856215,0.9995103141780931,53,317.0733907260991,4.498741328248926,50.922928407622834,1.1819224816506821,0.7660581932260822,0.22233116469122383,1.250040732563675,92
6,509,285.42787389346665,432.7586387540525,27,3,1.116567095969556,0.2444510516638609,0.7442913124229125,53,125.2478345442704,5.286644866768383,46.612317669448785,0.24668799924133766,0.19124727452897541,0.3332207559646585,0.27236578699496433,45,8,22,7.710461120096967,0.022301124004856215,0.9995103141780931,53,317.0733907260991,4.498741328248926,50.922928407622834,1.1819224816506821,0.7660581932260822,0.22233116469122383,1.250040732563675,92
6,510,285.42787389346665,442.341255374855,27,3,1.116567095969556,0.2444510516638609,0.7442913124229125,53,125.2478345442704,5.286644866768383,46.612317669448785,0.24668799924133766,0.19124727452897541,0.3332207559646585,0.27236578699496433,45,8,22,7.710461120096967,0.022301124004856215,0.9995103141780931,53,317.0733907260991,4.498741328248926,50.922928407622834,1.1819224816506821,0.7660581932260822,0.22233116469122383,1.250040732563675,92
6,511,285.4118108814076,442.341255374855,26,3,1.5858875871471863,0.18142072316191196,0.8190155870296923,54,126.70949298008797,5.467435426775868,47.43082997306771,0.2085022793539202,0.15989209628911435,0.3176431291586462,0.274169928662866,48,8,21,8.326758146629196,0.07027521183795911,0.9996831467134076,54,325.39132034699526,4.568941170941212,51.92078812779428,1.3495935274776094,0.8901070683775623,0.23782812119159716,1.6552673900438437,88
6,512,285.4118108814076,442.341255374855,26,3,1.5858875871471863,0.18142072316191196,0.8190155870296923,54,126.70949298008797,5.467435426775868,47.43082997306771,0.2085022793539202,0.15989209628911435,0.3176431291586462,0.274169928662866,48,8,21,8.326758146629196,0.07027521183795911,0.9996831467134076,54,325.39132034699526,4.568941170941212,51.92078812779428,1.3495935274776094,0.8901070683775623,0.23782812119159716,1.6552673900438437,88
6,513,285.4118108814076,442.341255374855,26,3,1.5858875871471863,0.18142072316191196,0.8190155870296923,54,126.70949298008797,5.467435426775868,47.43082997306771,0.2085022793539202,0.15989209628911435,0.3176431291586462,0.274169928662866,48,8,21,8.326758146629196,0.07027521183795911,0.9996831467134076,54,325.39132034699526,4.568941170941212,51.92078812779428,1.3495935274776094,0.8901070683775623,0.23782812119159716,1.6552673900438437,88
6,514,285.4118108814076,442.341255374855,26,3,1.5858875871471863,0.18142072316191196,0.8190155870296923,54,126.70949298008797,5.467435426775868,47.43082997306771,0.2085022793539202,0.15989209628911435,0.3176431291586462,0.274169928662866,48,8,21,8.326758146629196,0.07027521183795911,0.9996831467134076,54,325.39132034699526,4.568941170941212,51.92078812779428,1.3495935274776094,0.8901070683775623,0.23782812119159716,1.6552673900438437,88
6,515,285.4118108814076,442.341255374855,26,3,1.5858875871471863,0.18142072316191196,0.8190155870296923,54,126.70949298008797,5.467435426775868,47.43082997306771,0.2085022793539202,0.15989209628911435,0.3176431291586462,0.274169928662866,48,8,21,8.326758146629196,0.07027521183795911,0.9996831467134076,54,325.39132034699526,4.568941170941212,51.92078812779428,1.3495935274776094,0.8901070683775623,0.23782812119159716,1.6552673900438437,88
6,516,285.4085004978231,442.341255374855,26,3,1.589960906974456,0.18141596564060677,0.8198182930453285,54,126.49023883637244,5.466994081477041,47.399203634919054,0.2076804320416817,0.15831351755982523,0.3176241678651749,0.27449300601215526,48,8,21,8.326821388532105,0.07027521160471657,0.9996831623679506,54,325.41665497231486,4.568818487382714,51.92638784686769,1.3506427967617036,0.8906193285399078,0.2378279186489518,1.6580912769375196,88
6,517,285.4085004978231,442.341255374855,26,3,1.589960906974456,0.18141596564060677,0.8198182930453285,54,126.49023883637244,5.466994081477041,47.399203634919054,0.2076804320416817,0.15831351755982523,0.3176241678651749,0.27449300601215526,48,8,21,8.326821388532105,0.07027521160471657,0.9996831623679506,54,325.41665497231486,4.568818487382714,51.92638784686769,1.3506427967617036,0.8906193285399078,0.2378279186489518,1.6580912769375196,88
6,518,285.4085004978231,442.341255374855,26,3,1.589960906974456,0.18141596564060677,0.8198182930453285,54,126.49023883637244,5.466994081477041,47.399203634919054,0.2076804320416817,0.15831351755982523,0.3176241678651749,0.27449300601215526,48,8,21,8.326821388532105,0.07027521160471657,0.9996831623679506,54,325.41665497231486,4.568818487382714,51.92638784686769,1.3506427967617036,0.8906193285399078,0.2378279186489518,1.6580912769375196,88
6,519,285.4085004978231,442.341255374855,26,3,1.589960906974456,0.18141596564060677,0.8198182930453285,54,126.49023883637244,5.466994081477041,47.399203634919054,0.2076804320416817,0.15831351755982523,0.3176241678651749,0.27449300601215526,48,8,21,8.326821388532105,0.07027521160471657,0.9996831623679506,54,325.41665497231486,4.568818487382714,51.92638784686769,1.3506427967617036,0.8906193285399078,0.2378279186489518,1.6580912769375196,88
6,520,285.4085004978231,452.9880555062766,26,3,1.589960906974456,0.18141596564060677,0.8198182930453285,54,126.49023883637244,5.466994081477041,47.399203634919054,0.2076804320416817,0.15831351755982523,0.3176241678651749,0.27449300601215526,48,8,21,8.326821388532105,0.07027521160471657,0.9996831623679506,54,325.41665497231486,4.568818487382714,51.92638784686769,1.3506427967617036,0.8906193285399078,0.2378279186489518,1.6580912769375196,88
6,521,285.4059491902389,452.9880555062766,25,3,1.8883065768044502,0.15375667915677615,0.8612344172554479,55,128.512644406176,5.62046704035638,48.272787269975694,0.19031755244072618,0.14326822208989137,0.3039000869912536,0.2759168896956984,52,8,20,8.430942736211538,0.1299812892724748,0.9995022449046872,55,333.89278575877273,4.69874134990694,52.925973063389876,1.5482148826863251,1.0792198277771026,0.2745996911817104,2.1858060774041292,84
6,522,285.4059491902389,452.9880555062766,25,3,1.8883065768044502,0.15375667915677615,0.8612344172554479,55,128.512644406176,5.62046704035638,48.272787269975694,0.19031755244072618,0.14326822208989137,0.3039000869912536,0.2759168896956984,52,8,20,8.430942736211538,0.1299812892724748,0.9995022449046872,55,333.89278575877273,4.69874134990694,52.925973063389876,1.5482148826863251,1.0792198277771026,0.2745996911817104,2.1858060774041292,84
6,523,285.4059491902389,452.9880555062766,25,3,1.8883065768044502,0.15375667915677615,0.8612344172554479,55,128.512644406176,5.62046704035638,48.272787269975694,0.19031755244072618,0.14326822208989137,0.3039000869912536,0.2759168896956984,52,8,20,8.430942736211538,0.1299812892724748,0.9995022449046872,55,333.89278575877273,4.69874134990694,52.925973063389876,1.5482148826863251,1.0792198277771026,0.2745996911817104,2.1858060774041292,84
6,524,285.4059491902389,452.9880555062766,25,3,1.8883065768044502,0.15375667915677615,0.8612344172554479,55,128.512644406176,5.62046704035638,48.272787269975694,0.19031755244072618,0.14326822208989137,0.3039000869912536,0.2759168896956984,52,8,20,8.430942736211538,0.1299812892724748,0.9995022449046872,55,333.89278575877273,4.69874134990694,52.925973063389876,1.5482148826863251,1.0792198277771026,0.2745996911817104,2.1858060774041292,84
6,525,285.4059491902389,452.9880555062766,25,3,1.8883065768044502,0.15375667915677615,0.8612344172554479,55,128.512644406176,5.62046704035638,48.272787269975694,0.19031755244072618,0.14326822208989137,0.3039000869912536,0.2759168896956984,52,8,20,8.430942736211538,0.1299812892724748,0.9995022449046872,55,333.89278575877273,4.69874134990694,52.925973063389876,1.5482148826863251,1.0792198277771026,0.2745996911817104,2.1858060774041292,84
6,526,285.4040735357398,452.9880555062766,25,3,1.891450612797905,0.15375213909035268,0.8615594105200138,55,128.5432059049603,5.620238260981557,48.27660335573895,0.1890015203796852,0.142215032491652,0.3038897255036698,0.2763538381275326,52,8,20,8.431423556313353,0.12998128328132738,0.999502293245034,55,333.9787081392687,4.6986533460955275,52.9247062412156,1.5478213259431837,1.0790077997822365,0.2745995282005452,2.184561155980422,84
6,527,285.4040735357398,452.9880555062766,25,3,1.891450612797905,0.15375213909035268,0.8615594105200138,55,128.5432059049603,5.620238260981557,48.27660335573895,0.1890015203796852,0.142215032491652,0.3038897255036698,0.2763538381275326,52,8,20,8.431423556313353,0.12998128328132738,0.999502293245034,55,333.9787081392687,4.6986533460955275,52.9247062412156,1.5478213259431837,1.0790077997822365,0.2745995282005452,2.184561155980422,84
6,528,285.4040735357398,452.9880555062766,25,3,1.891450612797905,0.15375213909035268,0.8615594105200138,55,128.5432059049603,5.620238260981557,48.27660335573895,0.1890015203796852,0.142215032491652,0.3038897255036698,0.2763538381275326,52,8,20,8.431423556313353,0.12998128328132738,0.999502293245034,55,333.9787081392687,4.6986533460955275,52.9247062412156,1.5478213259431837,1.0790077997822365,0.2745995282005452,2.184561155980422,84
6,529,285.4040735357398,452.9880555062766,25,3,1.891450612797905,0.15375213909035268,0.8615594105200138,55,128.5432059049603,5.620238260981557,48.27660335573895,0.1890015203796852,0.142215032491652,0.3038897255036698,0.2763538381275326,52,8,20,8.431423556313353,0.12998128328132738,0.999502293245034,55,333.9787081392687,4.6986533460955275,52.9247062412156,1.5478213259431837,1.0790077997822365,0.2745995282005452,2.184561155980422,84
6,530,285.4040735357398,464.50194674065585,25,3,1.891450612797905,0.15375213909035268,0.8615594105200138,55,128.5432059049603,5.620238260981557,48.27660335573895,0.1890015203796852,0.142215032491652,0.3038897255036698,0.2763538381275326,52,8,20,8.431423556313353,0.12998128328132738,0.999502293245034,55,333.9787081392687,4.6986533460955275,52.9247062412156,1.5478213259431837,1.0790077997822365,0.2745995282005452,2.184561155980422,84
6,531,285.4022167974842,464.50194674065585,24,3,2.018941587090987,0.1259437411417982,0.8771052158389696,56,130.4938127102368,5.745955735221813,49.15215861235489,0.19838588797322237,0.1447872955893158,0.28209150685506623,0.2668357086872352,57,8,19,8.267337099123276,0.16598881841838262,0.9993233770632911,56,342.3577498132731,4.864559603597992,53.922616635585086,1.7366208717483274,1.2815022036319328,0.3206797736415713,2.7492950241691956,80
6,532,285.4022167974842,464.50194674065585,24,3,2.018941587090987,0.1259437411417982,0.8771052158389696,56,130.4938127102368,5.745955735221813,49.15215861235489,0.19838588797322237,0.1447872955893158,0.28209150685506623,0.2668357086872352,57,8,19,8.267337099123276,0.16598881841838262,0.9993233770632911,56,342.3577498132731,4.864559603597992,53.922616635585086,1.7366208717483274,1.2815022036319328,0.3206797736415713,2.7492950241691956,80
6,533,285.4022167974842,464.50194674065585,24,3,2.018941587090987,0.1259437411417982,0.8771052158389696,56,130.4938127102368,5.745955735221813,49.15215861235489,0.19838588797322237,0.1447872955893158,0.28209150685506623,0.2668357086872352,57,8,19,8.267337099123276,0.16598881841838262,0.9993233770632911,56,342.3577498132731,4.864559603597992,53.922616635585086,1.7366208717483274,1.2815022036319328,0.3206797736415713,2.7492950241691956,80
6,534,285.4022167974842,464.50194674065585,24,3,2.018941587090987,0.1259437411417982,0.8771052158389696,56,130.4938127102368,5.745955735221813,49.15215861235489,0.19838588797322237,0.1447872955893158,0.28209150685506623,0.2668357086872352,57,8,19,8.267337099123276,0.16598881841838262,0.9993233770632911,56,342.3577498132731,4.864559603597992,53.922616635585086,1.7366208717483274,1.2815022036319328,0.3206797736415713,2.7492950241691956,80
6,535,285.4022167974842,464.50194674065585,24,3,2.018941587090987,0.1259437411417982,0.8771052158389696,56,130.4938127102368,5.745955735221813,49.15215861235489,0.19838588797322237,0.1447872955893158,0.28209150685506623,0.2668357086872352,57,8,19,8.267337099123276,0.16598881841838262,0.9993233770632911,56,342.3577498132731,4.864559603597992,53.922616635585086,1.7366208717483274,1.2815022036319328,0.3206797736415713,2.7492950241691956,80
6,536,285.3998254186636,464.50194674065585,24,3,2.01311683255842,0.12593869835077617,0.8764628758584961,56,130.41797453388645,5.745780916677479,49.145321089423234,0.20008740453574092,0.1449359273415621,0.2820788876082601,0.26809987454609635,57,8,19,8.266941294177945,0.16598880264552804,0.9993233426500386,56,342.28660801690205,4.864508574433081,53.92208309525331,1.7367321952641686,1.2815827668270976,0.3206796349482756,2.749667090132509,80
6,537,285.3998254186636,464.50194674065585,24,3,2.01311683255842,0.12593869835077617,0.8764628758584961,56,130.41797453388645,5.745780916677479,49.145321089423234,0.20008740453574092,0.1449359273415621,0.2820788876082601,0.26809987454609635,57,8,19,8.266941294177945,0.16598880264552804,0.9993233426500386,56,342.28660801690205,4.864508574433081,53.92208309525331,1.7367321952641686,1.2815827668270976,0.3206796349482756,2.749667090132509,80
6,538,285.3998254186636,464.50194674065585,24,3,2.01311683255842,0.12593869835077617,0.8764628758584961,56,130.41797453388645,5.745780916677479,49.145321089423234,0.20008740453574092,0.1449359273415621,0.2820788876082601,0.26809987454609635,57,8,19,8.266941294177945,0.16598880264552804,0.9993233426500386,56,342.28660801690205,4.864508574433081,53.92208309525331,1.7367321952641686,1.2815827668270976,0.3206796349482756,2.749667090132509,80
6,539,285.3998254186636,464.50194674065585,24,3,2.01311683255842,0.12593869835077617,0.8764628758584961,56,130.41797453388645,5.745780916677479,49.145321089423234,0.20008740453574092,0.1449359273415621,0.2820788876082601,0.26809987454609635,57,8,19,8.266941294177945,0.16598880264552804,0.9993233426500386,56,342.28660801690205,4.864508574433081,53.92208309525331,1.7367321952641686,1.2815827668270976,0.3206796349482756,2.749667090132509,80
6,540,285.3998254186636,476.2488836454458,24,3,2.01311683255842,0.12593869835077617,0.8764628758584961,56,130.41797453388645,5.745780916677479,49.145321089423234,0.20008740453574092,0.1449359273415621,0.2820788876082601,0.26809987454609635,57,8,19,8.266941294177945,0.16598880264552804,0.9993233426500386,56,342.28660801690205,4.864508574433081,53.92208309525331,1.7367321952641686,1.2815827668270976,0.3206796349482756,2.749667090132509,80
6,541,285.39629245509,476.2488836454458,23,3,2.004048915284805,0.07320366083780867,0.8736715484760786,57,132.38925907095822,5.818755632555414,50.0162678328519,0.23399172450596678,0.16488563248991617,0.2609475955931159,0.2573178327366917,62,8,18,8.2181483800754,0.1752669795716503,0.999536727679423,57,350.55417353822145,5.039669701425043,54.921181760564,1.8880709480505995,1.470964024463352,0.3628921168981673,3.241025640501172,75
6,542,285.39629245509,476.2488836454458,23,3,2.004048915284805,0.07320366083780867,0.8736715484760786,57,132.38925907095822,5.818755632555414,50.0162678328519,0.23399172450596678,0.16488563248991617,0.2609475955931159,0.2573178327366917,62,8,18,8.2181483800754,0.1752669795716503,0.999536727679423,57,350.55417353822145,5.039669701425043,54.921181760564,1.8880709480505995,1.470964024463352,0.3628921168981673,3.241025640501172,75
6,543,285.39629245509,476.2488836454458,23,3,2.004048915284805,0.07320366083780867,0.8736715484760786,57,132.38925907095822,5.818755632555414,50.0162678328519,0.23399172450596678,0.16488563248991617,0.2609475955931159,0.2573178327366917,62,8,18,8.2181483800754,0.1752669795716503,0.999536727679423,57,350.55417353822145,5.039669701425043,54.921181760564,1.8880709480505995,1.470964024463352,0.3628921168981673,3.241025640501172,75
6,544,285.39629245509,476.2488836454458,23,3,2.004048915284805,0.07320366083780867,0.8736715484760786,57,132.38925907095822,5.818755632555414,50.0162678328519,0.23399172450596678,0.16488563248991617,0.2609475955931159,0.2573178327366917,62,8,18,8.2181483800754,0.1752669795716503,0.999536727679423,57,350.55417353822145,5.039669701425043,54.921181760564,1.8880709480505995,1.470964024463352,0.3628921168981673,3.241025640501172,75
6,545,285.39629245509,476.2488836454458,23,3,2.004048915284805,0.07320366083780867,0.8736715484760786,57,132.38925907095822,5.818755632555414,50.0162678328519,0.23399172450596678,0.16488563248991617,0.2609475955931159,0.2573178327366917,62,8,18,8.2181483800754,0.1752669795716503,0.999536727679423,57,350.55417353822145,5.039669701425043,54.921181760564,1.8880709480505995,1.470964024463352,0.3628921168981673,3.241025640501172,75
6,546,284.08999377665396,476.2488836454458,23,3,1.9947431745105189,0.0732038900933328,0.8724049791646186,57,132.06695007682518,5.972490493956965,49.973195054250155,0.23738557456609932,0.16862363797412477,0.2547901195048856,0.24950222177072925,62,8,18,8.217799957949426,0.1752682518764753,0.9995367007841832,57,350.5205437454118,5.042921088184428,54.922411654937676,1.8882901044842624,1.4712833718450056,0.3629007992449482,3.241804745821772,75
6,547,284.08999377665396,476.2488836454458,23,3,1.9947431745105189,0.0732038900933328,0.8724049791646186,57,132.06695007682518,5.972490493956965,49.973195054250155,0.23738557456609932,0.16862363797412477,0.2547901195048856,0.24950222177072925,62,8,18,8.217799957949426,0.1752682518764753,0.9995367007841832,57,350.5205437454118,5.042921088184428,54.922411654937676,1.8882901044842624,1.4712833718450056,0.3629007992449482,3.241804745821772,75
6,548,284.08999377665396,476.2488836454458,23,3,1.9947431745105189,0.0732038900933328,0.8724049791646186,57,132.06695007682518,5.972490493956965,49.973195054250155,0.23738557456609932,0.16862363797412477,0.2547901195048856,0.24950222177072925,62,8,18,8.217799957949426,0.1752682518764753,0.9995367007841832,57,350.5205437454118,5.042921088184428,54.922411654937676,1.8882901044842624,1.4712833718450056,0.3629007992449482,3.241804745821772,75
6,549,284.08999377665396,476.2488836454458,23,3,1.9947431745105189,0.0732038900933328,0.8724049791646186,57,132.06695007682518,5.972490493956965,49.973195054250155,0.23738557456609932,0.16862363797412477,0.2547901195048856,0.24950222177072925,62,8,18,8.217799957949426,0.1752682518764753,0.9995367007841832,57,350.5205437454118,5.042921088184428,54.922411654937676,1.8882901044842624,1.4712833718450056,0.3629007992449482,3.241804745821772,75
6,550,284.08999377665396,487.76238760440907,23,3,1.9947431745105189,0.0732038900933328,0.8724049791646186,57,132.06695007682518,5.972490493956965,49.973195054250155,0.23738557456609932,0.16862363797412477,0.2547901195048856,0.24950222177072925,62,8,18,8.217799957949426,0.1752682518764753,0.9995367007841832,57,350.5205437454118,5.042921088184428,54.922411654937676,1.8882901044842624,1.4712833718450056,0.3629007992449482,3.241804745821772,75
6,551,284.07718694556206,487.76238760440907,22,3,1.8613891447402608,0.0352848178671088,0.8589873396303163,58,133.85853607037745,6.007492984588689,50.81423040356315,0.26133848227275036,0.19146863564804883,0.23156357912976083,0.22810183249737417,67,8,17,8.199476187783162,0.16489379331069876,0.9993323062963014,58,358.71573823476825,5.207773433494992,55.92264758105137,1.9683623905069694,1.5671756269970698,0.384566802746531,3.5340035486625134,73
6,552,284.07718694556206,487.76238760440907,22,3,1.8613891447402608,0.0352848178671088,0.8589873396303163,58,133.85853607037745,6.007492984588689,50.81423040356315,0.26133848227275036,0.19146863564804883,0.23156357912976083,0.22810183249737417,67,8,17,8.199476187783162,0.16489379331069876,0.9993323062963014,58,358.71573823476825,5.207773433494992,55.92264758105137,1.9683623905069694,1.5671756269970698,0.384566802746531,3.5340035486625134,73
6,553,284.07718694556206,487.76238760440907,22,3,1.8613891447402608,0.0352848178671088,0.8589873396303163,58,133.85853607037745,6.007492984588689,50.81423040356315,0.26133848227275036,0.19146863564804883,0.23156357912976083,0.22810183249737417,67,8,17,8.199476187783162,0.16489379331069876,0.9993323062963014,58,358.71573823476825,5.207773433494992,55.92264758105137,1.9683623905069694,1.5671756269970698,0.384566802746531,3.5340035486625134,73
6,554,284.07718694556206,487.76238760440907,22,3,1.8613891447402608,0.0352848178671088,0.8589873396303163,58,133.85853607037745,6.007492984588689,50.81423040356315,0.26133848227275036,0.19146863564804883,0.23156357912976083,0.22810183249737417,67,8,17,8.199476187783162,0.16489379331069876,0.9993323062963014,58,358.71573823476825,5.207773433494992,55.92264758105137,1.9683623905069694,1.5671756269970698,0.384566802746531,3.5340035486625134,73
6,555,284.07718694556206,487.76238760440907,22,3,1.8613891447402608,0.0352848178671088,0.8589873396303163,58,133.85853607037745,6.007492984588689,50.81423040356315,0.26133848227275036,0.19146863564804883,0.23156357912976083,0.22810183249737417,67,8,17,8.199476187783162,0.16489379331069876,0.9993323062963014,58,358.71573823476825,5.207773433494992,55.92264758105137,1.9683623905069694,1.5671756269970698,0.384566802746531,3.5340035486625134,73
6,556,284.0730539386286,487.76238760440907,22,3,1.862939485971988,0.035283574477665426,0.8592144375266372,58,133.86093169244816,6.007286064812725,50.81536281144623,0.2620210267119197,0.19148711130673501,0.23154670643095598,0.22847158901766626,67,8,17,8.199871822202892,0.1648937277927909,0.9993323498923893,58,358.7277441515056,5.207683527025793,55.92236006826471,1.9688005453991966,1.5674825546189817,0.3845658874136789,3.5356955011571025,73
6,557,284.0730539386286,487.76238760440907,22,3,1.862939485971988,0.035283574477665426,0.8592144375266372,58,133.86093169244816,6.007286064812725,50.81536281144623,0.2620210267119197,0.19148711130673501,0.23154670643095598,0.22847158901766626,67,8,17,8.199871822202892,0.1648937277927909,0.9993323498923893,58,358.7277441515056,5.207683527025793,55.92236006826471,1.9688005453991966,1.5674825546189817,0.3845658874136789,3.5356955011571025,73
6,558,284.0730539386286,487.76238760440907,22,3,1.862939485971988,0.035283574477665426,0.8592144375266372,58,133.86093169244816,6.007286064812725,50.81536281144623,0.2620210267119197,0.19148711130673501,0.23154670643095598,0.22847158901766626,67,8,17,8.199871822202892,0.1648937277927909,0.9993323498923893,58,358.7277441515056,5.207683527025793,55.92236006826471,1.9688005453991966,1.5674825546189817,0.3845658874136789,3.5356955011571025,73
6,559,284.0730539386286,487.76238760440907,22,3,1.862939485971988,0.035283574477665426,0.8592144375266372,58,133.86093169244816,6.007286064812725,50.81536281144623,0.2620210267119197,0.19148711130673501,0.23154670643095598,0.22847158901766626,67,8,17,8.199871822202892,0.1648937277927909,0.9993323498923893,58,358.7277441515056,5.207683527025793,55.92236006826471,1.9688005453991966,1.5674825546189817,0.3845658874136789,3.5356955011571025,73
6,560,284.0730539386286,498.27598564003137,22,3,1.862939485971988,0.035283574477665426,0.8592144375266372,58,133.86093169244816,6.007286064812725,50.81536281144623,0.2620210267119197,0.19148711130673501,0.23154670643095598,0.22847158901766626,67,8,17,8.199871822202892,0.1648937277927909,0.9993323498923893,58,358.7277441515056,5.207683527025793,55.92236006826471,1.9688005453991966,1.5674825546189817,0.3845658874136789,3.5356955011571025,73
6,561,284.07017375504864,498.27598564003137,21,3,1.6232050970399137,0.05485981536898291,0.8275288903507283,59,135.45104364884344,6.061975401625293,51.63871956688405,0.2744571559638453,0.20574850121040575,0.21395534873229521,0.20909498479561786,71,8,16,7.904761450699226,0.15075337706543016,0.998056708459598,59,366.5832593629175,5.3583329527441474,56.921195583333834,2.003959673486153,1.602111774383233,0.3863464688830754,3.6809915108318836,72
6,562,284.07017375504864,498.27598564003137,21,3,1.6232050970399137,0.05485981536898291,0.8275288903507283,59,135.45104364884344,6.061975401625293,51.63871956688405,0.2744571559638453,0.20574850121040575,0.21395534873229521,0.20909498479561786,71,8,16,7.904761450699226,0.15075337706543016,0.998056708459598,59,366.5832593629175,5.3583329527441474,56.921195583333834,2.003959673486153,1.602111774383233,0.3863464688830754,3.6809915108318836,72
6,563,284.07017375504864,498.27598564003137,21,3,1.6232050970399137,0.05485981536898291,0.8275288903507283,59,135.45104364884344,6.061975401625293,51.63871956688405,0.2744571559638453,0.20574850121040575,0.21395534873229521,0.20909498479561786,71,8,16,7.904761450699226,0.15075337706543016,0.998056708459598,59,366.5832593629175,5.3583329527441474,56.921195583333834,2.003959673486153,1.602111774383233,0.3863464688830754,3.6809915108318836,72
6,564,284.07017375504864,498.27598564003137,21,3,1.6232050970399137,0.05485981536898291,0.8275288903507283,59,135.45104364884344,6.061975401625293,51.63871956688405,0.2744571559638453,0.20574850121040575,0.21395534873229521,0.20909498479561786,71,8,16,7.904761450699226,0.15075337706543016,0.998056708459598,59,366.5832593629175,5.3583329527441474,56.921195583333834,2.003959673486153,1.602111774383233,0.3863464688830754,3.6809915108318836,72
6,565,284.07017375504864,498.27598564003137,21,3,1.6232050970399137,0.05485981536898291,0.8275288903507283,59,135.45104364884344,6.061975401625293,51.63871956688405,0.2744571559638453,0.20574850121040575,0.21395534873229521,0.20909498479561786,71,8,16,7.904761450699226,0.15075337706543016,0.998056708459598,59,366.5832593629175,5.3583329527441474,56.921195583333834,2.003959673486153,1.602111774383233,0.3863464688830754,3.6809915108318836,72
6,566,284.06743468669856,498.27598564003137,21,3,1.623688662356445,0.05485799340181252,0.8276493366756658,59,135.49730287786267,6.061853940825182,51.6459500750172,0.2759163009512318,0.20649244760282043,0.2139432529146698,0.2097131910424383,71,8,16,7.904658335602378,0.1507533751774356,0.9980566821091794,59,366.58572849451593,5.358270326276191,56.92104041272041,2.00396557195975,1.6021950325605252,0.3863460323887138,3.6810585865062913,72
6,567,284.06743468669856,498.27598564003137,21,3,1.623688662356445,0.05485799340181252,0.8276493366756658,59,135.49730287786267,6.061853940825182,51.6459500750172,0.2759163009512318,0.20649244760282043,0.2139432529146698,0.2097131910424383,71,8,16,7.904658335602378,0.1507533751774356,0.9980566821091794,59,366.58572849451593,5.358270326276191,56.92104041272041,2.00396557195975,1.6021950325605252,0.3863460323887138,3.6810585865062913,72
6,568,284.06743468669856,498.27598564003137,21,3,1.623688662356445,0.05485799340181252,0.8276493366756658,59,135.49730287786267,6.061853940825182,51.6459500750172,0.2759163009512318,0.20649244760282043,0.2139432529146698,0.2097131910424383,71,8,16,7.904658335602378,0.1507533751774356,0.9980566821091794,59,366.58572849451593,5.358270326276191,56.92104041272041,2.00396557195975,1.6021950325605252,0.3863460323887138,3.6810585865062913,72
6,569,284.06743468669856,498.27598564003137,21,3,1.623688662356445,0.05485799340181252,0.8276493366756658,59,135.49730287786267,6.061853940825182,51.6459500750172,0.2759163009512318,0.20649244760282043,0.2139432529146698,0.2097131910424383,71,8,16,7.904658335602378,0.1507533751774356,0.9980566821091794,59,366.58572849451593,5.358270326276191,56.92104041272041,2.00396557195975,1.6021950325605252,0.3863460323887138,3.6810585865062913,72
6,570,284.06743468669856,509.7322795023313,21,3,1.623688662356445,0.05485799340181252,0.8276493366756658,59,135.49730287786267,6.061853940825182,51.6459500750172,0.2759163009512318,0.20649244760282043,0.2139432529146698,0.2097131910424383,71,8,16,7.904658335602378,0.1507533751774356,0.9980566821091794,59,366.58572849451593,5.358270326276191,56.92104041272041,2.00396557195975,1.6021950325605252,0.3863460323887138,3.6810585865062913,72
6,571,284.0631890841179,509.7322795023313,21,4,2.1325456336487236,0.017243690408628536,0.8896549113837361,60,137.5571196564685,6.078931705002704,52.52580829956851,0.2844599641575049,0.21327712041968613,0.19381819817698556,0.1910213045061172,72,7,16,8.933895762944015,0.030529728382570658,0.9998201220778932,60,375.5880821701782,5.388464257155947,57.927944943945924,1.8713930225296265,1.4113745901390666,0.3644058813691446,3.2064279250718157,69
6,572,284.0631890841179,509.7322795023313,21,4,2.1325456336487236,0.017243690408628536,0.8896549113837361,60,137.5571196564685,6.078931705002704,52.52580829956851,0.2844599641575049,0.21327712041968613,0.19381819817698556,0.1910213045061172,72,7,16,8.933895762944015,0.030529728382570658,0.9998201220778932,60,375.5880821701782,5.388464257155947,57.927944943945924,1.8713930225296265,1.4113745901390666,0.3644058813691446,3.2064279250718157,69
6,573,284.0631890841179,509.7322795023313,21,4,2.1325456336487236,0.017243690408628536,0.8896549113837361,60,137.5571196564685,6.078931705002704,52.52580829956851,0.2844599641575049,0.21327712041968613,0.19381819817698556,0.1910213045061172,72,7,16,8.933895762944015,0.030529728382570658,0.9998201220778932,60,375.5880821701782,5.388464257155947,57.927944943945924,1.8713930225296265,1.4113745901390666,0.3644058813691446,3.2064279250718157,69
6,574,284.0631890841179,509.7322795023313,21,4,2.1325456336487236,0.017243690408628536,0.8896549113837361,60,137.5571196564685,6.078931705002704,52.52580829956851,0.2844599641575049,0.21327712041968613,0.19381819817698556,0.1910213045061172,72,7,16,8.933895762944015,0.030529728382570658,0.9998201220778932,60,375.5880821701782,5.388464257155947,57.927944943945924,1.8713930225296265,1.4113745901390666,0.3644058813691446,3.2064279250718157,69
6,575,284.0631890841179,509.7322795023313,21,4,2.1325456336487236,0.017243690408628536,0.8896549113837361,60,137.5571196564685,6.078931705002704,52.52580829956851,0.2844599641575049,0.21327712041968613,0.19381819817698556,0.1910213045061172,72,7,16,8.933895762944015,0.030529728382570658,0.9998201220778932,60,375.5880821701782,5.388464257155947,57.927944943945924,1.8713930225296265,1.4113745901390666,0.3644058813691446,3.2064279250718157,69
6,576,284.05887557058173,509.7322795023313,21,4,2.1351736553549148,0.017242660383843773,0.8898986936656791,60,137.48229483858876,6.078804616562434,52.51944062783803,0.28481265032827696,0.21404311304177281,0.19380195717467177,0.1909449788417592,72,7,16,8.933738670656592,0.03052967445661292,0.99982011280325,60,375.4560400930614,5.387992357072896,57.92493594378255,1.8715710303592519,1.4113528750745996,0.36440458226792305,3.2070803382047046,69
6,577,284.05887557058173,509.7322795023313,21,4,2.1351736553549148,0.017242660383843773,0.8898986936656791,60,137.48229483858876,6.078804616562434,52.51944062783803,0.28481265032827696,0.21404311304177281,0.19380195717467177,0.1909449788417592,72,7,16,8.933738670656592,0.03052967445661292,0.99982011280325,60,375.4560400930614,5.387992357072896,57.92493594378255,1.8715710303592519,1.4113528750745996,0.36440458226792305,3.2070803382047046,69
6,578,284.05887557058173,509.7322795023313,21,4,2.1351736553549148,0.017242660383843773,0.8898986936656791,60,137.48229483858876,6.078804616562434,52.51944062783803,0.28481265032827696,0.21404311304177281,0.19380195717467177,0.1909449788417592,72,7,16,8.933738670656592,0.03052967445661292,0.99982011280325,60,375.4560400930614,5.387992357072896,57.92493594378255,1.8715710303592519,1.4113528750745996,0.36440458226792305,3.2070803382047046,69
6,579,284.05887557058173,509.7322795023313,21,4,2.1351736553549148,0.017242660383843773,0.8898986936656791,60,137.48229483858876,6.078804616562434,52.51944062783803,0.28481265032827696,0.21404311304177281,0.19380195717467177,0.1909449788417592,72,7,16,8.933738670656592,0.03052967445661292,0.99982011280325,60,375.4560400930614,5.387992357072896,57.92493594378255,1.8715710303592519,1.4113528750745996,0.36440458226792305,3.2070803382047046,69
6,580,284.05887557058173,520.368364635499,21,4,2.1351736553549148,0.017242660383843773,0.8898986936656791,60,137.48229483858876,6.078804616562434,52.51944062783803,0.28481265032827696,0.21404311304177281,0.19380195717467177,0.1909449788417592,72,7,16,8.933738670656592,0.03052967445661292,0.99982011280325,60,375.4560400930614,5.387992357072896,57.92493594378255,1.8715710303592519,1.4113528750745996,0.36440458226792305,3.2070803382047046,69
6,581,284.055452819402,520.368364635499,21,5,2.3149920137157345,0.019150054947325135,0.9046052854644119,61,139.75819697017226,6.097792050984311,53.4196245906491,0.30060063541502857,0.2323877788198473,0.17660994872866068,0.1743260986283898,72,7,15,7.8017812136859375,0.03203822016499621,0.9994274085898395,61,382.924223112313,5.419431898339294,58.91433830391049,1.826636522017752,1.3701913951642086,0.35374066021069267,3.052874400194403,69
6,582,284.055452819402,520.368364635499,21,5,2.3149920137157345,0.019150054947325135,0.9046052854644119,61,139.75819697017226,6.097792050984311,53.4196245906491,0.30060063541502857,0.2323877788198473,0.17660994872866068,0.1743260986283898,72,7,15,7.8017812136859375,0.03203822016499621,0.9994274085898395,61,382.924223112313,5.419431898339294,58.91433830391049,1.826636522017752,1.3701913951642086,0.35374066021069267,3.052874400194403,69
6,583,284.055452819402,520.368364635499,21,5,2.3149920137157345,0.019150054947325135,0.9046052854644119,61,139.75819697017226,6.097792050984311,53.4196245906491,0.30060063541502857,0.2323877788198473,0.17660994872866068,0.1743260986283898,72,7,15,7.8017812136859375,0.03203822016499621,0.9994274085898395,61,382.924223112313,5.419431898339294,58.91433830391049,1.826636522017752,1.3701913951642086,0.35374066021069267,3.052874400194403,69
6,584,284.055452819402,520.368364635499,21,5,2.3149920137157345,0.019150054947325135,0.9046052854644119,61,139.75819697017226,6.097792050984311,53.4196245906491,0.30060063541502857,0.2323877788198473,0.17660994872866068,0.1743260986283898,72,7,15,7.8017812136859375,0.03203822016499621,0.9994274085898395,61,382.924223112313,5.419431898339294,58.91433830391049,1.826636522017752,1.3701913951642086,0.35374066021069267,3.052874400194403,69
6,585,284.055452819402,520.368364635499,21,5,2.3149920137157345,0.019150054947325135,0.9046052854644119,61,139.75819697017226,6.097792050984311,53.4196245906491,0.30060063541502857,0.2323877788198473,0.17660994872866068,0.1743260986283898,72,7,15,7.8017812136859375,0.03203822016499621,0.9994274085898395,61,382.924223112313,5.419431898339294,58.91433830391049,1.826636522017752,1.3701913951642086,0.35374066021069267,3.052874400194403,69
6,586,284.0522777101364,520.368364635499,21,5,2.314829815093022,0.019149196398581075,0.9045717542597863,61,139.8006970078214,6.097650361895741,53.42195088959287,0.30105771301873663,0.23298526171498068,0.17660066076688907,0.17409561896410453,72,7,15,7.8013867815491595,0.032038128680123235,0.9994273404805992,61,382.8273760356969,5.419141037683845,58.9120478166162,1.827243392235069,1.370514134717531,0.3537391869766341,3.055059393266868,69
6,587,284.0522777101364,520.368364635499,21,5,2.314829815093022,0.019149196398581075,0.9045717542597863,61,139.8006970078214,6.097650361895741,53.42195088959287,0.30105771301873663,0.23298526171498068,0.17660066076688907,0.17409561896410453,72,7,15,7.8013867815491595,0.032038128680123235,0.9994273404805992,61,382.8273760356969,5.419141037683845,58.9120478166162,1.827243392235069,1.370514134717531,0.3537391869766341,3.055059393266868,69
6,588,284.0522777101364,520.368364635499,21,5,2.314829815093022,0.019149196398581075,0.9045717542597863,61,139.8006970078214,6.097650361895741,53.42195088959287,0.30105771301873663,0.23298526171498068,0.17660066076688907,0.17409561896410453,72,7,15,7.8013867815491595,0.032038128680123235,0.9994273404805992,61,382.8273760356969,5.419141037683845,58.9120478166162,1.827243392235069,1.370514134717531,0.3537391869766341,3.055059393266868,69
6,589,284.0522777101364,520.368364635499,21,5,2.314829815093022,0.019149196398581075,0.9045717542597863,61,139.8006970078214,6.097650361895741,53.42195088959287,0.30105771301873663,0.23298526171498068,0.17660066076688907,0.17409561896410453,72,7,15,7.8013867815491595,0.032038128680123235,0.9994273404805992,61,382.8273760356969,5.419141037683845,58.9120478166162,1.827243392235069,1.370514134717531,0.3537391869766341,3.055059393266868,69
6,590,284.0522777101364,531.099493435356,21,5,2.314829815093022,0.019149196398581075,0.9045717542597863,61,139.8006970078214,6.097650361895741,53.42195088959287,0.30105771301873663,0.23298526171498068,0.17660066076688907,0.17409561896410453,72,7,15,7.8013867815491595,0.032038128680123235,0.9994273404805992,61,382.8273760356969,5.419141037683845,58.9120478166162,1.827243392235069,1.370514134717531,0.3537391869766341,3.055059393266868,69
6,591,284.0496939632302,531.099493435356,21,6,2.1218990014676273,0.03562775752877608,0.8832378374771204,62,141.95578753322286,6.133174115378836,54.30778192829968,0.31560822264376354,0.2478064844182784,0.16320571828955094,0.15900036477851393,71,8,15,7.262235250046703,0.1546430186516445,0.9956923437368808,62,390.10389024425973,5.573536869920168,59.906661918187275,2.0269195246697254,1.6131716573830504,0.3846483768265082,3.779609930733321,69
6,592,284.0496939632302,531.099493435356,21,6,2.1218990014676273,0.03562775752877608,0.8832378374771204,62,141.95578753322286,6.133174115378836,54.30778192829968,0.31560822264376354,0.2478064844182784,0.16320571828955094,0.15900036477851393,71,8,15,7.262235250046703,0.1546430186516445,0.9956923437368808,62,390.10389024425973,5.573536869920168,59.906661918187275,2.0269195246697254,1.6131716573830504,0.3846483768265082,3.779609930733321,69
6,593,284.0496939632302,531.099493435356,21,6,2.1218990014676273,0.03562775752877608,0.8832378374771204,62,141.95578753322286,6.133174115378836,54.30778192829968,0.31560822264376354,0.2478064844182784,0.16320571828955094,0.15900036477851393,71,8,15,7.262235250046703,0.1546430186516445,0.9956923437368808,62,390.10389024425973,5.573536869920168,59.906661918187275,2.0269195246697254,1.6131716573830504,0.3846483768265082,3.779609930733321,69
6,594,284.0496939632302,531.099493435356,21,6,2.1218990014676273,0.03562775752877608,0.8832378374771204,62,141.95578753322286,6.133174115378836,54.30778192829968,0.31560822264376354,0.2478064844182784,0.16320571828955094,0.15900036477851393,71,8,15,7.262235250046703,0.1546430186516445,0.9956923437368808,62,390.10389024425973,5.573536869920168,59.906661918187275,2.0269195246697254,1.6131716573830504,0.3846483768265082,3.779609930733321,69
6,595,284.0496939632302,531.099493435356,21,6,2.1218990014676273,0.03562775752877608,0.8832378374771204,62,141.95578753322286,6.133174115378836,54.30778192829968,0.31560822264376354,0.2478064844182784,0.16320571828955094,0.15900036477851393,71,8,15,7.262235250046703,0.1546430186516445,0.9956923437368808,62,390.10389024425973,5.573536869920168,59.906661918187275,2.0269195246697254,1.6131716573830504,0.3846483768265082,3.779609930733321,69
6,596,284.0457846153606,531.099493435356,21,6,2.131788397531854,0.03562508133737774,0.8842520087692053,62,141.9502986016349,6.1330564498717735,54.30426236449622,0.31276457119029033,0.24465430208517908,0.16320230704996874,0.15754536350933476,71,8,15,7.264381004209774,0.15464287788186107,0.9956926843535981,62,389.9485269685967,5.572590177503379,59.93842930937931,2.027031927215412,1.6129748786778901,0.38464549736246634,3.7798307167415213,69
6,597,284.0457846153606,531.099493435356,21,6,2.131788397531854,0.03562508133737774,0.8842520087692053,62,141.9502986016349,6.1330564498717735,54.30426236449622,0.31276457119029033,0.24465430208517908,0.16320230704996874,0.15754536350933476,71,8,15,7.264381004209774,0.15464287788186107,0.9956926843535981,62,389.9485269685967,5.572590177503379,59.93842930937931,2.027031927215412,1.6129748786778901,0.38464549736246634,3.7798307167415213,69
6,598,284.0457846153606,531.099493435356,21,6,2.131788397531854,0.03562508133737774,0.8842520087692053,62,141.9502986016349,6.1330564498717735,54.30426236449622,0.31276457119029033,0.24465430208517908,0.16320230704996874,0.15754536350933476,71,8,15,7.264381004209774,0.15464287788186107,0.9956926843535981,62,389.9485269685967,5.572590177503379,59.93842930937931,2.027031927215412,1.6129748786778901,0.38464549736246634,3.7798307167415213,69
6,599,284.0457846153606,531.099493435356,21,6,2.131788397531854,0.03562508133737774,0.8842520087692053,62,141.9502986016349,6.1330564498717735,54.30426236449622,0.31276457119029033,0.24465430208517908,0.16320230704996874,0.15754536350933476,71,8,15,7.264381004209774,0.15464287788186107,0.9956926843535981,62,389.9485269685967,5.572590177503379,59.93842930937931,2.027031927215412,1.6129748786778901,0.38464549736246634,3.7798307167415213,69
