run_idx,step,J,true_crop_sum,ugv0_y,ugv0_x,ugv0_mu,ugv0_var,ugv0_prob,ugv0_visited_count,ugv0_visited_mu_sum,ugv0_visited_var_sum,ugv0_visited_prob_sum,ugv1_y,ugv1_x,ugv1_mu,ugv1_var,ugv1_prob,ugv1_visited_count,ugv1_visited_mu_sum,ugv1_visited_var_sum,ugv1_visited_prob_sum
6,0,858.6649755109362,6.791892379259086,20,13,0.5906718784158344,0.8287976804482166,0.6116594860392096,2,0.6140231807759556,1.828774399417523,1.1166060911915627,10,13,0.02623923640956428,0.9999251956369827,0.505556685278879,2,0.04959053876968561,1.999901914606289,1.010503290431232
6,1,856.960934434441,6.791892379259086,20,14,0.9363526459806151,0.788193764977374,0.6436450107781783,3,1.820305292878931,2.6037148916129005,1.7846448730253814,10,12,0.005602466452548603,0.9992863803415784,0.5011871740013444,3,0.029106597820573593,2.999172737764508,1.5061662466382713
6,2,856.960934434441,6.791892379259086,20,14,0.9363526459806151,0.788193764977374,0.6436450107781783,3,1.820305292878931,2.6037148916129005,1.7846448730253814,10,12,0.005602466452548603,0.9992863803415784,0.5011871740013444,3,0.029106597820573593,2.999172737764508,1.5061662466382713
6,3,856.960934434441,6.791892379259086,20,14,0.9363526459806151,0.788193764977374,0.6436450107781783,3,1.820305292878931,2.6037148916129005,1.7846448730253814,10,12,0.005602466452548603,0.9992863803415784,0.5011871740013444,3,0.029106597820573593,2.999172737764508,1.5061662466382713
6,4,856.960934434441,6.791892379259086,20,14,0.9363526459806151,0.788193764977374,0.6436450107781783,3,1.820305292878931,2.6037148916129005,1.7846448730253814,10,12,0.005602466452548603,0.9992863803415784,0.5011871740013444,3,0.029106597820573593,2.999172737764508,1.5061662466382713
6,5,856.960934434441,6.791892379259086,20,14,0.9363526459806151,0.788193764977374,0.6436450107781783,3,1.820305292878931,2.6037148916129005,1.7846448730253814,10,12,0.005602466452548603,0.9992863803415784,0.5011871740013444,3,0.029106597820573593,2.999172737764508,1.5061662466382713
6,6,839.6079316794762,6.791892379259086,20,14,0.847086901460849,0.7864116183700839,0.6381256072616921,3,1.6016943248494648,2.5842791457476535,1.76983604486621,10,12,0.39627080117603186,0.9341822467389088,0.5793998597685329,3,0.5797656521303046,2.9191360592741207,1.6179814677380007
6,7,839.6079316794762,6.791892379259086,20,14,0.847086901460849,0.7864116183700839,0.6381256072616921,3,1.6016943248494648,2.5842791457476535,1.76983604486621,10,12,0.39627080117603186,0.9341822467389088,0.5793998597685329,3,0.5797656521303046,2.9191360592741207,1.6179814677380007
6,8,839.6079316794762,6.791892379259086,20,14,0.847086901460849,0.7864116183700839,0.6381256072616921,3,1.6016943248494648,2.5842791457476535,1.76983604486621,10,12,0.39627080117603186,0.9341822467389088,0.5793998597685329,3,0.5797656521303046,2.9191360592741207,1.6179814677380007
6,9,839.6079316794762,6.791892379259086,20,14,0.847086901460849,0.7864116183700839,0.6381256072616921,3,1.6016943248494648,2.5842791457476535,1.76983604486621,10,12,0.39627080117603186,0.9341822467389088,0.5793998597685329,3,0.5797656521303046,2.9191360592741207,1.6179814677380007
6,10,839.6079316794762,13.13754714284098,20,14,0.847086901460849,0.7864116183700839,0.6381256072616921,3,1.6016943248494648,2.5842791457476535,1.76983604486621,10,12,0.39627080117603186,0.9341822467389088,0.5793998597685329,3,0.5797656521303046,2.9191360592741207,1.6179814677380007
6,11,824.0116887648207,13.13754714284098,20,15,0.8455099407226746,0.785546123195349,0.6383684572532402,4,2.44700364126052,3.366907071622859,2.408164325084617,10,11,0.6333158543267128,0.7237477251675216,0.6209480418930294,4,1.1811525768238154,3.48894499179759,2.2375639960084133
6,12,824.0116887648207,13.13754714284098,20,15,0.8455099407226746,0.785546123195349,0.6383684572532402,4,2.44700364126052,3.366907071622859,2.408164325084617,10,11,0.6333158543267128,0.7237477251675216,0.6209480418930294,4,1.1811525768238154,3.48894499179759,2.2375639960084133
6,13,824.0116887648207,13.13754714284098,20,15,0.8455099407226746,0.785546123195349,0.6383684572532402,4,2.44700364126052,3.366907071622859,2.408164325084617,10,11,0.6333158543267128,0.7237477251675216,0.6209480418930294,4,1.1811525768238154,3.48894499179759,2.2375639960084133
6,14,824.0116887648207,13.13754714284098,20,15,0.8455099407226746,0.785546123195349,0.6383684572532402,4,2.44700364126052,3.366907071622859,2.408164325084617,10,11,0.6333158543267128,0.7237477251675216,0.6209480418930294,4,1.1811525768238154,3.48894499179759,2.2375639960084133
6,15,824.0116887648207,13.13754714284098,20,15,0.8455099407226746,0.785546123195349,0.6383684572532402,4,2.44700364126052,3.366907071622859,2.408164325084617,10,11,0.6333158543267128,0.7237477251675216,0.6209480418930294,4,1.1811525768238154,3.48894499179759,2.2375639960084133
6,16,812.245694437435,13.13754714284098,20,15,0.7757547702273669,0.7826867271876035,0.6329931725699176,4,1.9685651176940024,3.278121412830476,2.3621929759087026,10,11,0.9072305939800157,0.7112351276655179,0.6447320847417721,4,2.244091683557979,3.4394766899774214,2.382176594892338
6,17,812.245694437435,13.13754714284098,20,15,0.7757547702273669,0.7826867271876035,0.6329931725699176,4,1.9685651176940024,3.278121412830476,2.3621929759087026,10,11,0.9072305939800157,0.7112351276655179,0.6447320847417721,4,2.244091683557979,3.4394766899774214,2.382176594892338
6,18,812.245694437435,13.13754714284098,20,15,0.7757547702273669,0.7826867271876035,0.6329931725699176,4,1.9685651176940024,3.278121412830476,2.3621929759087026,10,11,0.9072305939800157,0.7112351276655179,0.6447320847417721,4,2.244091683557979,3.4394766899774214,2.382176594892338
6,19,812.245694437435,13.13754714284098,20,15,0.7757547702273669,0.7826867271876035,0.6329931725699176,4,1.9685651176940024,3.278121412830476,2.3621929759087026,10,11,0.9072305939800157,0.7112351276655179,0.6447320847417721,4,2.244091683557979,3.4394766899774214,2.382176594892338
6,20,812.245694437435,19.472205758722907,20,15,0.7757547702273669,0.7826867271876035,0.6329931725699176,4,1.9685651176940024,3.278121412830476,2.3621929759087026,10,11,0.9072305939800157,0.7112351276655179,0.6447320847417721,4,2.244091683557979,3.4394766899774214,2.382176594892338
6,21,794.8752251299265,19.472205758722907,20,16,0.7469778738479739,0.7687888147941754,0.6337560036798103,5,2.7311184580149557,3.8227213304900247,3.035350979552267,9,11,1.1656441304613894,0.6686731699655927,0.656837691548588,5,5.023889437712613,3.7103902433361418,3.1952982608429066
6,22,794.8752251299265,19.472205758722907,20,16,0.7469778738479739,0.7687888147941754,0.6337560036798103,5,2.7311184580149557,3.8227213304900247,3.035350979552267,9,11,1.1656441304613894,0.6686731699655927,0.656837691548588,5,5.023889437712613,3.7103902433361418,3.1952982608429066
6,23,794.8752251299265,19.472205758722907,20,16,0.7469778738479739,0.7687888147941754,0.6337560036798103,5,2.7311184580149557,3.8227213304900247,3.035350979552267,9,11,1.1656441304613894,0.6686731699655927,0.656837691548588,5,5.023889437712613,3.7103902433361418,3.1952982608429066
6,24,794.8752251299265,19.472205758722907,20,16,0.7469778738479739,0.7687888147941754,0.6337560036798103,5,2.7311184580149557,3.8227213304900247,3.035350979552267,9,11,1.1656441304613894,0.6686731699655927,0.656837691548588,5,5.023889437712613,3.7103902433361418,3.1952982608429066
6,25,794.8752251299265,19.472205758722907,20,16,0.7469778738479739,0.7687888147941754,0.6337560036798103,5,2.7311184580149557,3.8227213304900247,3.035350979552267,9,11,1.1656441304613894,0.6686731699655927,0.656837691548588,5,5.023889437712613,3.7103902433361418,3.1952982608429066
6,26,781.1368659245315,19.472205758722907,20,16,0.7469745667454832,0.763880191684438,0.6269024761456526,5,3.0762297015863753,3.5902789975772698,3.0842482986473345,9,11,1.1593542993017045,0.668596320758364,0.6567318381446774,5,5.168978572916886,3.480107853046209,3.241884043415949
6,27,781.1368659245315,19.472205758722907,20,16,0.7469745667454832,0.763880191684438,0.6269024761456526,5,3.0762297015863753,3.5902789975772698,3.0842482986473345,9,11,1.1593542993017045,0.668596320758364,0.6567318381446774,5,5.168978572916886,3.480107853046209,3.241884043415949
6,28,781.1368659245315,19.472205758722907,20,16,0.7469745667454832,0.763880191684438,0.6269024761456526,5,3.0762297015863753,3.5902789975772698,3.0842482986473345,9,11,1.1593542993017045,0.668596320758364,0.6567318381446774,5,5.168978572916886,3.480107853046209,3.241884043415949
6,29,781.1368659245315,19.472205758722907,20,16,0.7469745667454832,0.763880191684438,0.6269024761456526,5,3.0762297015863753,3.5902789975772698,3.0842482986473345,9,11,1.1593542993017045,0.668596320758364,0.6567318381446774,5,5.168978572916886,3.480107853046209,3.241884043415949
6,30,781.1368659245315,26.54362292616295,20,16,0.7469745667454832,0.763880191684438,0.6269024761456526,5,3.0762297015863753,3.5902789975772698,3.0842482986473345,9,11,1.1593542993017045,0.668596320758364,0.6567318381446774,5,5.168978572916886,3.480107853046209,3.241884043415949
6,31,768.8425146939419,26.54362292616295,20,17,1.1958621296675067,0.781375310464116,0.6822416106548208,6,5.659091567705655,4.268226142846995,3.874163461576541,9,12,1.4727125287783378,0.6688210666262592,0.6671108784995222,6,7.536711435217386,4.068849068026653,3.9991825046632323
6,32,768.8425146939419,26.54362292616295,20,17,1.1958621296675067,0.781375310464116,0.6822416106548208,6,5.659091567705655,4.268226142846995,3.874163461576541,9,12,1.4727125287783378,0.6688210666262592,0.6671108784995222,6,7.536711435217386,4.068849068026653,3.9991825046632323
6,33,768.8425146939419,26.54362292616295,20,17,1.1958621296675067,0.781375310464116,0.6822416106548208,6,5.659091567705655,4.268226142846995,3.874163461576541,9,12,1.4727125287783378,0.6688210666262592,0.6671108784995222,6,7.536711435217386,4.068849068026653,3.9991825046632323
6,34,768.8425146939419,26.54362292616295,20,17,1.1958621296675067,0.781375310464116,0.6822416106548208,6,5.659091567705655,4.268226142846995,3.874163461576541,9,12,1.4727125287783378,0.6688210666262592,0.6671108784995222,6,7.536711435217386,4.068849068026653,3.9991825046632323
6,35,768.8425146939419,26.54362292616295,20,17,1.1958621296675067,0.781375310464116,0.6822416106548208,6,5.659091567705655,4.268226142846995,3.874163461576541,9,12,1.4727125287783378,0.6688210666262592,0.6671108784995222,6,7.536711435217386,4.068849068026653,3.9991825046632323
6,36,755.2182341966811,26.54362292616295,20,17,1.140945331220084,0.7004769141321544,0.6819745546239804,6,5.42044562331192,4.124850820943963,3.877467389525112,9,12,1.4735440167169382,0.6688065295220316,0.6667796742467275,6,7.57274694599797,4.067352018255563,3.997769102493949
6,37,755.2182341966811,26.54362292616295,20,17,1.140945331220084,0.7004769141321544,0.6819745546239804,6,5.42044562331192,4.124850820943963,3.877467389525112,9,12,1.4735440167169382,0.6688065295220316,0.6667796742467275,6,7.57274694599797,4.067352018255563,3.997769102493949
6,38,755.2182341966811,26.54362292616295,20,17,1.140945331220084,0.7004769141321544,0.6819745546239804,6,5.42044562331192,4.124850820943963,3.877467389525112,9,12,1.4735440167169382,0.6688065295220316,0.6667796742467275,6,7.57274694599797,4.067352018255563,3.997769102493949
6,39,755.2182341966811,26.54362292616295,20,17,1.140945331220084,0.7004769141321544,0.6819745546239804,6,5.42044562331192,4.124850820943963,3.877467389525112,9,12,1.4735440167169382,0.6688065295220316,0.6667796742467275,6,7.57274694599797,4.067352018255563,3.997769102493949
6,40,755.2182341966811,34.34425715847148,20,17,1.140945331220084,0.7004769141321544,0.6819745546239804,6,5.42044562331192,4.124850820943963,3.877467389525112,9,12,1.4735440167169382,0.6688065295220316,0.6667796742467275,6,7.57274694599797,4.067352018255563,3.997769102493949
6,41,743.9176506007128,34.34425715847148,20,18,1.3378654855809284,0.6336148830368046,0.7110076921231915,7,3.8421581046578472,4.643975548808703,4.1021144980898265,9,13,1.8697935133282224,0.6693801772144248,0.6712240710927677,7,9.791656950398927,4.7359385221987855,4.676551029042683
6,42,743.9176506007128,34.34425715847148,20,18,1.3378654855809284,0.6336148830368046,0.7110076921231915,7,3.8421581046578472,4.643975548808703,4.1021144980898265,9,13,1.8697935133282224,0.6693801772144248,0.6712240710927677,7,9.791656950398927,4.7359385221987855,4.676551029042683
6,43,743.9176506007128,34.34425715847148,20,18,1.3378654855809284,0.6336148830368046,0.7110076921231915,7,3.8421581046578472,4.643975548808703,4.1021144980898265,9,13,1.8697935133282224,0.6693801772144248,0.6712240710927677,7,9.791656950398927,4.7359385221987855,4.676551029042683
6,44,743.9176506007128,34.34425715847148,20,18,1.3378654855809284,0.6336148830368046,0.7110076921231915,7,3.8421581046578472,4.643975548808703,4.1021144980898265,9,13,1.8697935133282224,0.6693801772144248,0.6712240710927677,7,9.791656950398927,4.7359385221987855,4.676551029042683
6,45,743.9176506007128,34.34425715847148,20,18,1.3378654855809284,0.6336148830368046,0.7110076921231915,7,3.8421581046578472,4.643975548808703,4.1021144980898265,9,13,1.8697935133282224,0.6693801772144248,0.6712240710927677,7,9.791656950398927,4.7359385221987855,4.676551029042683
6,46,735.6132383533097,34.34425715847148,20,18,0.7598903986591825,0.631735028330957,0.6605423304348372,7,3.1497760156986825,4.638846398359372,4.037759428324097,9,13,1.8662720888480424,0.669378347744142,0.6705329940952529,7,9.666872338436427,4.735417211154362,4.6721506408329665
6,47,735.6132383533097,34.34425715847148,20,18,0.7598903986591825,0.631735028330957,0.6605423304348372,7,3.1497760156986825,4.638846398359372,4.037759428324097,9,13,1.8662720888480424,0.669378347744142,0.6705329940952529,7,9.666872338436427,4.735417211154362,4.6721506408329665
6,48,735.6132383533097,34.34425715847148,20,18,0.7598903986591825,0.631735028330957,0.6605423304348372,7,3.1497760156986825,4.638846398359372,4.037759428324097,9,13,1.8662720888480424,0.669378347744142,0.6705329940952529,7,9.666872338436427,4.735417211154362,4.6721506408329665
6,49,735.6132383533097,34.34425715847148,20,18,0.7598903986591825,0.631735028330957,0.6605423304348372,7,3.1497760156986825,4.638846398359372,4.037759428324097,9,13,1.8662720888480424,0.669378347744142,0.6705329940952529,7,9.666872338436427,4.735417211154362,4.6721506408329665
6,50,735.6132383533097,43.03901435156301,20,18,0.7598903986591825,0.631735028330957,0.6605423304348372,7,3.1497760156986825,4.638846398359372,4.037759428324097,9,13,1.8662720888480424,0.669378347744142,0.6705329940952529,7,9.666872338436427,4.735417211154362,4.6721506408329665
6,51,720.8185936246614,43.03901435156301,20,19,1.2150294412071512,0.5658619902211987,0.7233345489994439,8,4.2288247550125835,5.201489536572074,4.730925271752163,9,14,2.37583424015453,0.6886747015394459,0.6725975740545306,8,11.926627659973107,5.42335556149841,5.338692172558659
6,52,720.8185936246614,43.03901435156301,20,19,1.2150294412071512,0.5658619902211987,0.7233345489994439,8,4.2288247550125835,5.201489536572074,4.730925271752163,9,14,2.37583424015453,0.6886747015394459,0.6725975740545306,8,11.926627659973107,5.42335556149841,5.338692172558659
6,53,720.8185936246614,43.03901435156301,20,19,1.2150294412071512,0.5658619902211987,0.7233345489994439,8,4.2288247550125835,5.201489536572074,4.730925271752163,9,14,2.37583424015453,0.6886747015394459,0.6725975740545306,8,11.926627659973107,5.42335556149841,5.338692172558659
6,54,720.8185936246614,43.03901435156301,20,19,1.2150294412071512,0.5658619902211987,0.7233345489994439,8,4.2288247550125835,5.201489536572074,4.730925271752163,9,14,2.37583424015453,0.6886747015394459,0.6725975740545306,8,11.926627659973107,5.42335556149841,5.338692172558659
6,55,720.8185936246614,43.03901435156301,20,19,1.2150294412071512,0.5658619902211987,0.7233345489994439,8,4.2288247550125835,5.201489536572074,4.730925271752163,9,14,2.37583424015453,0.6886747015394459,0.6725975740545306,8,11.926627659973107,5.42335556149841,5.338692172558659
6,56,708.9612007565179,43.03901435156301,20,19,1.1850674016021145,0.5652005892361655,0.7210019999217794,8,4.254963488508926,5.200035816238286,4.741984291588045,9,14,2.4287901353116177,0.6884481143182414,0.6730956784163024,8,11.925373311313615,5.422955304101503,5.336940978822737
6,57,708.9612007565179,43.03901435156301,20,19,1.1850674016021145,0.5652005892361655,0.7210019999217794,8,4.254963488508926,5.200035816238286,4.741984291588045,9,14,2.4287901353116177,0.6884481143182414,0.6730956784163024,8,11.925373311313615,5.422955304101503,5.336940978822737
6,58,708.9612007565179,43.03901435156301,20,19,1.1850674016021145,0.5652005892361655,0.7210019999217794,8,4.254963488508926,5.200035816238286,4.741984291588045,9,14,2.4287901353116177,0.6884481143182414,0.6730956784163024,8,11.925373311313615,5.422955304101503,5.336940978822737
6,59,708.9612007565179,43.03901435156301,20,19,1.1850674016021145,0.5652005892361655,0.7210019999217794,8,4.254963488508926,5.200035816238286,4.741984291588045,9,14,2.4287901353116177,0.6884481143182414,0.6730956784163024,8,11.925373311313615,5.422955304101503,5.336940978822737
6,60,708.9612007565179,51.29940219154732,20,19,1.1850674016021145,0.5652005892361655,0.7210019999217794,8,4.254963488508926,5.200035816238286,4.741984291588045,9,14,2.4287901353116177,0.6884481143182414,0.6730956784163024,8,11.925373311313615,5.422955304101503,5.336940978822737
6,61,699.4266651188929,51.29940219154732,20,20,1.5182536149811352,0.4684807135603645,0.757725793683599,9,5.812487398449584,5.667653088814899,5.504946923978801,10,14,1.8260772559594163,0.7235564154125163,0.6901762702841462,9,13.768375412172697,6.145109473470266,6.025323225654321
6,62,699.4266651188929,51.29940219154732,20,20,1.5182536149811352,0.4684807135603645,0.757725793683599,9,5.812487398449584,5.667653088814899,5.504946923978801,10,14,1.8260772559594163,0.7235564154125163,0.6901762702841462,9,13.768375412172697,6.145109473470266,6.025323225654321
6,63,699.4266651188929,51.29940219154732,20,20,1.5182536149811352,0.4684807135603645,0.757725793683599,9,5.812487398449584,5.667653088814899,5.504946923978801,10,14,1.8260772559594163,0.7235564154125163,0.6901762702841462,9,13.768375412172697,6.145109473470266,6.025323225654321
6,64,699.4266651188929,51.29940219154732,20,20,1.5182536149811352,0.4684807135603645,0.757725793683599,9,5.812487398449584,5.667653088814899,5.504946923978801,10,14,1.8260772559594163,0.7235564154125163,0.6901762702841462,9,13.768375412172697,6.145109473470266,6.025323225654321
6,65,699.4266651188929,51.29940219154732,20,20,1.5182536149811352,0.4684807135603645,0.757725793683599,9,5.812487398449584,5.667653088814899,5.504946923978801,10,14,1.8260772559594163,0.7235564154125163,0.6901762702841462,9,13.768375412172697,6.145109473470266,6.025323225654321
6,66,684.3478419664831,51.29940219154732,20,20,1.3861650093276248,0.45108367813836003,0.7502514293515797,9,5.814236154142586,5.644499734072022,5.534647992885156,10,14,2.004105573874892,0.6890622530222167,0.6912176668126278,9,14.26163439636374,6.0897055915350515,6.07869766484828
6,67,684.3478419664831,51.29940219154732,20,20,1.3861650093276248,0.45108367813836003,0.7502514293515797,9,5.814236154142586,5.644499734072022,5.534647992885156,10,14,2.004105573874892,0.6890622530222167,0.6912176668126278,9,14.26163439636374,6.0897055915350515,6.07869766484828
6,68,684.3478419664831,51.29940219154732,20,20,1.3861650093276248,0.45108367813836003,0.7502514293515797,9,5.814236154142586,5.644499734072022,5.534647992885156,10,14,2.004105573874892,0.6890622530222167,0.6912176668126278,9,14.26163439636374,6.0897055915350515,6.07869766484828
6,69,684.3478419664831,51.29940219154732,20,20,1.3861650093276248,0.45108367813836003,0.7502514293515797,9,5.814236154142586,5.644499734072022,5.534647992885156,10,14,2.004105573874892,0.6890622530222167,0.6912176668126278,9,14.26163439636374,6.0897055915350515,6.07869766484828
6,70,684.3478419664831,59.33138209820282,20,20,1.3861650093276248,0.45108367813836003,0.7502514293515797,9,5.814236154142586,5.644499734072022,5.534647992885156,10,14,2.004105573874892,0.6890622530222167,0.6912176668126278,9,14.26163439636374,6.0897055915350515,6.07869766484828
6,71,674.7543985203015,59.33138209820282,19,20,1.4831230667854778,0.4711922827640538,0.7442627382225488,10,7.669628350951301,6.105493994403876,6.343527241009141,11,14,2.356013050156039,0.6474380181682508,0.7333953931947813,10,15.814490663538818,6.6754093782161465,6.876023373955085
6,72,674.7543985203015,59.33138209820282,19,20,1.4831230667854778,0.4711922827640538,0.7442627382225488,10,7.669628350951301,6.105493994403876,6.343527241009141,11,14,2.356013050156039,0.6474380181682508,0.7333953931947813,10,15.814490663538818,6.6754093782161465,6.876023373955085
6,73,674.7543985203015,59.33138209820282,19,20,1.4831230667854778,0.4711922827640538,0.7442627382225488,10,7.669628350951301,6.105493994403876,6.343527241009141,11,14,2.356013050156039,0.6474380181682508,0.7333953931947813,10,15.814490663538818,6.6754093782161465,6.876023373955085
6,74,674.7543985203015,59.33138209820282,19,20,1.4831230667854778,0.4711922827640538,0.7442627382225488,10,7.669628350951301,6.105493994403876,6.343527241009141,11,14,2.356013050156039,0.6474380181682508,0.7333953931947813,10,15.814490663538818,6.6754093782161465,6.876023373955085
6,75,674.7543985203015,59.33138209820282,19,20,1.4831230667854778,0.4711922827640538,0.7442627382225488,10,7.669628350951301,6.105493994403876,6.343527241009141,11,14,2.356013050156039,0.6474380181682508,0.7333953931947813,10,15.814490663538818,6.6754093782161465,6.876023373955085
6,76,667.3992419246833,59.33138209820282,19,20,1.4857006480145192,0.4709865298972879,0.7443888733314056,10,7.800722723788065,6.104764093404379,6.358158351896426,11,14,2.477026336138939,0.6468420694740069,0.7340271970661495,10,11.970102147392781,6.645088867268008,6.726301437946736
6,77,667.3992419246833,59.33138209820282,19,20,1.4857006480145192,0.4709865298972879,0.7443888733314056,10,7.800722723788065,6.104764093404379,6.358158351896426,11,14,2.477026336138939,0.6468420694740069,0.7340271970661495,10,11.970102147392781,6.645088867268008,6.726301437946736
6,78,667.3992419246833,59.33138209820282,19,20,1.4857006480145192,0.4709865298972879,0.7443888733314056,10,7.800722723788065,6.104764093404379,6.358158351896426,11,14,2.477026336138939,0.6468420694740069,0.7340271970661495,10,11.970102147392781,6.645088867268008,6.726301437946736
6,79,667.3992419246833,59.33138209820282,19,20,1.4857006480145192,0.4709865298972879,0.7443888733314056,10,7.800722723788065,6.104764093404379,6.358158351896426,11,14,2.477026336138939,0.6468420694740069,0.7340271970661495,10,11.970102147392781,6.645088867268008,6.726301437946736
6,80,667.3992419246833,67.32260886029795,19,20,1.4857006480145192,0.4709865298972879,0.7443888733314056,10,7.800722723788065,6.104764093404379,6.358158351896426,11,14,2.477026336138939,0.6468420694740069,0.7340271970661495,10,11.970102147392781,6.645088867268008,6.726301437946736
6,81,656.026833426257,67.32260886029795,18,20,1.4147057532351421,0.5147549386091451,0.7338668969210778,11,9.207870640181584,6.619337712699945,7.093736329249923,12,14,3.5196926649671454,0.6120043674914466,0.7883650048203603,11,15.454758848564563,7.256077030666838,7.507901408556607
6,82,656.026833426257,67.32260886029795,18,20,1.4147057532351421,0.5147549386091451,0.7338668969210778,11,9.207870640181584,6.619337712699945,7.093736329249923,12,14,3.5196926649671454,0.6120043674914466,0.7883650048203603,11,15.454758848564563,7.256077030666838,7.507901408556607
6,83,656.026833426257,67.32260886029795,18,20,1.4147057532351421,0.5147549386091451,0.7338668969210778,11,9.207870640181584,6.619337712699945,7.093736329249923,12,14,3.5196926649671454,0.6120043674914466,0.7883650048203603,11,15.454758848564563,7.256077030666838,7.507901408556607
6,84,656.026833426257,67.32260886029795,18,20,1.4147057532351421,0.5147549386091451,0.7338668969210778,11,9.207870640181584,6.619337712699945,7.093736329249923,12,14,3.5196926649671454,0.6120043674914466,0.7883650048203603,11,15.454758848564563,7.256077030666838,7.507901408556607
6,85,656.026833426257,67.32260886029795,18,20,1.4147057532351421,0.5147549386091451,0.7338668969210778,11,9.207870640181584,6.619337712699945,7.093736329249923,12,14,3.5196926649671454,0.6120043674914466,0.7883650048203603,11,15.454758848564563,7.256077030666838,7.507901408556607
6,86,645.8812465025526,67.32260886029795,18,20,1.4347715159243892,0.5042870596122382,0.7350873764690324,11,9.151367371498218,6.57519916153244,7.087027204721165,12,14,3.231300008442901,0.5989808392337991,0.7876309308106277,11,15.126067777765863,7.2080839461681,7.495869480125357
6,87,645.8812465025526,67.32260886029795,18,20,1.4347715159243892,0.5042870596122382,0.7350873764690324,11,9.151367371498218,6.57519916153244,7.087027204721165,12,14,3.231300008442901,0.5989808392337991,0.7876309308106277,11,15.126067777765863,7.2080839461681,7.495869480125357
6,88,645.8812465025526,67.32260886029795,18,20,1.4347715159243892,0.5042870596122382,0.7350873764690324,11,9.151367371498218,6.57519916153244,7.087027204721165,12,14,3.231300008442901,0.5989808392337991,0.7876309308106277,11,15.126067777765863,7.2080839461681,7.495869480125357
6,89,645.8812465025526,67.32260886029795,18,20,1.4347715159243892,0.5042870596122382,0.7350873764690324,11,9.151367371498218,6.57519916153244,7.087027204721165,12,14,3.231300008442901,0.5989808392337991,0.7876309308106277,11,15.126067777765863,7.2080839461681,7.495869480125357
6,90,645.8812465025526,75.4939098591544,18,20,1.4347715159243892,0.5042870596122382,0.7350873764690324,11,9.151367371498218,6.57519916153244,7.087027204721165,12,14,3.231300008442901,0.5989808392337991,0.7876309308106277,11,15.126067777765863,7.2080839461681,7.495869480125357
6,91,637.3250946782675,75.4939098591544,17,20,1.4131528192189895,0.4732095124455067,0.7513211108130711,12,10.57108695326953,7.01005288821825,7.852488286151138,13,14,3.3614375611626905,0.5279563993887515,0.8185415806172442,12,18.68425090048856,7.7319307562970785,8.323957875067375
6,92,637.3250946782675,75.4939098591544,17,20,1.4131528192189895,0.4732095124455067,0.7513211108130711,12,10.57108695326953,7.01005288821825,7.852488286151138,13,14,3.3614375611626905,0.5279563993887515,0.8185415806172442,12,18.68425090048856,7.7319307562970785,8.323957875067375
6,93,637.3250946782675,75.4939098591544,17,20,1.4131528192189895,0.4732095124455067,0.7513211108130711,12,10.57108695326953,7.01005288821825,7.852488286151138,13,14,3.3614375611626905,0.5279563993887515,0.8185415806172442,12,18.68425090048856,7.7319307562970785,8.323957875067375
6,94,637.3250946782675,75.4939098591544,17,20,1.4131528192189895,0.4732095124455067,0.7513211108130711,12,10.57108695326953,7.01005288821825,7.852488286151138,13,14,3.3614375611626905,0.5279563993887515,0.8185415806172442,12,18.68425090048856,7.7319307562970785,8.323957875067375
6,95,637.3250946782675,75.4939098591544,17,20,1.4131528192189895,0.4732095124455067,0.7513211108130711,12,10.57108695326953,7.01005288821825,7.852488286151138,13,14,3.3614375611626905,0.5279563993887515,0.8185415806172442,12,18.68425090048856,7.7319307562970785,8.323957875067375
6,96,623.8397034766463,75.4939098591544,17,20,1.342258263866899,0.4691898609892444,0.7465217246785453,12,11.723919551717046,6.845072220753947,8.050179267889199,13,14,3.470884149978401,0.5210421674123096,0.8209192735984421,12,19.384076754826697,7.672343021693335,8.380266227869397
6,97,623.8397034766463,75.4939098591544,17,20,1.342258263866899,0.4691898609892444,0.7465217246785453,12,11.723919551717046,6.845072220753947,8.050179267889199,13,14,3.470884149978401,0.5210421674123096,0.8209192735984421,12,19.384076754826697,7.672343021693335,8.380266227869397
6,98,623.8397034766463,75.4939098591544,17,20,1.342258263866899,0.4691898609892444,0.7465217246785453,12,11.723919551717046,6.845072220753947,8.050179267889199,13,14,3.470884149978401,0.5210421674123096,0.8209192735984421,12,19.384076754826697,7.672343021693335,8.380266227869397
6,99,623.8397034766463,75.4939098591544,17,20,1.342258263866899,0.4691898609892444,0.7465217246785453,12,11.723919551717046,6.845072220753947,8.050179267889199,13,14,3.470884149978401,0.5210421674123096,0.8209192735984421,12,19.384076754826697,7.672343021693335,8.380266227869397
6,100,623.8397034766463,84.1789047476441,17,20,1.342258263866899,0.4691898609892444,0.7465217246785453,12,11.723919551717046,6.845072220753947,8.050179267889199,13,14,3.470884149978401,0.5210421674123096,0.8209192735984421,12,19.384076754826697,7.672343021693335,8.380266227869397
6,101,615.089665916226,84.1789047476441,16,20,2.0243744507406367,0.46666544289083456,0.8021659507647447,13,13.797861771276514,7.269907718520436,8.827283558176793,13,15,3.942411653643061,0.5574795994819214,0.8296070338844279,13,24.25238386460939,8.181573401165277,9.350959559733845
6,102,615.089665916226,84.1789047476441,16,20,2.0243744507406367,0.46666544289083456,0.8021659507647447,13,13.797861771276514,7.269907718520436,8.827283558176793,13,15,3.942411653643061,0.5574795994819214,0.8296070338844279,13,24.25238386460939,8.181573401165277,9.350959559733845
6,103,615.089665916226,84.1789047476441,16,20,2.0243744507406367,0.46666544289083456,0.8021659507647447,13,13.797861771276514,7.269907718520436,8.827283558176793,13,15,3.942411653643061,0.5574795994819214,0.8296070338844279,13,24.25238386460939,8.181573401165277,9.350959559733845
6,104,615.089665916226,84.1789047476441,16,20,2.0243744507406367,0.46666544289083456,0.8021659507647447,13,13.797861771276514,7.269907718520436,8.827283558176793,13,15,3.942411653643061,0.5574795994819214,0.8296070338844279,13,24.25238386460939,8.181573401165277,9.350959559733845
6,105,615.089665916226,84.1789047476441,16,20,2.0243744507406367,0.46666544289083456,0.8021659507647447,13,13.797861771276514,7.269907718520436,8.827283558176793,13,15,3.942411653643061,0.5574795994819214,0.8296070338844279,13,24.25238386460939,8.181573401165277,9.350959559733845
6,106,604.4089445463957,84.1789047476441,16,20,2.0755735787223144,0.46586619418451924,0.8037107419036897,13,14.539790576261563,6.868824561361711,8.958244799601482,13,15,3.901038652874009,0.5565293953832492,0.8292543620959778,13,23.063318257787504,8.093180925441862,9.121780717605668
6,107,604.4089445463957,84.1789047476441,16,20,2.0755735787223144,0.46586619418451924,0.8037107419036897,13,14.539790576261563,6.868824561361711,8.958244799601482,13,15,3.901038652874009,0.5565293953832492,0.8292543620959778,13,23.063318257787504,8.093180925441862,9.121780717605668
6,108,604.4089445463957,84.1789047476441,16,20,2.0755735787223144,0.46586619418451924,0.8037107419036897,13,14.539790576261563,6.868824561361711,8.958244799601482,13,15,3.901038652874009,0.5565293953832492,0.8292543620959778,13,23.063318257787504,8.093180925441862,9.121780717605668
6,109,604.4089445463957,84.1789047476441,16,20,2.0755735787223144,0.46586619418451924,0.8037107419036897,13,14.539790576261563,6.868824561361711,8.958244799601482,13,15,3.901038652874009,0.5565293953832492,0.8292543620959778,13,23.063318257787504,8.093180925441862,9.121780717605668
6,110,604.4089445463957,93.44684476256715,16,20,2.0755735787223144,0.46586619418451924,0.8037107419036897,13,14.539790576261563,6.868824561361711,8.958244799601482,13,15,3.901038652874009,0.5565293953832492,0.8292543620959778,13,23.063318257787504,8.093180925441862,9.121780717605668
6,111,592.2387489566152,93.44684476256715,15,20,2.5640513837611283,0.45687640996938267,0.8391673451255793,14,18.26032364422101,7.260972250061562,9.969194127919366,13,16,3.8355376976198285,0.535639849893809,0.8361618508646428,14,26.709043212273848,8.626115871880284,9.918724086577765
6,112,592.2387489566152,93.44684476256715,15,20,2.5640513837611283,0.45687640996938267,0.8391673451255793,14,18.26032364422101,7.260972250061562,9.969194127919366,13,16,3.8355376976198285,0.535639849893809,0.8361618508646428,14,26.709043212273848,8.626115871880284,9.918724086577765
6,113,592.2387489566152,93.44684476256715,15,20,2.5640513837611283,0.45687640996938267,0.8391673451255793,14,18.26032364422101,7.260972250061562,9.969194127919366,13,16,3.8355376976198285,0.535639849893809,0.8361618508646428,14,26.709043212273848,8.626115871880284,9.918724086577765
6,114,592.2387489566152,93.44684476256715,15,20,2.5640513837611283,0.45687640996938267,0.8391673451255793,14,18.26032364422101,7.260972250061562,9.969194127919366,13,16,3.8355376976198285,0.535639849893809,0.8361618508646428,14,26.709043212273848,8.626115871880284,9.918724086577765
6,115,592.2387489566152,93.44684476256715,15,20,2.5640513837611283,0.45687640996938267,0.8391673451255793,14,18.26032364422101,7.260972250061562,9.969194127919366,13,16,3.8355376976198285,0.535639849893809,0.8361618508646428,14,26.709043212273848,8.626115871880284,9.918724086577765
6,116,577.9549171565977,93.44684476256715,15,20,2.570887083160476,0.45661609361672667,0.8392830979552631,14,18.09560153944898,7.253505703570542,9.952792545272157,13,16,3.8473495305873366,0.535429114812915,0.8362149062930931,14,27.01166623454186,8.477099002098905,9.96758645083861
6,117,577.9549171565977,93.44684476256715,15,20,2.570887083160476,0.45661609361672667,0.8392830979552631,14,18.09560153944898,7.253505703570542,9.952792545272157,13,16,3.8473495305873366,0.535429114812915,0.8362149062930931,14,27.01166623454186,8.477099002098905,9.96758645083861
6,118,577.9549171565977,93.44684476256715,15,20,2.570887083160476,0.45661609361672667,0.8392830979552631,14,18.09560153944898,7.253505703570542,9.952792545272157,13,16,3.8473495305873366,0.535429114812915,0.8362149062930931,14,27.01166623454186,8.477099002098905,9.96758645083861
6,119,577.9549171565977,93.44684476256715,15,20,2.570887083160476,0.45661609361672667,0.8392830979552631,14,18.09560153944898,7.253505703570542,9.952792545272157,13,16,3.8473495305873366,0.535429114812915,0.8362149062930931,14,27.01166623454186,8.477099002098905,9.96758645083861
6,120,577.9549171565977,103.30986328025774,15,20,2.570887083160476,0.45661609361672667,0.8392830979552631,14,18.09560153944898,7.253505703570542,9.952792545272157,13,16,3.8473495305873366,0.535429114812915,0.8362149062930931,14,27.01166623454186,8.477099002098905,9.96758645083861
6,121,565.4894119987285,103.30986328025774,14,20,2.830019356925616,0.43277616700855165,0.8784984170031825,15,20.767919134096555,7.557360567225014,10.805402244806018,13,17,3.490167917036857,0.48637689377006854,0.8497271307493136,15,34.01335629806993,8.812520292256691,11.46912893207802
6,122,565.4894119987285,103.30986328025774,14,20,2.830019356925616,0.43277616700855165,0.8784984170031825,15,20.767919134096555,7.557360567225014,10.805402244806018,13,17,3.490167917036857,0.48637689377006854,0.8497271307493136,15,34.01335629806993,8.812520292256691,11.46912893207802
6,123,565.4894119987285,103.30986328025774,14,20,2.830019356925616,0.43277616700855165,0.8784984170031825,15,20.767919134096555,7.557360567225014,10.805402244806018,13,17,3.490167917036857,0.48637689377006854,0.8497271307493136,15,34.01335629806993,8.812520292256691,11.46912893207802
6,124,565.4894119987285,103.30986328025774,14,20,2.830019356925616,0.43277616700855165,0.8784984170031825,15,20.767919134096555,7.557360567225014,10.805402244806018,13,17,3.490167917036857,0.48637689377006854,0.8497271307493136,15,34.01335629806993,8.812520292256691,11.46912893207802
6,125,565.4894119987285,103.30986328025774,14,20,2.830019356925616,0.43277616700855165,0.8784984170031825,15,20.767919134096555,7.557360567225014,10.805402244806018,13,17,3.490167917036857,0.48637689377006854,0.8497271307493136,15,34.01335629806993,8.812520292256691,11.46912893207802
6,126,554.1978226978973,103.30986328025774,14,20,2.819220589965169,0.4327258589691258,0.8783283597775822,15,21.087335067039064,7.397196388314739,10.893562636770149,13,17,3.5004004864683496,0.4862872144360508,0.8507132200850597,15,38.1439209950133,7.463888138177754,12.00830177896708
6,127,554.1978226978973,103.30986328025774,14,20,2.819220589965169,0.4327258589691258,0.8783283597775822,15,21.087335067039064,7.397196388314739,10.893562636770149,13,17,3.5004004864683496,0.4862872144360508,0.8507132200850597,15,38.1439209950133,7.463888138177754,12.00830177896708
6,128,554.1978226978973,103.30986328025774,14,20,2.819220589965169,0.4327258589691258,0.8783283597775822,15,21.087335067039064,7.397196388314739,10.893562636770149,13,17,3.5004004864683496,0.4862872144360508,0.8507132200850597,15,38.1439209950133,7.463888138177754,12.00830177896708
6,129,554.1978226978973,103.30986328025774,14,20,2.819220589965169,0.4327258589691258,0.8783283597775822,15,21.087335067039064,7.397196388314739,10.893562636770149,13,17,3.5004004864683496,0.4862872144360508,0.8507132200850597,15,38.1439209950133,7.463888138177754,12.00830177896708
6,130,554.1978226978973,113.39206830752642,14,20,2.819220589965169,0.4327258589691258,0.8783283597775822,15,21.087335067039064,7.397196388314739,10.893562636770149,13,17,3.5004004864683496,0.4862872144360508,0.8507132200850597,15,38.1439209950133,7.463888138177754,12.00830177896708
6,131,541.3366145246852,113.39206830752642,13,20,3.0874866898402975,0.3948087637545248,0.9211820521035673,16,24.850569625718997,7.590555051083114,11.972222005911663,13,18,3.0124211369398335,0.4745933350261901,0.8410595479089397,16,39.23841268098359,6.221682298768778,12.554678638081034
6,132,541.3366145246852,113.39206830752642,13,20,3.0874866898402975,0.3948087637545248,0.9211820521035673,16,24.850569625718997,7.590555051083114,11.972222005911663,13,18,3.0124211369398335,0.4745933350261901,0.8410595479089397,16,39.23841268098359,6.221682298768778,12.554678638081034
6,133,541.3366145246852,113.39206830752642,13,20,3.0874866898402975,0.3948087637545248,0.9211820521035673,16,24.850569625718997,7.590555051083114,11.972222005911663,13,18,3.0124211369398335,0.4745933350261901,0.8410595479089397,16,39.23841268098359,6.221682298768778,12.554678638081034
6,134,541.3366145246852,113.39206830752642,13,20,3.0874866898402975,0.3948087637545248,0.9211820521035673,16,24.850569625718997,7.590555051083114,11.972222005911663,13,18,3.0124211369398335,0.4745933350261901,0.8410595479089397,16,39.23841268098359,6.221682298768778,12.554678638081034
6,135,541.3366145246852,113.39206830752642,13,20,3.0874866898402975,0.3948087637545248,0.9211820521035673,16,24.850569625718997,7.590555051083114,11.972222005911663,13,18,3.0124211369398335,0.4745933350261901,0.8410595479089397,16,39.23841268098359,6.221682298768778,12.554678638081034
6,136,523.8942034922586,113.39206830752642,13,20,3.057631337480865,0.39469167106817354,0.9185022247978348,16,24.633396789216356,7.3857694543046115,11.910159669026918,13,18,2.570538214188938,0.4638295866126143,0.75112815850629,16,30.664492607654267,5.4041505378421295,11.425124394435098
6,137,523.8942034922586,113.39206830752642,13,20,3.057631337480865,0.39469167106817354,0.9185022247978348,16,24.633396789216356,7.3857694543046115,11.910159669026918,13,18,2.570538214188938,0.4638295866126143,0.75112815850629,16,30.664492607654267,5.4041505378421295,11.425124394435098
6,138,523.8942034922586,113.39206830752642,13,20,3.057631337480865,0.39469167106817354,0.9185022247978348,16,24.633396789216356,7.3857694543046115,11.910159669026918,13,18,2.570538214188938,0.4638295866126143,0.75112815850629,16,30.664492607654267,5.4041505378421295,11.425124394435098
6,139,523.8942034922586,113.39206830752642,13,20,3.057631337480865,0.39469167106817354,0.9185022247978348,16,24.633396789216356,7.3857694543046115,11.910159669026918,13,18,2.570538214188938,0.4638295866126143,0.75112815850629,16,30.664492607654267,5.4041505378421295,11.425124394435098
6,140,523.8942034922586,123.60313923057205,13,20,3.057631337480865,0.39469167106817354,0.9185022247978348,16,24.633396789216356,7.3857694543046115,11.910159669026918,13,18,2.570538214188938,0.4638295866126143,0.75112815850629,16,30.664492607654267,5.4041505378421295,11.425124394435098
6,141,511.59684362970694,123.60313923057205,12,20,3.512362979228055,0.34773962452630025,0.9238647001534638,17,29.287930170920287,7.670400227706201,13.069074197926204,14,18,2.370986511321082,0.5668655679345146,0.7983537094193748,17,34.40017009097218,5.892763608688483,12.432350870419299
6,142,511.59684362970694,123.60313923057205,12,20,3.512362979228055,0.34773962452630025,0.9238647001534638,17,29.287930170920287,7.670400227706201,13.069074197926204,14,18,2.370986511321082,0.5668655679345146,0.7983537094193748,17,34.40017009097218,5.892763608688483,12.432350870419299
6,143,511.59684362970694,123.60313923057205,12,20,3.512362979228055,0.34773962452630025,0.9238647001534638,17,29.287930170920287,7.670400227706201,13.069074197926204,14,18,2.370986511321082,0.5668655679345146,0.7983537094193748,17,34.40017009097218,5.892763608688483,12.432350870419299
6,144,511.59684362970694,123.60313923057205,12,20,3.512362979228055,0.34773962452630025,0.9238647001534638,17,29.287930170920287,7.670400227706201,13.069074197926204,14,18,2.370986511321082,0.5668655679345146,0.7983537094193748,17,34.40017009097218,5.892763608688483,12.432350870419299
6,145,511.59684362970694,123.60313923057205,12,20,3.512362979228055,0.34773962452630025,0.9238647001534638,17,29.287930170920287,7.670400227706201,13.069074197926204,14,18,2.370986511321082,0.5668655679345146,0.7983537094193748,17,34.40017009097218,5.892763608688483,12.432350870419299
6,146,497.6914482992167,123.60313923057205,12,20,3.4951438316681824,0.34762452533671606,0.9235394320520082,17,29.767382064091308,7.404157114455206,13.114430717276358,14,18,2.4160085227956873,0.5613084945652403,0.8084695057005185,17,34.94077446939743,5.806513897836004,12.503076130139771
6,147,497.6914482992167,123.60313923057205,12,20,3.4951438316681824,0.34762452533671606,0.9235394320520082,17,29.767382064091308,7.404157114455206,13.114430717276358,14,18,2.4160085227956873,0.5613084945652403,0.8084695057005185,17,34.94077446939743,5.806513897836004,12.503076130139771
6,148,497.6914482992167,123.60313923057205,12,20,3.4951438316681824,0.34762452533671606,0.9235394320520082,17,29.767382064091308,7.404157114455206,13.114430717276358,14,18,2.4160085227956873,0.5613084945652403,0.8084695057005185,17,34.94077446939743,5.806513897836004,12.503076130139771
6,149,497.6914482992167,123.60313923057205,12,20,3.4951438316681824,0.34762452533671606,0.9235394320520082,17,29.767382064091308,7.404157114455206,13.114430717276358,14,18,2.4160085227956873,0.5613084945652403,0.8084695057005185,17,34.94077446939743,5.806513897836004,12.503076130139771
6,150,497.6914482992167,133.198210575342,12,20,3.4951438316681824,0.34762452533671606,0.9235394320520082,17,29.767382064091308,7.404157114455206,13.114430717276358,14,18,2.4160085227956873,0.5613084945652403,0.8084695057005185,17,34.94077446939743,5.806513897836004,12.503076130139771
6,151,483.46742761998433,133.198210575342,12,21,3.4684403062940916,0.31134671906175,0.9497719391069072,18,39.02954716108138,6.496630613602492,14.97354874900399,15,18,2.3237452686997897,0.5978461081033891,0.8294754154636775,18,39.463066703340004,6.3417995919251196,13.609072687313498
6,152,483.46742761998433,133.198210575342,12,21,3.4684403062940916,0.31134671906175,0.9497719391069072,18,39.02954716108138,6.496630613602492,14.97354874900399,15,18,2.3237452686997897,0.5978461081033891,0.8294754154636775,18,39.463066703340004,6.3417995919251196,13.609072687313498
6,153,483.46742761998433,133.198210575342,12,21,3.4684403062940916,0.31134671906175,0.9497719391069072,18,39.02954716108138,6.496630613602492,14.97354874900399,15,18,2.3237452686997897,0.5978461081033891,0.8294754154636775,18,39.463066703340004,6.3417995919251196,13.609072687313498
6,154,483.46742761998433,133.198210575342,12,21,3.4684403062940916,0.31134671906175,0.9497719391069072,18,39.02954716108138,6.496630613602492,14.97354874900399,15,18,2.3237452686997897,0.5978461081033891,0.8294754154636775,18,39.463066703340004,6.3417995919251196,13.609072687313498
6,155,483.46742761998433,133.198210575342,12,21,3.4684403062940916,0.31134671906175,0.9497719391069072,18,39.02954716108138,6.496630613602492,14.97354874900399,15,18,2.3237452686997897,0.5978461081033891,0.8294754154636775,18,39.463066703340004,6.3417995919251196,13.609072687313498
6,156,477.7278956842943,133.198210575342,12,21,3.47178809464874,0.31126657063082147,0.9497453273705766,18,38.604069522225366,6.329295278515012,14.93005320527244,15,18,2.3952944874567916,0.5905752631419011,0.8389542758770409,18,39.22141322304966,6.327235380819578,13.60908841665376
6,157,477.7278956842943,133.198210575342,12,21,3.47178809464874,0.31126657063082147,0.9497453273705766,18,38.604069522225366,6.329295278515012,14.93005320527244,15,18,2.3952944874567916,0.5905752631419011,0.8389542758770409,18,39.22141322304966,6.327235380819578,13.60908841665376
6,158,477.7278956842943,133.198210575342,12,21,3.47178809464874,0.31126657063082147,0.9497453273705766,18,38.604069522225366,6.329295278515012,14.93005320527244,15,18,2.3952944874567916,0.5905752631419011,0.8389542758770409,18,39.22141322304966,6.327235380819578,13.60908841665376
6,159,477.7278956842943,133.198210575342,12,21,3.47178809464874,0.31126657063082147,0.9497453273705766,18,38.604069522225366,6.329295278515012,14.93005320527244,15,18,2.3952944874567916,0.5905752631419011,0.8389542758770409,18,39.22141322304966,6.327235380819578,13.60908841665376
6,160,477.7278956842943,143.4476591260351,12,21,3.47178809464874,0.31126657063082147,0.9497453273705766,18,38.604069522225366,6.329295278515012,14.93005320527244,15,18,2.3952944874567916,0.5905752631419011,0.8389542758770409,18,39.22141322304966,6.327235380819578,13.60908841665376
6,161,466.6897332621885,143.4476591260351,11,21,4.169393397019302,0.31502225933589073,0.925346774179756,19,43.77865753902502,6.432134613409509,15.837115531626951,15,17,3.6012422015269396,0.31545348980926874,0.9344227504586403,19,47.62712570087258,5.657641209801936,15.083189590130733
6,162,466.6897332621885,143.4476591260351,11,21,4.169393397019302,0.31502225933589073,0.925346774179756,19,43.77865753902502,6.432134613409509,15.837115531626951,15,17,3.6012422015269396,0.31545348980926874,0.9344227504586403,19,47.62712570087258,5.657641209801936,15.083189590130733
6,163,466.6897332621885,143.4476591260351,11,21,4.169393397019302,0.31502225933589073,0.925346774179756,19,43.77865753902502,6.432134613409509,15.837115531626951,15,17,3.6012422015269396,0.31545348980926874,0.9344227504586403,19,47.62712570087258,5.657641209801936,15.083189590130733
6,164,466.6897332621885,143.4476591260351,11,21,4.169393397019302,0.31502225933589073,0.925346774179756,19,43.77865753902502,6.432134613409509,15.837115531626951,15,17,3.6012422015269396,0.31545348980926874,0.9344227504586403,19,47.62712570087258,5.657641209801936,15.083189590130733
6,165,466.6897332621885,143.4476591260351,11,21,4.169393397019302,0.31502225933589073,0.925346774179756,19,43.77865753902502,6.432134613409509,15.837115531626951,15,17,3.6012422015269396,0.31545348980926874,0.9344227504586403,19,47.62712570087258,5.657641209801936,15.083189590130733
6,166,453.75482650223967,143.4476591260351,11,21,4.274486048340966,0.30436652113894064,0.9361152950398611,19,42.10411429131955,6.313890283161724,15.659838655412543,15,17,3.466112186299792,0.3144261028248219,0.9326108047422511,19,53.02369067822651,5.332637560074925,15.956478401383624
6,167,453.75482650223967,143.4476591260351,11,21,4.274486048340966,0.30436652113894064,0.9361152950398611,19,42.10411429131955,6.313890283161724,15.659838655412543,15,17,3.466112186299792,0.3144261028248219,0.9326108047422511,19,53.02369067822651,5.332637560074925,15.956478401383624
6,168,453.75482650223967,143.4476591260351,11,21,4.274486048340966,0.30436652113894064,0.9361152950398611,19,42.10411429131955,6.313890283161724,15.659838655412543,15,17,3.466112186299792,0.3144261028248219,0.9326108047422511,19,53.02369067822651,5.332637560074925,15.956478401383624
6,169,453.75482650223967,143.4476591260351,11,21,4.274486048340966,0.30436652113894064,0.9361152950398611,19,42.10411429131955,6.313890283161724,15.659838655412543,15,17,3.466112186299792,0.3144261028248219,0.9326108047422511,19,53.02369067822651,5.332637560074925,15.956478401383624
6,170,453.75482650223967,154.5934839166062,11,21,4.274486048340966,0.30436652113894064,0.9361152950398611,19,42.10411429131955,6.313890283161724,15.659838655412543,15,17,3.466112186299792,0.3144261028248219,0.9326108047422511,19,53.02369067822651,5.332637560074925,15.956478401383624
6,171,443.099803473807,154.5934839166062,11,20,5.10454942825196,0.18814389713760363,0.98667996867355,20,51.966852103080186,6.046893219896098,16.774515939939533,14,17,3.475332006441375,0.2543896381161626,0.9434373246441402,20,53.45168618690335,5.471677810470418,16.737039396033357
6,172,443.099803473807,154.5934839166062,11,20,5.10454942825196,0.18814389713760363,0.98667996867355,20,51.966852103080186,6.046893219896098,16.774515939939533,14,17,3.475332006441375,0.2543896381161626,0.9434373246441402,20,53.45168618690335,5.471677810470418,16.737039396033357
6,173,443.099803473807,154.5934839166062,11,20,5.10454942825196,0.18814389713760363,0.98667996867355,20,51.966852103080186,6.046893219896098,16.774515939939533,14,17,3.475332006441375,0.2543896381161626,0.9434373246441402,20,53.45168618690335,5.471677810470418,16.737039396033357
6,174,443.099803473807,154.5934839166062,11,20,5.10454942825196,0.18814389713760363,0.98667996867355,20,51.966852103080186,6.046893219896098,16.774515939939533,14,17,3.475332006441375,0.2543896381161626,0.9434373246441402,20,53.45168618690335,5.471677810470418,16.737039396033357
6,175,443.099803473807,154.5934839166062,11,20,5.10454942825196,0.18814389713760363,0.98667996867355,20,51.966852103080186,6.046893219896098,16.774515939939533,14,17,3.475332006441375,0.2543896381161626,0.9434373246441402,20,53.45168618690335,5.471677810470418,16.737039396033357
6,176,434.89618543021436,154.5934839166062,11,20,5.063470283064459,0.18534139465488123,0.9853570083683039,20,54.15224821511993,5.581642641178674,16.99312841160849,14,17,3.449285362189604,0.2541311333864885,0.9409073857959442,20,53.65733068230277,5.467913545722074,16.77275648144852
6,177,434.89618543021436,154.5934839166062,11,20,5.063470283064459,0.18534139465488123,0.9853570083683039,20,54.15224821511993,5.581642641178674,16.99312841160849,14,17,3.449285362189604,0.2541311333864885,0.9409073857959442,20,53.65733068230277,5.467913545722074,16.77275648144852
6,178,434.89618543021436,154.5934839166062,11,20,5.063470283064459,0.18534139465488123,0.9853570083683039,20,54.15224821511993,5.581642641178674,16.99312841160849,14,17,3.449285362189604,0.2541311333864885,0.9409073857959442,20,53.65733068230277,5.467913545722074,16.77275648144852
6,179,434.89618543021436,154.5934839166062,11,20,5.063470283064459,0.18534139465488123,0.9853570083683039,20,54.15224821511993,5.581642641178674,16.99312841160849,14,17,3.449285362189604,0.2541311333864885,0.9409073857959442,20,53.65733068230277,5.467913545722074,16.77275648144852
6,180,434.89618543021436,166.0084307393666,11,20,5.063470283064459,0.18534139465488123,0.9853570083683039,20,54.15224821511993,5.581642641178674,16.99312841160849,14,17,3.449285362189604,0.2541311333864885,0.9409073857959442,20,53.65733068230277,5.467913545722074,16.77275648144852
6,181,433.09662645794634,166.0084307393666,11,19,5.166368677555243,0.13071270738609966,0.9889544299199183,21,59.041643012729196,5.674969357165101,17.950709552210068,14,16,4.273726928666259,0.25812043569916987,0.9786070551404942,21,58.02101320427115,5.725534584384744,17.762495685525135
6,182,433.09662645794634,166.0084307393666,11,19,5.166368677555243,0.13071270738609966,0.9889544299199183,21,59.041643012729196,5.674969357165101,17.950709552210068,14,16,4.273726928666259,0.25812043569916987,0.9786070551404942,21,58.02101320427115,5.725534584384744,17.762495685525135
6,183,433.09662645794634,166.0084307393666,11,19,5.166368677555243,0.13071270738609966,0.9889544299199183,21,59.041643012729196,5.674969357165101,17.950709552210068,14,16,4.273726928666259,0.25812043569916987,0.9786070551404942,21,58.02101320427115,5.725534584384744,17.762495685525135
6,184,433.09662645794634,166.0084307393666,11,19,5.166368677555243,0.13071270738609966,0.9889544299199183,21,59.041643012729196,5.674969357165101,17.950709552210068,14,16,4.273726928666259,0.25812043569916987,0.9786070551404942,21,58.02101320427115,5.725534584384744,17.762495685525135
6,185,433.09662645794634,166.0084307393666,11,19,5.166368677555243,0.13071270738609966,0.9889544299199183,21,59.041643012729196,5.674969357165101,17.950709552210068,14,16,4.273726928666259,0.25812043569916987,0.9786070551404942,21,58.02101320427115,5.725534584384744,17.762495685525135
6,186,427.7246906506143,166.0084307393666,11,19,5.207569167607466,0.1305255616900649,0.9896521621863177,21,57.03631921354909,5.5093228360117,17.554289576842734,14,16,4.2816575029629425,0.2580706619435948,0.9788803107034063,21,58.04342701098847,5.725136641633734,17.759068868410772
6,187,427.7246906506143,166.0084307393666,11,19,5.207569167607466,0.1305255616900649,0.9896521621863177,21,57.03631921354909,5.5093228360117,17.554289576842734,14,16,4.2816575029629425,0.2580706619435948,0.9788803107034063,21,58.04342701098847,5.725136641633734,17.759068868410772
6,188,427.7246906506143,166.0084307393666,11,19,5.207569167607466,0.1305255616900649,0.9896521621863177,21,57.03631921354909,5.5093228360117,17.554289576842734,14,16,4.2816575029629425,0.2580706619435948,0.9788803107034063,21,58.04342701098847,5.725136641633734,17.759068868410772
6,189,427.7246906506143,166.0084307393666,11,19,5.207569167607466,0.1305255616900649,0.9896521621863177,21,57.03631921354909,5.5093228360117,17.554289576842734,14,16,4.2816575029629425,0.2580706619435948,0.9788803107034063,21,58.04342701098847,5.725136641633734,17.759068868410772
6,190,427.7246906506143,177.51291644130117,11,19,5.207569167607466,0.1305255616900649,0.9896521621863177,21,57.03631921354909,5.5093228360117,17.554289576842734,14,16,4.2816575029629425,0.2580706619435948,0.9788803107034063,21,58.04342701098847,5.725136641633734,17.759068868410772
6,191,420.3586571073949,177.51291644130117,11,18,5.605365549085545,0.09664683122767115,0.9955252939715945,22,64.82108479050817,5.507836259741603,18.807032462198215,14,15,4.414555689106856,0.2189897849955786,0.9792716463790888,22,62.49032008651943,5.943762714226302,18.745656191309077
6,192,420.3586571073949,177.51291644130117,11,18,5.605365549085545,0.09664683122767115,0.9955252939715945,22,64.82108479050817,5.507836259741603,18.807032462198215,14,15,4.414555689106856,0.2189897849955786,0.9792716463790888,22,62.49032008651943,5.943762714226302,18.745656191309077
6,193,420.3586571073949,177.51291644130117,11,18,5.605365549085545,0.09664683122767115,0.9955252939715945,22,64.82108479050817,5.507836259741603,18.807032462198215,14,15,4.414555689106856,0.2189897849955786,0.9792716463790888,22,62.49032008651943,5.943762714226302,18.745656191309077
6,194,420.3586571073949,177.51291644130117,11,18,5.605365549085545,0.09664683122767115,0.9955252939715945,22,64.82108479050817,5.507836259741603,18.807032462198215,14,15,4.414555689106856,0.2189897849955786,0.9792716463790888,22,62.49032008651943,5.943762714226302,18.745656191309077
6,195,420.3586571073949,177.51291644130117,11,18,5.605365549085545,0.09664683122767115,0.9955252939715945,22,64.82108479050817,5.507836259741603,18.807032462198215,14,15,4.414555689106856,0.2189897849955786,0.9792716463790888,22,62.49032008651943,5.943762714226302,18.745656191309077
6,196,411.89766924449395,177.51291644130117,11,18,5.568417518557106,0.09658185903655037,0.9952832216330657,22,66.67062070911362,5.481049446594521,19.026732590108526,14,15,4.420567457428915,0.21898217438283152,0.9795457103874351,22,62.57295292181773,5.9436429750604125,18.75398227126439
6,197,411.89766924449395,177.51291644130117,11,18,5.568417518557106,0.09658185903655037,0.9952832216330657,22,66.67062070911362,5.481049446594521,19.026732590108526,14,15,4.420567457428915,0.21898217438283152,0.9795457103874351,22,62.57295292181773,5.9436429750604125,18.75398227126439
6,198,411.89766924449395,177.51291644130117,11,18,5.568417518557106,0.09658185903655037,0.9952832216330657,22,66.67062070911362,5.481049446594521,19.026732590108526,14,15,4.420567457428915,0.21898217438283152,0.9795457103874351,22,62.57295292181773,5.9436429750604125,18.75398227126439
6,199,411.89766924449395,177.51291644130117,11,18,5.568417518557106,0.09658185903655037,0.9952832216330657,22,66.67062070911362,5.481049446594521,19.026732590108526,14,15,4.420567457428915,0.21898217438283152,0.9795457103874351,22,62.57295292181773,5.9436429750604125,18.75398227126439
6,200,411.89766924449395,189.85378465890884,11,18,5.568417518557106,0.09658185903655037,0.9952832216330657,22,66.67062070911362,5.481049446594521,19.026732590108526,14,15,4.420567457428915,0.21898217438283152,0.9795457103874351,22,62.57295292181773,5.9436429750604125,18.75398227126439
6,201,405.04168733093115,189.85378465890884,10,18,5.955365177574812,0.16846993677341504,0.9891755249192924,23,72.33508802141662,5.6099052699274115,20.000860608673886,14,14,4.070866802877599,0.12722258740899692,0.9694166003837438,23,66.72376791268267,6.07063214049535,19.727941190817727
6,202,405.04168733093115,189.85378465890884,10,18,5.955365177574812,0.16846993677341504,0.9891755249192924,23,72.33508802141662,5.6099052699274115,20.000860608673886,14,14,4.070866802877599,0.12722258740899692,0.9694166003837438,23,66.72376791268267,6.07063214049535,19.727941190817727
6,203,405.04168733093115,189.85378465890884,10,18,5.955365177574812,0.16846993677341504,0.9891755249192924,23,72.33508802141662,5.6099052699274115,20.000860608673886,14,14,4.070866802877599,0.12722258740899692,0.9694166003837438,23,66.72376791268267,6.07063214049535,19.727941190817727
6,204,405.04168733093115,189.85378465890884,10,18,5.955365177574812,0.16846993677341504,0.9891755249192924,23,72.33508802141662,5.6099052699274115,20.000860608673886,14,14,4.070866802877599,0.12722258740899692,0.9694166003837438,23,66.72376791268267,6.07063214049535,19.727941190817727
6,205,405.04168733093115,189.85378465890884,10,18,5.955365177574812,0.16846993677341504,0.9891755249192924,23,72.33508802141662,5.6099052699274115,20.000860608673886,14,14,4.070866802877599,0.12722258740899692,0.9694166003837438,23,66.72376791268267,6.07063214049535,19.727941190817727
6,206,398.56461125379644,189.85378465890884,10,18,6.012574844995076,0.16808309393995977,0.9906813450324944,23,71.79996588355843,5.604884704048977,19.989378176850813,14,14,4.034512125306649,0.12717509757750975,0.9671152788384614,23,66.73707337578671,6.070054473268467,19.728687947607764
6,207,398.56461125379644,189.85378465890884,10,18,6.012574844995076,0.16808309393995977,0.9906813450324944,23,71.79996588355843,5.604884704048977,19.989378176850813,14,14,4.034512125306649,0.12717509757750975,0.9671152788384614,23,66.73707337578671,6.070054473268467,19.728687947607764
6,208,398.56461125379644,189.85378465890884,10,18,6.012574844995076,0.16808309393995977,0.9906813450324944,23,71.79996588355843,5.604884704048977,19.989378176850813,14,14,4.034512125306649,0.12717509757750975,0.9671152788384614,23,66.73707337578671,6.070054473268467,19.728687947607764
6,209,398.56461125379644,189.85378465890884,10,18,6.012574844995076,0.16808309393995977,0.9906813450324944,23,71.79996588355843,5.604884704048977,19.989378176850813,14,14,4.034512125306649,0.12717509757750975,0.9671152788384614,23,66.73707337578671,6.070054473268467,19.728687947607764
6,210,398.56461125379644,201.80157752118086,10,18,6.012574844995076,0.16808309393995977,0.9906813450324944,23,71.79996588355843,5.604884704048977,19.989378176850813,14,14,4.034512125306649,0.12717509757750975,0.9671152788384614,23,66.73707337578671,6.070054473268467,19.728687947607764
6,211,392.79928345350083,201.80157752118086,10,17,5.9358154025729375,0.15892352814024424,0.9933155376509136,24,77.51015667658783,5.7597417689599855,20.970459262206944,15,14,4.268950521721159,0.11467801958037134,0.9845717450728158,24,70.9634996360788,6.183317677810318,20.710282230619654
6,212,392.79928345350083,201.80157752118086,10,17,5.9358154025729375,0.15892352814024424,0.9933155376509136,24,77.51015667658783,5.7597417689599855,20.970459262206944,15,14,4.268950521721159,0.11467801958037134,0.9845717450728158,24,70.9634996360788,6.183317677810318,20.710282230619654
6,213,392.79928345350083,201.80157752118086,10,17,5.9358154025729375,0.15892352814024424,0.9933155376509136,24,77.51015667658783,5.7597417689599855,20.970459262206944,15,14,4.268950521721159,0.11467801958037134,0.9845717450728158,24,70.9634996360788,6.183317677810318,20.710282230619654
6,214,392.79928345350083,201.80157752118086,10,17,5.9358154025729375,0.15892352814024424,0.9933155376509136,24,77.51015667658783,5.7597417689599855,20.970459262206944,15,14,4.268950521721159,0.11467801958037134,0.9845717450728158,24,70.9634996360788,6.183317677810318,20.710282230619654
6,215,392.79928345350083,201.80157752118086,10,17,5.9358154025729375,0.15892352814024424,0.9933155376509136,24,77.51015667658783,5.7597417689599855,20.970459262206944,15,14,4.268950521721159,0.11467801958037134,0.9845717450728158,24,70.9634996360788,6.183317677810318,20.710282230619654
6,216,388.7110179592828,201.80157752118086,10,17,6.027309684633374,0.15859928027600534,0.9944356602629273,24,78.3438740501769,5.7537400401433345,21.003394576505272,15,14,4.28740815535289,0.11464210426544164,0.9848811257043546,24,70.70715700746891,6.181255427691257,20.704210938185078
6,217,388.7110179592828,201.80157752118086,10,17,6.027309684633374,0.15859928027600534,0.9944356602629273,24,78.3438740501769,5.7537400401433345,21.003394576505272,15,14,4.28740815535289,0.11464210426544164,0.9848811257043546,24,70.70715700746891,6.181255427691257,20.704210938185078
6,218,388.7110179592828,201.80157752118086,10,17,6.027309684633374,0.15859928027600534,0.9944356602629273,24,78.3438740501769,5.7537400401433345,21.003394576505272,15,14,4.28740815535289,0.11464210426544164,0.9848811257043546,24,70.70715700746891,6.181255427691257,20.704210938185078
6,219,388.7110179592828,201.80157752118086,10,17,6.027309684633374,0.15859928027600534,0.9944356602629273,24,78.3438740501769,5.7537400401433345,21.003394576505272,15,14,4.28740815535289,0.11464210426544164,0.9848811257043546,24,70.70715700746891,6.181255427691257,20.704210938185078
6,220,388.7110179592828,212.38366644607615,10,17,6.027309684633374,0.15859928027600534,0.9944356602629273,24,78.3438740501769,5.7537400401433345,21.003394576505272,15,14,4.28740815535289,0.11464210426544164,0.9848811257043546,24,70.70715700746891,6.181255427691257,20.704210938185078
6,221,385.0837213836347,212.38366644607615,11,17,5.945090911886961,0.11462907903008017,0.9965191372855937,25,84.8050532262599,5.863141257185591,22.0198189835124,16,14,3.8644347854929406,0.1181098627503377,0.9772323747465738,25,74.43200714907896,6.298438112919865,21.677578455146403
6,222,385.0837213836347,212.38366644607615,11,17,5.945090911886961,0.11462907903008017,0.9965191372855937,25,84.8050532262599,5.863141257185591,22.0198189835124,16,14,3.8644347854929406,0.1181098627503377,0.9772323747465738,25,74.43200714907896,6.298438112919865,21.677578455146403
6,223,385.0837213836347,212.38366644607615,11,17,5.945090911886961,0.11462907903008017,0.9965191372855937,25,84.8050532262599,5.863141257185591,22.0198189835124,16,14,3.8644347854929406,0.1181098627503377,0.9772323747465738,25,74.43200714907896,6.298438112919865,21.677578455146403
6,224,385.0837213836347,212.38366644607615,11,17,5.945090911886961,0.11462907903008017,0.9965191372855937,25,84.8050532262599,5.863141257185591,22.0198189835124,16,14,3.8644347854929406,0.1181098627503377,0.9772323747465738,25,74.43200714907896,6.298438112919865,21.677578455146403
6,225,385.0837213836347,212.38366644607615,11,17,5.945090911886961,0.11462907903008017,0.9965191372855937,25,84.8050532262599,5.863141257185591,22.0198189835124,16,14,3.8644347854929406,0.1181098627503377,0.9772323747465738,25,74.43200714907896,6.298438112919865,21.677578455146403
6,226,380.63621038532585,212.38366644607615,11,17,5.9480904875219585,0.11457402407739699,0.9965269241770348,25,84.19746481996398,5.832513049879075,22.001333042116954,16,14,3.8685997464158213,0.11809427534068846,0.97738119260064,25,73.94814172083134,6.294568742924527,21.662046004452748
6,227,380.63621038532585,212.38366644607615,11,17,5.9480904875219585,0.11457402407739699,0.9965269241770348,25,84.19746481996398,5.832513049879075,22.001333042116954,16,14,3.8685997464158213,0.11809427534068846,0.97738119260064,25,73.94814172083134,6.294568742924527,21.662046004452748
6,228,380.63621038532585,212.38366644607615,11,17,5.9480904875219585,0.11457402407739699,0.9965269241770348,25,84.19746481996398,5.832513049879075,22.001333042116954,16,14,3.8685997464158213,0.11809427534068846,0.97738119260064,25,73.94814172083134,6.294568742924527,21.662046004452748
6,229,380.63621038532585,212.38366644607615,11,17,5.9480904875219585,0.11457402407739699,0.9965269241770348,25,84.19746481996398,5.832513049879075,22.001333042116954,16,14,3.8685997464158213,0.11809427534068846,0.97738119260064,25,73.94814172083134,6.294568742924527,21.662046004452748
6,230,380.63621038532585,222.3388478060433,11,17,5.9480904875219585,0.11457402407739699,0.9965269241770348,25,84.19746481996398,5.832513049879075,22.001333042116954,16,14,3.8685997464158213,0.11809427534068846,0.97738119260064,25,73.94814172083134,6.294568742924527,21.662046004452748
6,231,375.7044722173362,222.3388478060433,11,16,5.174665440943702,0.1911492064602438,0.9880993736040934,26,92.7146145106021,5.64826306444953,23.423748576474388,17,14,3.3568417457384214,0.11905637268645719,0.9624253150425951,26,96.31359022952599,5.437801306339328,22.87624000903873
6,232,375.7044722173362,222.3388478060433,11,16,5.174665440943702,0.1911492064602438,0.9880993736040934,26,92.7146145106021,5.64826306444953,23.423748576474388,17,14,3.3568417457384214,0.11905637268645719,0.9624253150425951,26,96.31359022952599,5.437801306339328,22.87624000903873
6,233,375.7044722173362,222.3388478060433,11,16,5.174665440943702,0.1911492064602438,0.9880993736040934,26,92.7146145106021,5.64826306444953,23.423748576474388,17,14,3.3568417457384214,0.11905637268645719,0.9624253150425951,26,96.31359022952599,5.437801306339328,22.87624000903873
6,234,375.7044722173362,222.3388478060433,11,16,5.174665440943702,0.1911492064602438,0.9880993736040934,26,92.7146145106021,5.64826306444953,23.423748576474388,17,14,3.3568417457384214,0.11905637268645719,0.9624253150425951,26,96.31359022952599,5.437801306339328,22.87624000903873
6,235,375.7044722173362,222.3388478060433,11,16,5.174665440943702,0.1911492064602438,0.9880993736040934,26,92.7146145106021,5.64826306444953,23.423748576474388,17,14,3.3568417457384214,0.11905637268645719,0.9624253150425951,26,96.31359022952599,5.437801306339328,22.87624000903873
6,236,373.4528540678814,222.3388478060433,11,16,4.740242601429741,0.18895132429351802,0.9868679541879674,26,87.25794465785893,5.514158861492174,22.96456047288863,17,14,2.52855664551921,0.11548498798019331,0.8958876858770678,26,50.628148918705264,4.645610736127293,19.91492568287659
6,237,373.4528540678814,222.3388478060433,11,16,4.740242601429741,0.18895132429351802,0.9868679541879674,26,87.25794465785893,5.514158861492174,22.96456047288863,17,14,2.52855664551921,0.11548498798019331,0.8958876858770678,26,50.628148918705264,4.645610736127293,19.91492568287659
6,238,373.4528540678814,222.3388478060433,11,16,4.740242601429741,0.18895132429351802,0.9868679541879674,26,87.25794465785893,5.514158861492174,22.96456047288863,17,14,2.52855664551921,0.11548498798019331,0.8958876858770678,26,50.628148918705264,4.645610736127293,19.91492568287659
6,239,373.4528540678814,222.3388478060433,11,16,4.740242601429741,0.18895132429351802,0.9868679541879674,26,87.25794465785893,5.514158861492174,22.96456047288863,17,14,2.52855664551921,0.11548498798019331,0.8958876858770678,26,50.628148918705264,4.645610736127293,19.91492568287659
6,240,373.4528540678814,231.31938605612447,11,16,4.740242601429741,0.18895132429351802,0.9868679541879674,26,87.25794465785893,5.514158861492174,22.96456047288863,17,14,2.52855664551921,0.11548498798019331,0.8958876858770678,26,50.628148918705264,4.645610736127293,19.91492568287659
6,241,370.6796092744929,231.31938605612447,12,16,4.3366733157288,0.13883332514832544,0.9853285781454417,27,91.83097714328429,5.6343737491222505,23.958100710790433,17,13,3.3773035144791677,0.026334253233875726,0.9637841129930079,27,64.93797183829815,4.594405030351933,22.002752088088858
6,242,370.6796092744929,231.31938605612447,12,16,4.3366733157288,0.13883332514832544,0.9853285781454417,27,91.83097714328429,5.6343737491222505,23.958100710790433,17,13,3.3773035144791677,0.026334253233875726,0.9637841129930079,27,64.93797183829815,4.594405030351933,22.002752088088858
6,243,370.6796092744929,231.31938605612447,12,16,4.3366733157288,0.13883332514832544,0.9853285781454417,27,91.83097714328429,5.6343737491222505,23.958100710790433,17,13,3.3773035144791677,0.026334253233875726,0.9637841129930079,27,64.93797183829815,4.594405030351933,22.002752088088858
6,244,370.6796092744929,231.31938605612447,12,16,4.3366733157288,0.13883332514832544,0.9853285781454417,27,91.83097714328429,5.6343737491222505,23.958100710790433,17,13,3.3773035144791677,0.026334253233875726,0.9637841129930079,27,64.93797183829815,4.594405030351933,22.002752088088858
6,245,370.6796092744929,231.31938605612447,12,16,4.3366733157288,0.13883332514832544,0.9853285781454417,27,91.83097714328429,5.6343737491222505,23.958100710790433,17,13,3.3773035144791677,0.026334253233875726,0.9637841129930079,27,64.93797183829815,4.594405030351933,22.002752088088858
6,246,366.3403653856915,231.31938605612447,12,16,4.285066539654969,0.13877420297853524,0.9844189303688017,27,96.8876633036564,5.543897159229576,24.627724342322416,17,13,3.359991141756234,0.01824309078276065,0.9635752097043908,27,83.07396801320368,4.136323403483566,23.056857112302694
6,247,366.3403653856915,231.31938605612447,12,16,4.285066539654969,0.13877420297853524,0.9844189303688017,27,96.8876633036564,5.543897159229576,24.627724342322416,17,13,3.359991141756234,0.01824309078276065,0.9635752097043908,27,83.07396801320368,4.136323403483566,23.056857112302694
6,248,366.3403653856915,231.31938605612447,12,16,4.285066539654969,0.13877420297853524,0.9844189303688017,27,96.8876633036564,5.543897159229576,24.627724342322416,17,13,3.359991141756234,0.01824309078276065,0.9635752097043908,27,83.07396801320368,4.136323403483566,23.056857112302694
6,249,366.3403653856915,231.31938605612447,12,16,4.285066539654969,0.13877420297853524,0.9844189303688017,27,96.8876633036564,5.543897159229576,24.627724342322416,17,13,3.359991141756234,0.01824309078276065,0.9635752097043908,27,83.07396801320368,4.136323403483566,23.056857112302694
6,250,366.3403653856915,240.14211087547517,12,16,4.285066539654969,0.13877420297853524,0.9844189303688017,27,96.8876633036564,5.543897159229576,24.627724342322416,17,13,3.359991141756234,0.01824309078276065,0.9635752097043908,27,83.07396801320368,4.136323403483566,23.056857112302694
6,251,362.33146598278506,240.14211087547517,12,17,4.807435237475633,0.07378129411276939,0.9904594986911804,28,101.6787690496759,5.613975031700889,25.617991028621322,18,13,2.727828609948118,0.026161650867549142,0.9372430110156951,28,88.3362954345552,4.124872350658747,24.021205301903237
6,252,362.33146598278506,240.14211087547517,12,17,4.807435237475633,0.07378129411276939,0.9904594986911804,28,101.6787690496759,5.613975031700889,25.617991028621322,18,13,2.727828609948118,0.026161650867549142,0.9372430110156951,28,88.3362954345552,4.124872350658747,24.021205301903237
6,253,362.33146598278506,240.14211087547517,12,17,4.807435237475633,0.07378129411276939,0.9904594986911804,28,101.6787690496759,5.613975031700889,25.617991028621322,18,13,2.727828609948118,0.026161650867549142,0.9372430110156951,28,88.3362954345552,4.124872350658747,24.021205301903237
6,254,362.33146598278506,240.14211087547517,12,17,4.807435237475633,0.07378129411276939,0.9904594986911804,28,101.6787690496759,5.613975031700889,25.617991028621322,18,13,2.727828609948118,0.026161650867549142,0.9372430110156951,28,88.3362954345552,4.124872350658747,24.021205301903237
6,255,362.33146598278506,240.14211087547517,12,17,4.807435237475633,0.07378129411276939,0.9904594986911804,28,101.6787690496759,5.613975031700889,25.617991028621322,18,13,2.727828609948118,0.026161650867549142,0.9372430110156951,28,88.3362954345552,4.124872350658747,24.021205301903237
6,256,357.6167116839104,240.14211087547517,12,17,4.743673538990468,0.07376675235571917,0.9893793765872774,28,92.12894912033799,5.508229758488157,24.040352589973196,18,13,2.1217554861759815,0.019690239072567433,0.8651242032215354,28,76.11056999681826,3.916598987788572,23.738995942811925
6,257,357.6167116839104,240.14211087547517,12,17,4.743673538990468,0.07376675235571917,0.9893793765872774,28,92.12894912033799,5.508229758488157,24.040352589973196,18,13,2.1217554861759815,0.019690239072567433,0.8651242032215354,28,76.11056999681826,3.916598987788572,23.738995942811925
6,258,357.6167116839104,240.14211087547517,12,17,4.743673538990468,0.07376675235571917,0.9893793765872774,28,92.12894912033799,5.508229758488157,24.040352589973196,18,13,2.1217554861759815,0.019690239072567433,0.8651242032215354,28,76.11056999681826,3.916598987788572,23.738995942811925
6,259,357.6167116839104,240.14211087547517,12,17,4.743673538990468,0.07376675235571917,0.9893793765872774,28,92.12894912033799,5.508229758488157,24.040352589973196,18,13,2.1217554861759815,0.019690239072567433,0.8651242032215354,28,76.11056999681826,3.916598987788572,23.738995942811925
6,260,357.6167116839104,248.53650926754528,12,17,4.743673538990468,0.07376675235571917,0.9893793765872774,28,92.12894912033799,5.508229758488157,24.040352589973196,18,13,2.1217554861759815,0.019690239072567433,0.8651242032215354,28,76.11056999681826,3.916598987788572,23.738995942811925
6,261,355.5043525557748,248.53650926754528,12,18,5.23779614564143,0.03857859014818351,0.9935199440701953,29,97.09304712075165,5.536055812154435,24.96234977547186,18,12,2.5135922795738987,0.004307545408553752,0.9236118557432768,29,75.15984807678149,3.8884539521054426,24.393363474275173
6,262,355.5043525557748,248.53650926754528,12,18,5.23779614564143,0.03857859014818351,0.9935199440701953,29,97.09304712075165,5.536055812154435,24.96234977547186,18,12,2.5135922795738987,0.004307545408553752,0.9236118557432768,29,75.15984807678149,3.8884539521054426,24.393363474275173
6,263,355.5043525557748,248.53650926754528,12,18,5.23779614564143,0.03857859014818351,0.9935199440701953,29,97.09304712075165,5.536055812154435,24.96234977547186,18,12,2.5135922795738987,0.004307545408553752,0.9236118557432768,29,75.15984807678149,3.8884539521054426,24.393363474275173
6,264,355.5043525557748,248.53650926754528,12,18,5.23779614564143,0.03857859014818351,0.9935199440701953,29,97.09304712075165,5.536055812154435,24.96234977547186,18,12,2.5135922795738987,0.004307545408553752,0.9236118557432768,29,75.15984807678149,3.8884539521054426,24.393363474275173
6,265,355.5043525557748,248.53650926754528,12,18,5.23779614564143,0.03857859014818351,0.9935199440701953,29,97.09304712075165,5.536055812154435,24.96234977547186,18,12,2.5135922795738987,0.004307545408553752,0.9236118557432768,29,75.15984807678149,3.8884539521054426,24.393363474275173
6,266,348.1567420394267,248.53650926754528,12,18,5.212585086045187,0.03857057214336116,0.9934418038428321,29,103.9768066400162,5.09814657529893,26.085849103149314,18,12,2.56283800960065,0.004272799332026993,0.9276414510046035,29,66.31813721485837,3.654165955152904,23.80510045685598
6,267,348.1567420394267,248.53650926754528,12,18,5.212585086045187,0.03857057214336116,0.9934418038428321,29,103.9768066400162,5.09814657529893,26.085849103149314,18,12,2.56283800960065,0.004272799332026993,0.9276414510046035,29,66.31813721485837,3.654165955152904,23.80510045685598
6,268,348.1567420394267,248.53650926754528,12,18,5.212585086045187,0.03857057214336116,0.9934418038428321,29,103.9768066400162,5.09814657529893,26.085849103149314,18,12,2.56283800960065,0.004272799332026993,0.9276414510046035,29,66.31813721485837,3.654165955152904,23.80510045685598
6,269,348.1567420394267,248.53650926754528,12,18,5.212585086045187,0.03857057214336116,0.9934418038428321,29,103.9768066400162,5.09814657529893,26.085849103149314,18,12,2.56283800960065,0.004272799332026993,0.9276414510046035,29,66.31813721485837,3.654165955152904,23.80510045685598
6,270,348.1567420394267,257.0587095485949,12,18,5.212585086045187,0.03857057214336116,0.9934418038428321,29,103.9768066400162,5.09814657529893,26.085849103149314,18,12,2.56283800960065,0.004272799332026993,0.9276414510046035,29,66.31813721485837,3.654165955152904,23.80510045685598
6,271,341.76645974423656,257.0587095485949,12,19,5.982758368269841,0.046116333488350016,0.9955803216470906,30,117.02987241583425,4.47132794860362,27.452539648310783,17,12,2.6781085717847546,0.004882946811941198,0.9322634388541257,30,69.05222851830433,3.609921979355211,24.73853038826168
6,272,341.76645974423656,257.0587095485949,12,19,5.982758368269841,0.046116333488350016,0.9955803216470906,30,117.02987241583425,4.47132794860362,27.452539648310783,17,12,2.6781085717847546,0.004882946811941198,0.9322634388541257,30,69.05222851830433,3.609921979355211,24.73853038826168
6,273,341.76645974423656,257.0587095485949,12,19,5.982758368269841,0.046116333488350016,0.9955803216470906,30,117.02987241583425,4.47132794860362,27.452539648310783,17,12,2.6781085717847546,0.004882946811941198,0.9322634388541257,30,69.05222851830433,3.609921979355211,24.73853038826168
6,274,341.76645974423656,257.0587095485949,12,19,5.982758368269841,0.046116333488350016,0.9955803216470906,30,117.02987241583425,4.47132794860362,27.452539648310783,17,12,2.6781085717847546,0.004882946811941198,0.9322634388541257,30,69.05222851830433,3.609921979355211,24.73853038826168
6,275,341.76645974423656,257.0587095485949,12,19,5.982758368269841,0.046116333488350016,0.9955803216470906,30,117.02987241583425,4.47132794860362,27.452539648310783,17,12,2.6781085717847546,0.004882946811941198,0.9322634388541257,30,69.05222851830433,3.609921979355211,24.73853038826168
6,276,335.80215164252417,257.0587095485949,12,19,5.958931351904948,0.045916235553995155,0.995567574679843,30,114.2361229874416,4.188226723166498,27.015589665099853,17,12,2.6854683747509243,0.0048808994666756185,0.9329113066948774,30,67.78705864759924,3.6028251855408886,24.489030648472703
6,277,335.80215164252417,257.0587095485949,12,19,5.958931351904948,0.045916235553995155,0.995567574679843,30,114.2361229874416,4.188226723166498,27.015589665099853,17,12,2.6854683747509243,0.0048808994666756185,0.9329113066948774,30,67.78705864759924,3.6028251855408886,24.489030648472703
6,278,335.80215164252417,257.0587095485949,12,19,5.958931351904948,0.045916235553995155,0.995567574679843,30,114.2361229874416,4.188226723166498,27.015589665099853,17,12,2.6854683747509243,0.0048808994666756185,0.9329113066948774,30,67.78705864759924,3.6028251855408886,24.489030648472703
6,279,335.80215164252417,257.0587095485949,12,19,5.958931351904948,0.045916235553995155,0.995567574679843,30,114.2361229874416,4.188226723166498,27.015589665099853,17,12,2.6854683747509243,0.0048808994666756185,0.9329113066948774,30,67.78705864759924,3.6028251855408886,24.489030648472703
6,280,335.80215164252417,265.34888938602944,12,19,5.958931351904948,0.045916235553995155,0.995567574679843,30,114.2361229874416,4.188226723166498,27.015589665099853,17,12,2.6854683747509243,0.0048808994666756185,0.9329113066948774,30,67.78705864759924,3.6028251855408886,24.489030648472703
6,281,328.6022806473603,265.34888938602944,13,19,5.5050283879363135,0.03417262963010929,0.9927492332367884,31,118.36181396125501,4.205468085392428,27.90283327957581,16,12,3.0854165510044953,0.0046357630217058006,0.9544910945919763,31,69.99509660894738,3.6051648181533773,25.293829465791198
6,282,328.6022806473603,265.34888938602944,13,19,5.5050283879363135,0.03417262963010929,0.9927492332367884,31,118.36181396125501,4.205468085392428,27.90283327957581,16,12,3.0854165510044953,0.0046357630217058006,0.9544910945919763,31,69.99509660894738,3.6051648181533773,25.293829465791198
6,283,328.6022806473603,265.34888938602944,13,19,5.5050283879363135,0.03417262963010929,0.9927492332367884,31,118.36181396125501,4.205468085392428,27.90283327957581,16,12,3.0854165510044953,0.0046357630217058006,0.9544910945919763,31,69.99509660894738,3.6051648181533773,25.293829465791198
6,284,328.6022806473603,265.34888938602944,13,19,5.5050283879363135,0.03417262963010929,0.9927492332367884,31,118.36181396125501,4.205468085392428,27.90283327957581,16,12,3.0854165510044953,0.0046357630217058006,0.9544910945919763,31,69.99509660894738,3.6051648181533773,25.293829465791198
6,285,328.6022806473603,265.34888938602944,13,19,5.5050283879363135,0.03417262963010929,0.9927492332367884,31,118.36181396125501,4.205468085392428,27.90283327957581,16,12,3.0854165510044953,0.0046357630217058006,0.9544910945919763,31,69.99509660894738,3.6051648181533773,25.293829465791198
6,286,323.4907725018213,265.34888938602944,13,19,5.027141780817071,0.011011456689920393,0.9920230671031395,31,104.4759277553019,3.8139858021975317,27.046553608675815,16,12,3.0778693858901405,0.004635382666241972,0.9540349437652114,31,69.56957367953706,3.596054695658788,25.18691404681612
6,287,323.4907725018213,265.34888938602944,13,19,5.027141780817071,0.011011456689920393,0.9920230671031395,31,104.4759277553019,3.8139858021975317,27.046553608675815,16,12,3.0778693858901405,0.004635382666241972,0.9540349437652114,31,69.56957367953706,3.596054695658788,25.18691404681612
6,288,323.4907725018213,265.34888938602944,13,19,5.027141780817071,0.011011456689920393,0.9920230671031395,31,104.4759277553019,3.8139858021975317,27.046553608675815,16,12,3.0778693858901405,0.004635382666241972,0.9540349437652114,31,69.56957367953706,3.596054695658788,25.18691404681612
6,289,323.4907725018213,265.34888938602944,13,19,5.027141780817071,0.011011456689920393,0.9920230671031395,31,104.4759277553019,3.8139858021975317,27.046553608675815,16,12,3.0778693858901405,0.004635382666241972,0.9540349437652114,31,69.56957367953706,3.596054695658788,25.18691404681612
6,290,323.4907725018213,273.44770491608875,13,19,5.027141780817071,0.011011456689920393,0.9920230671031395,31,104.4759277553019,3.8139858021975317,27.046553608675815,16,12,3.0778693858901405,0.004635382666241972,0.9540349437652114,31,69.56957367953706,3.596054695658788,25.18691404681612
6,291,316.1195489632486,273.44770491608875,14,19,4.017924036291941,0.004500321795122349,0.9797371930634151,32,101.80606212645151,3.4415777847777917,27.570773719018298,15,12,3.6353667852144134,0.014540020465362069,0.9728339551051769,32,72.42330531140509,3.6091515884558065,26.039081355992817
6,292,316.1195489632486,273.44770491608875,14,19,4.017924036291941,0.004500321795122349,0.9797371930634151,32,101.80606212645151,3.4415777847777917,27.570773719018298,15,12,3.6353667852144134,0.014540020465362069,0.9728339551051769,32,72.42330531140509,3.6091515884558065,26.039081355992817
6,293,316.1195489632486,273.44770491608875,14,19,4.017924036291941,0.004500321795122349,0.9797371930634151,32,101.80606212645151,3.4415777847777917,27.570773719018298,15,12,3.6353667852144134,0.014540020465362069,0.9728339551051769,32,72.42330531140509,3.6091515884558065,26.039081355992817
6,294,316.1195489632486,273.44770491608875,14,19,4.017924036291941,0.004500321795122349,0.9797371930634151,32,101.80606212645151,3.4415777847777917,27.570773719018298,15,12,3.6353667852144134,0.014540020465362069,0.9728339551051769,32,72.42330531140509,3.6091515884558065,26.039081355992817
6,295,316.1195489632486,273.44770491608875,14,19,4.017924036291941,0.004500321795122349,0.9797371930634151,32,101.80606212645151,3.4415777847777917,27.570773719018298,15,12,3.6353667852144134,0.014540020465362069,0.9728339551051769,32,72.42330531140509,3.6091515884558065,26.039081355992817
6,296,310.5570049327992,273.44770491608875,14,19,3.9978825356998158,0.004463591125930015,0.9790211346642365,32,103.91481952585795,3.096375467553343,27.855093408908523,15,12,3.621343281327537,0.016407276919160923,0.9722550852182135,32,72.14778064102028,3.614923448646544,26.000013387317466
6,297,310.5570049327992,273.44770491608875,14,19,3.9978825356998158,0.004463591125930015,0.9790211346642365,32,103.91481952585795,3.096375467553343,27.855093408908523,15,12,3.621343281327537,0.016407276919160923,0.9722550852182135,32,72.14778064102028,3.614923448646544,26.000013387317466
6,298,310.5570049327992,273.44770491608875,14,19,3.9978825356998158,0.004463591125930015,0.9790211346642365,32,103.91481952585795,3.096375467553343,27.855093408908523,15,12,3.621343281327537,0.016407276919160923,0.9722550852182135,32,72.14778064102028,3.614923448646544,26.000013387317466
6,299,310.5570049327992,273.44770491608875,14,19,3.9978825356998158,0.004463591125930015,0.9790211346642365,32,103.91481952585795,3.096375467553343,27.855093408908523,15,12,3.621343281327537,0.016407276919160923,0.9722550852182135,32,72.14778064102028,3.614923448646544,26.000013387317466
6,300,310.5570049327992,281.6559592225075,14,19,3.9978825356998158,0.004463591125930015,0.9790211346642365,32,103.91481952585795,3.096375467553343,27.855093408908523,15,12,3.621343281327537,0.016407276919160923,0.9722550852182135,32,72.14778064102028,3.614923448646544,26.000013387317466
6,301,308.73492905351713,281.6559592225075,15,19,3.9541673420227226,0.011096837507488985,0.9777256432675364,33,108.29474618010458,2.6893564013517293,28.75794200861889,15,13,3.280289264097682,0.004209092105364465,0.9503718392378148,33,75.80437459055058,3.6184954498940085,27.006473219740855
6,302,308.73492905351713,281.6559592225075,15,19,3.9541673420227226,0.011096837507488985,0.9777256432675364,33,108.29474618010458,2.6893564013517293,28.75794200861889,15,13,3.280289264097682,0.004209092105364465,0.9503718392378148,33,75.80437459055058,3.6184954498940085,27.006473219740855
6,303,308.73492905351713,281.6559592225075,15,19,3.9541673420227226,0.011096837507488985,0.9777256432675364,33,108.29474618010458,2.6893564013517293,28.75794200861889,15,13,3.280289264097682,0.004209092105364465,0.9503718392378148,33,75.80437459055058,3.6184954498940085,27.006473219740855
6,304,308.73492905351713,281.6559592225075,15,19,3.9541673420227226,0.011096837507488985,0.9777256432675364,33,108.29474618010458,2.6893564013517293,28.75794200861889,15,13,3.280289264097682,0.004209092105364465,0.9503718392378148,33,75.80437459055058,3.6184954498940085,27.006473219740855
6,305,308.73492905351713,281.6559592225075,15,19,3.9541673420227226,0.011096837507488985,0.9777256432675364,33,108.29474618010458,2.6893564013517293,28.75794200861889,15,13,3.280289264097682,0.004209092105364465,0.9503718392378148,33,75.80437459055058,3.6184954498940085,27.006473219740855
6,306,305.7847517575186,281.6559592225075,15,19,3.8949903688593515,0.01104253955369546,0.9751554299379879,33,111.96662467795116,2.3744832521801933,29.375378092434758,15,13,3.2756368985317352,0.004208743147104843,0.9499262631892839,33,77.83132320412739,3.61282976373835,27.38743906639836
6,307,305.7847517575186,281.6559592225075,15,19,3.8949903688593515,0.01104253955369546,0.9751554299379879,33,111.96662467795116,2.3744832521801933,29.375378092434758,15,13,3.2756368985317352,0.004208743147104843,0.9499262631892839,33,77.83132320412739,3.61282976373835,27.38743906639836
6,308,305.7847517575186,281.6559592225075,15,19,3.8949903688593515,0.01104253955369546,0.9751554299379879,33,111.96662467795116,2.3744832521801933,29.375378092434758,15,13,3.2756368985317352,0.004208743147104843,0.9499262631892839,33,77.83132320412739,3.61282976373835,27.38743906639836
6,309,305.7847517575186,281.6559592225075,15,19,3.8949903688593515,0.01104253955369546,0.9751554299379879,33,111.96662467795116,2.3744832521801933,29.375378092434758,15,13,3.2756368985317352,0.004208743147104843,0.9499262631892839,33,77.83132320412739,3.61282976373835,27.38743906639836
6,310,305.7847517575186,289.7967033786513,15,19,3.8949903688593515,0.01104253955369546,0.9751554299379879,33,111.96662467795116,2.3744832521801933,29.375378092434758,15,13,3.2756368985317352,0.004208743147104843,0.9499262631892839,33,77.83132320412739,3.61282976373835,27.38743906639836
6,311,300.60390391212144,289.7967033786513,16,19,3.734000428668507,0.020977984096524,0.9747543157992623,34,116.88087569761143,2.3876326875467297,30.581078816575307,14,13,3.181324815991372,0.03191997139943148,0.9585700542354663,34,81.11351715136749,3.644740343659996,28.369780061896222
6,312,300.60390391212144,289.7967033786513,16,19,3.734000428668507,0.020977984096524,0.9747543157992623,34,116.88087569761143,2.3876326875467297,30.581078816575307,14,13,3.181324815991372,0.03191997139943148,0.9585700542354663,34,81.11351715136749,3.644740343659996,28.369780061896222
6,313,300.60390391212144,289.7967033786513,16,19,3.734000428668507,0.020977984096524,0.9747543157992623,34,116.88087569761143,2.3876326875467297,30.581078816575307,14,13,3.181324815991372,0.03191997139943148,0.9585700542354663,34,81.11351715136749,3.644740343659996,28.369780061896222
6,314,300.60390391212144,289.7967033786513,16,19,3.734000428668507,0.020977984096524,0.9747543157992623,34,116.88087569761143,2.3876326875467297,30.581078816575307,14,13,3.181324815991372,0.03191997139943148,0.9585700542354663,34,81.11351715136749,3.644740343659996,28.369780061896222
6,315,300.60390391212144,289.7967033786513,16,19,3.734000428668507,0.020977984096524,0.9747543157992623,34,116.88087569761143,2.3876326875467297,30.581078816575307,14,13,3.181324815991372,0.03191997139943148,0.9585700542354663,34,81.11351715136749,3.644740343659996,28.369780061896222
6,316,297.94152964372347,289.7967033786513,16,19,3.728303220459029,0.02134013411764794,0.9745853977612167,34,116.59881499141933,2.424014432285862,30.54519330440982,14,13,3.1665874583759925,0.031915539772459124,0.9578509293978916,34,81.10885023655113,3.6446172880603576,28.372906462931827
6,317,297.94152964372347,289.7967033786513,16,19,3.728303220459029,0.02134013411764794,0.9745853977612167,34,116.59881499141933,2.424014432285862,30.54519330440982,14,13,3.1665874583759925,0.031915539772459124,0.9578509293978916,34,81.10885023655113,3.6446172880603576,28.372906462931827
6,318,297.94152964372347,289.7967033786513,16,19,3.728303220459029,0.02134013411764794,0.9745853977612167,34,116.59881499141933,2.424014432285862,30.54519330440982,14,13,3.1665874583759925,0.031915539772459124,0.9578509293978916,34,81.10885023655113,3.6446172880603576,28.372906462931827
6,319,297.94152964372347,289.7967033786513,16,19,3.728303220459029,0.02134013411764794,0.9745853977612167,34,116.59881499141933,2.424014432285862,30.54519330440982,14,13,3.1665874583759925,0.031915539772459124,0.9578509293978916,34,81.10885023655113,3.6446172880603576,28.372906462931827
6,320,297.94152964372347,298.58412638742976,16,19,3.728303220459029,0.02134013411764794,0.9745853977612167,34,116.59881499141933,2.424014432285862,30.54519330440982,14,13,3.1665874583759925,0.031915539772459124,0.9578509293978916,34,81.10885023655113,3.6446172880603576,28.372906462931827
6,321,295.73774339241197,298.58412638742976,16,18,3.4176841483333646,0.00703250971624562,0.964652669833859,35,119.75582363595463,2.366544766824938,31.457032878940584,13,13,2.83835249860393,0.13074928313259235,0.9402229068383895,35,83.685165828761,3.7765200233340974,29.26729132489222
6,322,295.73774339241197,298.58412638742976,16,18,3.4176841483333646,0.00703250971624562,0.964652669833859,35,119.75582363595463,2.366544766824938,31.457032878940584,13,13,2.83835249860393,0.13074928313259235,0.9402229068383895,35,83.685165828761,3.7765200233340974,29.26729132489222
6,323,295.73774339241197,298.58412638742976,16,18,3.4176841483333646,0.00703250971624562,0.964652669833859,35,119.75582363595463,2.366544766824938,31.457032878940584,13,13,2.83835249860393,0.13074928313259235,0.9402229068383895,35,83.685165828761,3.7765200233340974,29.26729132489222
6,324,295.73774339241197,298.58412638742976,16,18,3.4176841483333646,0.00703250971624562,0.964652669833859,35,119.75582363595463,2.366544766824938,31.457032878940584,13,13,2.83835249860393,0.13074928313259235,0.9402229068383895,35,83.685165828761,3.7765200233340974,29.26729132489222
6,325,295.73774339241197,298.58412638742976,16,18,3.4176841483333646,0.00703250971624562,0.964652669833859,35,119.75582363595463,2.366544766824938,31.457032878940584,13,13,2.83835249860393,0.13074928313259235,0.9402229068383895,35,83.685165828761,3.7765200233340974,29.26729132489222
6,326,290.8520880060996,298.58412638742976,16,18,3.393340352272934,0.008039785695275156,0.9638627246136559,35,119.30947340120683,2.389759719966697,31.38682225906984,13,13,2.829084179132176,0.1309962815061523,0.939786538842557,35,83.46536136323414,3.801528533470143,29.25096469025258
6,327,290.8520880060996,298.58412638742976,16,18,3.393340352272934,0.008039785695275156,0.9638627246136559,35,119.30947340120683,2.389759719966697,31.38682225906984,13,13,2.829084179132176,0.1309962815061523,0.939786538842557,35,83.46536136323414,3.801528533470143,29.25096469025258
6,328,290.8520880060996,298.58412638742976,16,18,3.393340352272934,0.008039785695275156,0.9638627246136559,35,119.30947340120683,2.389759719966697,31.38682225906984,13,13,2.829084179132176,0.1309962815061523,0.939786538842557,35,83.46536136323414,3.801528533470143,29.25096469025258
6,329,290.8520880060996,298.58412638742976,16,18,3.393340352272934,0.008039785695275156,0.9638627246136559,35,119.30947340120683,2.389759719966697,31.38682225906984,13,13,2.829084179132176,0.1309962815061523,0.939786538842557,35,83.46536136323414,3.801528533470143,29.25096469025258
6,330,290.8520880060996,306.47874968268906,16,18,3.393340352272934,0.008039785695275156,0.9638627246136559,35,119.30947340120683,2.389759719966697,31.38682225906984,13,13,2.829084179132176,0.1309962815061523,0.939786538842557,35,83.46536136323414,3.801528533470143,29.25096469025258
6,331,286.11100772697125,306.47874968268906,17,18,3.6939294515046677,0.004708073270706881,0.9754212270833801,36,122.6403216513939,2.421458281783283,32.28416895359167,13,12,3.7690736709614883,0.16689917339387558,0.9547189930699954,36,87.09634493347482,3.9870786247196386,30.176248644556875
6,332,286.11100772697125,306.47874968268906,17,18,3.6939294515046677,0.004708073270706881,0.9754212270833801,36,122.6403216513939,2.421458281783283,32.28416895359167,13,12,3.7690736709614883,0.16689917339387558,0.9547189930699954,36,87.09634493347482,3.9870786247196386,30.176248644556875
6,333,286.11100772697125,306.47874968268906,17,18,3.6939294515046677,0.004708073270706881,0.9754212270833801,36,122.6403216513939,2.421458281783283,32.28416895359167,13,12,3.7690736709614883,0.16689917339387558,0.9547189930699954,36,87.09634493347482,3.9870786247196386,30.176248644556875
6,334,286.11100772697125,306.47874968268906,17,18,3.6939294515046677,0.004708073270706881,0.9754212270833801,36,122.6403216513939,2.421458281783283,32.28416895359167,13,12,3.7690736709614883,0.16689917339387558,0.9547189930699954,36,87.09634493347482,3.9870786247196386,30.176248644556875
6,335,286.11100772697125,306.47874968268906,17,18,3.6939294515046677,0.004708073270706881,0.9754212270833801,36,122.6403216513939,2.421458281783283,32.28416895359167,13,12,3.7690736709614883,0.16689917339387558,0.9547189930699954,36,87.09634493347482,3.9870786247196386,30.176248644556875
6,336,282.6875926339524,306.47874968268906,17,18,3.692756280318797,0.004707756442794531,0.9753970056058057,36,122.62341519542953,2.421777378437115,32.2880099067349,13,12,3.7696298900647096,0.16689908035453993,0.9548386562909208,36,86.99272838141422,3.9897806517372087,30.15897495973588
6,337,282.6875926339524,306.47874968268906,17,18,3.692756280318797,0.004707756442794531,0.9753970056058057,36,122.62341519542953,2.421777378437115,32.2880099067349,13,12,3.7696298900647096,0.16689908035453993,0.9548386562909208,36,86.99272838141422,3.9897806517372087,30.15897495973588
6,338,282.6875926339524,306.47874968268906,17,18,3.692756280318797,0.004707756442794531,0.9753970056058057,36,122.62341519542953,2.421777378437115,32.2880099067349,13,12,3.7696298900647096,0.16689908035453993,0.9548386562909208,36,86.99272838141422,3.9897806517372087,30.15897495973588
6,339,282.6875926339524,306.47874968268906,17,18,3.692756280318797,0.004707756442794531,0.9753970056058057,36,122.62341519542953,2.421777378437115,32.2880099067349,13,12,3.7696298900647096,0.16689908035453993,0.9548386562909208,36,86.99272838141422,3.9897806517372087,30.15897495973588
6,340,282.6875926339524,313.62685729391774,17,18,3.692756280318797,0.004707756442794531,0.9753970056058057,36,122.62341519542953,2.421777378437115,32.2880099067349,13,12,3.7696298900647096,0.16689908035453993,0.9548386562909208,36,86.99272838141422,3.9897806517372087,30.15897495973588
6,341,277.69583639514116,313.62685729391774,18,18,3.390208037474818,0.003678648565269634,0.966801660037429,37,126.00323585335477,2.5788996527659123,33.253840923298185,14,12,3.7602031248633936,0.06757865131449681,0.9700822237876792,37,91.05705307679598,4.16683263865357,31.124899708876917
6,342,277.69583639514116,313.62685729391774,18,18,3.390208037474818,0.003678648565269634,0.966801660037429,37,126.00323585335477,2.5788996527659123,33.253840923298185,14,12,3.7602031248633936,0.06757865131449681,0.9700822237876792,37,91.05705307679598,4.16683263865357,31.124899708876917
6,343,277.69583639514116,313.62685729391774,18,18,3.390208037474818,0.003678648565269634,0.966801660037429,37,126.00323585335477,2.5788996527659123,33.253840923298185,14,12,3.7602031248633936,0.06757865131449681,0.9700822237876792,37,91.05705307679598,4.16683263865357,31.124899708876917
6,344,277.69583639514116,313.62685729391774,18,18,3.390208037474818,0.003678648565269634,0.966801660037429,37,126.00323585335477,2.5788996527659123,33.253840923298185,14,12,3.7602031248633936,0.06757865131449681,0.9700822237876792,37,91.05705307679598,4.16683263865357,31.124899708876917
6,345,277.69583639514116,313.62685729391774,18,18,3.390208037474818,0.003678648565269634,0.966801660037429,37,126.00323585335477,2.5788996527659123,33.253840923298185,14,12,3.7602031248633936,0.06757865131449681,0.9700822237876792,37,91.05705307679598,4.16683263865357,31.124899708876917
6,346,273.29343918040695,313.62685729391774,18,18,3.3666376287745368,0.008628588422618674,0.965892612513155,37,125.84685916088621,2.6000287220300176,33.22839827684287,14,12,3.741900992409373,0.06894382630713203,0.9691341830723709,37,90.84397740977542,4.178982512408252,31.100254839231557
6,347,273.29343918040695,313.62685729391774,18,18,3.3666376287745368,0.008628588422618674,0.965892612513155,37,125.84685916088621,2.6000287220300176,33.22839827684287,14,12,3.741900992409373,0.06894382630713203,0.9691341830723709,37,90.84397740977542,4.178982512408252,31.100254839231557
6,348,273.29343918040695,313.62685729391774,18,18,3.3666376287745368,0.008628588422618674,0.965892612513155,37,125.84685916088621,2.6000287220300176,33.22839827684287,14,12,3.741900992409373,0.06894382630713203,0.9691341830723709,37,90.84397740977542,4.178982512408252,31.100254839231557
6,349,273.29343918040695,313.62685729391774,18,18,3.3666376287745368,0.008628588422618674,0.965892612513155,37,125.84685916088621,2.6000287220300176,33.22839827684287,14,12,3.741900992409373,0.06894382630713203,0.9691341830723709,37,90.84397740977542,4.178982512408252,31.100254839231557
6,350,273.29343918040695,320.44128236842386,18,18,3.3666376287745368,0.008628588422618674,0.965892612513155,37,125.84685916088621,2.6000287220300176,33.22839827684287,14,12,3.741900992409373,0.06894382630713203,0.9691341830723709,37,90.84397740977542,4.178982512408252,31.100254839231557
6,351,268.98803436287704,320.44128236842386,18,17,3.443345338304951,0.00356301445823252,0.9680297990769642,38,129.49165360781723,2.6094767514371053,34.26502176120965,14,11,3.117575503898625,0.15890327786408068,0.9378676268667491,38,95.20857837447366,4.335823694700165,32.295951061410975
6,352,268.98803436287704,320.44128236842386,18,17,3.443345338304951,0.00356301445823252,0.9680297990769642,38,129.49165360781723,2.6094767514371053,34.26502176120965,14,11,3.117575503898625,0.15890327786408068,0.9378676268667491,38,95.20857837447366,4.335823694700165,32.295951061410975
6,353,268.98803436287704,320.44128236842386,18,17,3.443345338304951,0.00356301445823252,0.9680297990769642,38,129.49165360781723,2.6094767514371053,34.26502176120965,14,11,3.117575503898625,0.15890327786408068,0.9378676268667491,38,95.20857837447366,4.335823694700165,32.295951061410975
6,354,268.98803436287704,320.44128236842386,18,17,3.443345338304951,0.00356301445823252,0.9680297990769642,38,129.49165360781723,2.6094767514371053,34.26502176120965,14,11,3.117575503898625,0.15890327786408068,0.9378676268667491,38,95.20857837447366,4.335823694700165,32.295951061410975
6,355,268.98803436287704,320.44128236842386,18,17,3.443345338304951,0.00356301445823252,0.9680297990769642,38,129.49165360781723,2.6094767514371053,34.26502176120965,14,11,3.117575503898625,0.15890327786408068,0.9378676268667491,38,95.20857837447366,4.335823694700165,32.295951061410975
6,356,265.1955101496046,320.44128236842386,18,17,3.4510697671497703,0.003561266100680416,0.9681985943132569,38,128.97192185326068,2.758669314884524,34.24241827009679,14,11,3.1757791870114005,0.1698647580301257,0.9433978457826798,38,95.18858908693214,4.536640051841767,32.29607957124147
6,357,265.1955101496046,320.44128236842386,18,17,3.4510697671497703,0.003561266100680416,0.9681985943132569,38,128.97192185326068,2.758669314884524,34.24241827009679,14,11,3.1757791870114005,0.1698647580301257,0.9433978457826798,38,95.18858908693214,4.536640051841767,32.29607957124147
6,358,265.1955101496046,320.44128236842386,18,17,3.4510697671497703,0.003561266100680416,0.9681985943132569,38,128.97192185326068,2.758669314884524,34.24241827009679,14,11,3.1757791870114005,0.1698647580301257,0.9433978457826798,38,95.18858908693214,4.536640051841767,32.29607957124147
6,359,265.1955101496046,320.44128236842386,18,17,3.4510697671497703,0.003561266100680416,0.9681985943132569,38,128.97192185326068,2.758669314884524,34.24241827009679,14,11,3.1757791870114005,0.1698647580301257,0.9433978457826798,38,95.18858908693214,4.536640051841767,32.29607957124147
6,360,265.1955101496046,327.35801227974343,18,17,3.4510697671497703,0.003561266100680416,0.9681985943132569,38,128.97192185326068,2.758669314884524,34.24241827009679,14,11,3.1757791870114005,0.1698647580301257,0.9433978457826798,38,95.18858908693214,4.536640051841767,32.29607957124147
6,361,261.9809726814658,327.35801227974343,17,17,3.8925091950143127,0.0027133416759982007,0.9792927456215423,39,132.87183384374626,2.760874895303931,35.22613038856488,15,11,3.0215160619879153,0.10706236888596303,0.9477471887850625,39,98.25632534666657,4.6010018947939875,33.25258963766852
6,362,261.9809726814658,327.35801227974343,17,17,3.8925091950143127,0.0027133416759982007,0.9792927456215423,39,132.87183384374626,2.760874895303931,35.22613038856488,15,11,3.0215160619879153,0.10706236888596303,0.9477471887850625,39,98.25632534666657,4.6010018947939875,33.25258963766852
6,363,261.9809726814658,327.35801227974343,17,17,3.8925091950143127,0.0027133416759982007,0.9792927456215423,39,132.87183384374626,2.760874895303931,35.22613038856488,15,11,3.0215160619879153,0.10706236888596303,0.9477471887850625,39,98.25632534666657,4.6010018947939875,33.25258963766852
6,364,261.9809726814658,327.35801227974343,17,17,3.8925091950143127,0.0027133416759982007,0.9792927456215423,39,132.87183384374626,2.760874895303931,35.22613038856488,15,11,3.0215160619879153,0.10706236888596303,0.9477471887850625,39,98.25632534666657,4.6010018947939875,33.25258963766852
6,365,261.9809726814658,327.35801227974343,17,17,3.8925091950143127,0.0027133416759982007,0.9792927456215423,39,132.87183384374626,2.760874895303931,35.22613038856488,15,11,3.0215160619879153,0.10706236888596303,0.9477471887850625,39,98.25632534666657,4.6010018947939875,33.25258963766852
6,366,254.39014347852986,327.35801227974343,17,17,3.900266296087569,0.0027369666225095513,0.9794160837042912,39,132.99099141678698,2.798726680827983,35.254676552062584,15,11,3.3713545667820672,0.07136836991082958,0.9649676762681207,39,103.70348409333415,4.264138430354883,33.84002394403647
6,367,254.39014347852986,327.35801227974343,17,17,3.900266296087569,0.0027369666225095513,0.9794160837042912,39,132.99099141678698,2.798726680827983,35.254676552062584,15,11,3.3713545667820672,0.07136836991082958,0.9649676762681207,39,103.70348409333415,4.264138430354883,33.84002394403647
6,368,254.39014347852986,327.35801227974343,17,17,3.900266296087569,0.0027369666225095513,0.9794160837042912,39,132.99099141678698,2.798726680827983,35.254676552062584,15,11,3.3713545667820672,0.07136836991082958,0.9649676762681207,39,103.70348409333415,4.264138430354883,33.84002394403647
6,369,254.39014347852986,327.35801227974343,17,17,3.900266296087569,0.0027369666225095513,0.9794160837042912,39,132.99099141678698,2.798726680827983,35.254676552062584,15,11,3.3713545667820672,0.07136836991082958,0.9649676762681207,39,103.70348409333415,4.264138430354883,33.84002394403647
6,370,254.39014347852986,334.2614550643319,17,17,3.900266296087569,0.0027369666225095513,0.9794160837042912,39,132.99099141678698,2.798726680827983,35.254676552062584,15,11,3.3713545667820672,0.07136836991082958,0.9649676762681207,39,103.70348409333415,4.264138430354883,33.84002394403647
6,371,249.47456330918004,334.2614550643319,16,17,3.433186493878433,0.008451634025269494,0.9669413456178884,40,136.2872904914193,2.81327130071337,36.22217444767698,15,10,2.9019508805133394,0.05794006930729064,0.9381269713243644,40,103.84475054195602,3.3458864516586866,34.493669168220215
6,372,249.47456330918004,334.2614550643319,16,17,3.433186493878433,0.008451634025269494,0.9669413456178884,40,136.2872904914193,2.81327130071337,36.22217444767698,15,10,2.9019508805133394,0.05794006930729064,0.9381269713243644,40,103.84475054195602,3.3458864516586866,34.493669168220215
6,373,249.47456330918004,334.2614550643319,16,17,3.433186493878433,0.008451634025269494,0.9669413456178884,40,136.2872904914193,2.81327130071337,36.22217444767698,15,10,2.9019508805133394,0.05794006930729064,0.9381269713243644,40,103.84475054195602,3.3458864516586866,34.493669168220215
6,374,249.47456330918004,334.2614550643319,16,17,3.433186493878433,0.008451634025269494,0.9669413456178884,40,136.2872904914193,2.81327130071337,36.22217444767698,15,10,2.9019508805133394,0.05794006930729064,0.9381269713243644,40,103.84475054195602,3.3458864516586866,34.493669168220215
6,375,249.47456330918004,334.2614550643319,16,17,3.433186493878433,0.008451634025269494,0.9669413456178884,40,136.2872904914193,2.81327130071337,36.22217444767698,15,10,2.9019508805133394,0.05794006930729064,0.9381269713243644,40,103.84475054195602,3.3458864516586866,34.493669168220215
6,376,245.85022990314346,334.2614550643319,16,17,3.4305030745772576,0.008451388614580205,0.9668432816075799,40,136.27657961185156,2.8131053274393203,36.21419521126892,15,10,2.8708597947475982,0.057450151861148845,0.9373932564789782,40,105.59093348823528,3.3360899439996547,34.798010867014526
6,377,245.85022990314346,334.2614550643319,16,17,3.4305030745772576,0.008451388614580205,0.9668432816075799,40,136.27657961185156,2.8131053274393203,36.21419521126892,15,10,2.8708597947475982,0.057450151861148845,0.9373932564789782,40,105.59093348823528,3.3360899439996547,34.798010867014526
6,378,245.85022990314346,334.2614550643319,16,17,3.4305030745772576,0.008451388614580205,0.9668432816075799,40,136.27657961185156,2.8131053274393203,36.21419521126892,15,10,2.8708597947475982,0.057450151861148845,0.9373932564789782,40,105.59093348823528,3.3360899439996547,34.798010867014526
6,379,245.85022990314346,334.2614550643319,16,17,3.4305030745772576,0.008451388614580205,0.9668432816075799,40,136.27657961185156,2.8131053274393203,36.21419521126892,15,10,2.8708597947475982,0.057450151861148845,0.9373932564789782,40,105.59093348823528,3.3360899439996547,34.798010867014526
6,380,245.85022990314346,341.4900173048978,16,17,3.4305030745772576,0.008451388614580205,0.9668432816075799,40,136.27657961185156,2.8131053274393203,36.21419521126892,15,10,2.8708597947475982,0.057450151861148845,0.9373932564789782,40,105.59093348823528,3.3360899439996547,34.798010867014526
6,381,240.39237125942924,341.4900173048978,16,16,4.169765595586831,0.012605866107944674,0.9831313726271961,41,140.66175082611315,2.8263810076746303,37.203434036816276,14,10,2.9239350230834327,0.037892260371754936,0.94246615982308,41,109.2332059944301,3.3545064403048257,35.8133023168149
6,382,240.39237125942924,341.4900173048978,16,16,4.169765595586831,0.012605866107944674,0.9831313726271961,41,140.66175082611315,2.8263810076746303,37.203434036816276,14,10,2.9239350230834327,0.037892260371754936,0.94246615982308,41,109.2332059944301,3.3545064403048257,35.8133023168149
6,383,240.39237125942924,341.4900173048978,16,16,4.169765595586831,0.012605866107944674,0.9831313726271961,41,140.66175082611315,2.8263810076746303,37.203434036816276,14,10,2.9239350230834327,0.037892260371754936,0.94246615982308,41,109.2332059944301,3.3545064403048257,35.8133023168149
6,384,240.39237125942924,341.4900173048978,16,16,4.169765595586831,0.012605866107944674,0.9831313726271961,41,140.66175082611315,2.8263810076746303,37.203434036816276,14,10,2.9239350230834327,0.037892260371754936,0.94246615982308,41,109.2332059944301,3.3545064403048257,35.8133023168149
6,385,240.39237125942924,341.4900173048978,16,16,4.169765595586831,0.012605866107944674,0.9831313726271961,41,140.66175082611315,2.8263810076746303,37.203434036816276,14,10,2.9239350230834327,0.037892260371754936,0.94246615982308,41,109.2332059944301,3.3545064403048257,35.8133023168149
6,386,239.29749008801176,341.4900173048978,16,16,4.168821887821051,0.012608912880707313,0.9831135538502404,41,141.56563058264632,2.731712001006917,37.20150010384635,14,10,2.9016705267407326,0.04594571381653082,0.9400473522434728,41,109.60491328726759,4.036451799181705,35.848777704583405
6,387,239.29749008801176,341.4900173048978,16,16,4.168821887821051,0.012608912880707313,0.9831135538502404,41,141.56563058264632,2.731712001006917,37.20150010384635,14,10,2.9016705267407326,0.04594571381653082,0.9400473522434728,41,109.60491328726759,4.036451799181705,35.848777704583405
6,388,239.29749008801176,341.4900173048978,16,16,4.168821887821051,0.012608912880707313,0.9831135538502404,41,141.56563058264632,2.731712001006917,37.20150010384635,14,10,2.9016705267407326,0.04594571381653082,0.9400473522434728,41,109.60491328726759,4.036451799181705,35.848777704583405
6,389,239.29749008801176,341.4900173048978,16,16,4.168821887821051,0.012608912880707313,0.9831135538502404,41,141.56563058264632,2.731712001006917,37.20150010384635,14,10,2.9016705267407326,0.04594571381653082,0.9400473522434728,41,109.60491328726759,4.036451799181705,35.848777704583405
6,390,239.29749008801176,348.781061589665,16,16,4.168821887821051,0.012608912880707313,0.9831135538502404,41,141.56563058264632,2.731712001006917,37.20150010384635,14,10,2.9016705267407326,0.04594571381653082,0.9400473522434728,41,109.60491328726759,4.036451799181705,35.848777704583405
6,391,239.26791714591332,348.781061589665,16,15,3.8184936094672843,0.0055810688101169586,0.978412605974588,42,145.83789418360678,2.7101995087580018,38.16334778953643,13,10,2.947699661214005,0.08060369621997583,0.9428913694837813,42,113.06124216820147,4.115295694890983,36.851028700416514
6,392,239.26791714591332,348.781061589665,16,15,3.8184936094672843,0.0055810688101169586,0.978412605974588,42,145.83789418360678,2.7101995087580018,38.16334778953643,13,10,2.947699661214005,0.08060369621997583,0.9428913694837813,42,113.06124216820147,4.115295694890983,36.851028700416514
6,393,239.26791714591332,348.781061589665,16,15,3.8184936094672843,0.0055810688101169586,0.978412605974588,42,145.83789418360678,2.7101995087580018,38.16334778953643,13,10,2.947699661214005,0.08060369621997583,0.9428913694837813,42,113.06124216820147,4.115295694890983,36.851028700416514
6,394,239.26791714591332,348.781061589665,16,15,3.8184936094672843,0.0055810688101169586,0.978412605974588,42,145.83789418360678,2.7101995087580018,38.16334778953643,13,10,2.947699661214005,0.08060369621997583,0.9428913694837813,42,113.06124216820147,4.115295694890983,36.851028700416514
6,395,239.26791714591332,348.781061589665,16,15,3.8184936094672843,0.0055810688101169586,0.978412605974588,42,145.83789418360678,2.7101995087580018,38.16334778953643,13,10,2.947699661214005,0.08060369621997583,0.9428913694837813,42,113.06124216820147,4.115295694890983,36.851028700416514
6,396,238.34975193131783,348.781061589665,16,15,3.7768671347160776,0.006082315290101577,0.9775061810820663,42,135.78181907265468,2.3506947083709897,37.51835723921666,13,10,2.8228515654966273,0.08094759601281536,0.9332276631354892,42,115.35113776303027,4.130285858587839,36.864157642303596
6,397,238.34975193131783,348.781061589665,16,15,3.7768671347160776,0.006082315290101577,0.9775061810820663,42,135.78181907265468,2.3506947083709897,37.51835723921666,13,10,2.8228515654966273,0.08094759601281536,0.9332276631354892,42,115.35113776303027,4.130285858587839,36.864157642303596
6,398,238.34975193131783,348.781061589665,16,15,3.7768671347160776,0.006082315290101577,0.9775061810820663,42,135.78181907265468,2.3506947083709897,37.51835723921666,13,10,2.8228515654966273,0.08094759601281536,0.9332276631354892,42,115.35113776303027,4.130285858587839,36.864157642303596
6,399,238.34975193131783,348.781061589665,16,15,3.7768671347160776,0.006082315290101577,0.9775061810820663,42,135.78181907265468,2.3506947083709897,37.51835723921666,13,10,2.8228515654966273,0.08094759601281536,0.9332276631354892,42,115.35113776303027,4.130285858587839,36.864157642303596
6,400,238.34975193131783,356.23242105545773,16,15,3.7768671347160776,0.006082315290101577,0.9775061810820663,42,135.78181907265468,2.3506947083709897,37.51835723921666,13,10,2.8228515654966273,0.08094759601281536,0.9332276631354892,42,115.35113776303027,4.130285858587839,36.864157642303596
6,401,237.49269660152592,356.23242105545773,17,15,3.089601812809452,0.004497638685557748,0.9539201154055615,43,138.17038455513273,2.1749562408657335,38.13820144184671,13,11,3.8102830037616773,0.14648885556902735,0.9715843158253024,43,119.25259660808395,4.445716829686941,37.80372190998527
6,402,237.49269660152592,356.23242105545773,17,15,3.089601812809452,0.004497638685557748,0.9539201154055615,43,138.17038455513273,2.1749562408657335,38.13820144184671,13,11,3.8102830037616773,0.14648885556902735,0.9715843158253024,43,119.25259660808395,4.445716829686941,37.80372190998527
6,403,237.49269660152592,356.23242105545773,17,15,3.089601812809452,0.004497638685557748,0.9539201154055615,43,138.17038455513273,2.1749562408657335,38.13820144184671,13,11,3.8102830037616773,0.14648885556902735,0.9715843158253024,43,119.25259660808395,4.445716829686941,37.80372190998527
6,404,237.49269660152592,356.23242105545773,17,15,3.089601812809452,0.004497638685557748,0.9539201154055615,43,138.17038455513273,2.1749562408657335,38.13820144184671,13,11,3.8102830037616773,0.14648885556902735,0.9715843158253024,43,119.25259660808395,4.445716829686941,37.80372190998527
6,405,237.49269660152592,356.23242105545773,17,15,3.089601812809452,0.004497638685557748,0.9539201154055615,43,138.17038455513273,2.1749562408657335,38.13820144184671,13,11,3.8102830037616773,0.14648885556902735,0.9715843158253024,43,119.25259660808395,4.445716829686941,37.80372190998527
6,406,236.69973310650687,356.23242105545773,17,15,3.0845241615879515,0.004496543678636648,0.9535877912177289,43,137.2652498079498,2.2180501219109425,38.14809456508967,13,11,3.821977387529229,0.14646934919592317,0.9719896572071843,43,119.74513780057822,4.476101034431931,37.830917479506645
6,407,236.69973310650687,356.23242105545773,17,15,3.0845241615879515,0.004496543678636648,0.9535877912177289,43,137.2652498079498,2.2180501219109425,38.14809456508967,13,11,3.821977387529229,0.14646934919592317,0.9719896572071843,43,119.74513780057822,4.476101034431931,37.830917479506645
6,408,236.69973310650687,356.23242105545773,17,15,3.0845241615879515,0.004496543678636648,0.9535877912177289,43,137.2652498079498,2.2180501219109425,38.14809456508967,13,11,3.821977387529229,0.14646934919592317,0.9719896572071843,43,119.74513780057822,4.476101034431931,37.830917479506645
6,409,236.69973310650687,356.23242105545773,17,15,3.0845241615879515,0.004496543678636648,0.9535877912177289,43,137.2652498079498,2.2180501219109425,38.14809456508967,13,11,3.821977387529229,0.14646934919592317,0.9719896572071843,43,119.74513780057822,4.476101034431931,37.830917479506645
6,410,236.69973310650687,363.88254563680186,17,15,3.0845241615879515,0.004496543678636648,0.9535877912177289,43,137.2652498079498,2.2180501219109425,38.14809456508967,13,11,3.821977387529229,0.14646934919592317,0.9719896572071843,43,119.74513780057822,4.476101034431931,37.830917479506645
6,411,236.60083957116473,363.88254563680186,17,16,4.0980842362595,0.0076886143272788905,0.9817642950879234,44,140.6376008293141,2.204301834569876,39.02942004492778,12,11,3.6873514214670338,0.21350692736895882,0.9629329750811019,44,123.74771413522417,4.688693151392236,38.80941107206491
6,412,236.60083957116473,363.88254563680186,17,16,4.0980842362595,0.0076886143272788905,0.9817642950879234,44,140.6376008293141,2.204301834569876,39.02942004492778,12,11,3.6873514214670338,0.21350692736895882,0.9629329750811019,44,123.74771413522417,4.688693151392236,38.80941107206491
6,413,236.60083957116473,363.88254563680186,17,16,4.0980842362595,0.0076886143272788905,0.9817642950879234,44,140.6376008293141,2.204301834569876,39.02942004492778,12,11,3.6873514214670338,0.21350692736895882,0.9629329750811019,44,123.74771413522417,4.688693151392236,38.80941107206491
6,414,236.60083957116473,363.88254563680186,17,16,4.0980842362595,0.0076886143272788905,0.9817642950879234,44,140.6376008293141,2.204301834569876,39.02942004492778,12,11,3.6873514214670338,0.21350692736895882,0.9629329750811019,44,123.74771413522417,4.688693151392236,38.80941107206491
6,415,236.60083957116473,363.88254563680186,17,16,4.0980842362595,0.0076886143272788905,0.9817642950879234,44,140.6376008293141,2.204301834569876,39.02942004492778,12,11,3.6873514214670338,0.21350692736895882,0.9629329750811019,44,123.74771413522417,4.688693151392236,38.80941107206491
6,416,236.1934563957139,363.88254563680186,17,16,4.145671408095249,0.007667843646436394,0.9825869298095041,44,126.1788088512721,1.9921596589719208,37.995886432379876,12,11,3.7100242942109407,0.21363640019291316,0.9623493793942225,44,124.26550329901265,4.6881320024818,38.79849579073956
6,417,236.1934563957139,363.88254563680186,17,16,4.145671408095249,0.007667843646436394,0.9825869298095041,44,126.1788088512721,1.9921596589719208,37.995886432379876,12,11,3.7100242942109407,0.21363640019291316,0.9623493793942225,44,124.26550329901265,4.6881320024818,38.79849579073956
6,418,236.1934563957139,363.88254563680186,17,16,4.145671408095249,0.007667843646436394,0.9825869298095041,44,126.1788088512721,1.9921596589719208,37.995886432379876,12,11,3.7100242942109407,0.21363640019291316,0.9623493793942225,44,124.26550329901265,4.6881320024818,38.79849579073956
6,419,236.1934563957139,363.88254563680186,17,16,4.145671408095249,0.007667843646436394,0.9825869298095041,44,126.1788088512721,1.9921596589719208,37.995886432379876,12,11,3.7100242942109407,0.21363640019291316,0.9623493793942225,44,124.26550329901265,4.6881320024818,38.79849579073956
6,420,236.1934563957139,371.64952014072287,17,16,4.145671408095249,0.007667843646436394,0.9825869298095041,44,126.1788088512721,1.9921596589719208,37.995886432379876,12,11,3.7100242942109407,0.21363640019291316,0.9623493793942225,44,124.26550329901265,4.6881320024818,38.79849579073956
6,421,235.03537712187102,371.64952014072287,18,16,3.1361199935240855,0.015082045651038323,0.9527832998143074,45,129.5553641148715,2.1682262617508106,39.100000307750776,12,12,4.01490972551068,0.248344047368129,0.9556338638768676,45,128.50088919194133,4.926283093520434,39.738485869663926
6,422,235.03537712187102,371.64952014072287,18,16,3.1361199935240855,0.015082045651038323,0.9527832998143074,45,129.5553641148715,2.1682262617508106,39.100000307750776,12,12,4.01490972551068,0.248344047368129,0.9556338638768676,45,128.50088919194133,4.926283093520434,39.738485869663926
6,423,235.03537712187102,371.64952014072287,18,16,3.1361199935240855,0.015082045651038323,0.9527832998143074,45,129.5553641148715,2.1682262617508106,39.100000307750776,12,12,4.01490972551068,0.248344047368129,0.9556338638768676,45,128.50088919194133,4.926283093520434,39.738485869663926
6,424,235.03537712187102,371.64952014072287,18,16,3.1361199935240855,0.015082045651038323,0.9527832998143074,45,129.5553641148715,2.1682262617508106,39.100000307750776,12,12,4.01490972551068,0.248344047368129,0.9556338638768676,45,128.50088919194133,4.926283093520434,39.738485869663926
6,425,235.03537712187102,371.64952014072287,18,16,3.1361199935240855,0.015082045651038323,0.9527832998143074,45,129.5553641148715,2.1682262617508106,39.100000307750776,12,12,4.01490972551068,0.248344047368129,0.9556338638768676,45,128.50088919194133,4.926283093520434,39.738485869663926
6,426,234.95449717108923,371.64952014072287,18,16,3.116529505374359,0.015072454209533145,0.9522000735361179,45,130.63465636964784,2.1634568407384904,39.25972565867045,12,12,4.018757574702037,0.24830594998543862,0.9579625828736366,45,128.87891035052434,4.9248225808564845,39.74953244707377
6,427,234.95449717108923,371.64952014072287,18,16,3.116529505374359,0.015072454209533145,0.9522000735361179,45,130.63465636964784,2.1634568407384904,39.25972565867045,12,12,4.018757574702037,0.24830594998543862,0.9579625828736366,45,128.87891035052434,4.9248225808564845,39.74953244707377
6,428,234.95449717108923,371.64952014072287,18,16,3.116529505374359,0.015072454209533145,0.9522000735361179,45,130.63465636964784,2.1634568407384904,39.25972565867045,12,12,4.018757574702037,0.24830594998543862,0.9579625828736366,45,128.87891035052434,4.9248225808564845,39.74953244707377
6,429,234.95449717108923,371.64952014072287,18,16,3.116529505374359,0.015072454209533145,0.9522000735361179,45,130.63465636964784,2.1634568407384904,39.25972565867045,12,12,4.018757574702037,0.24830594998543862,0.9579625828736366,45,128.87891035052434,4.9248225808564845,39.74953244707377
6,430,234.95449717108923,379.7391938416696,18,16,3.116529505374359,0.015072454209533145,0.9522000735361179,45,130.63465636964784,2.1634568407384904,39.25972565867045,12,12,4.018757574702037,0.24830594998543862,0.9579625828736366,45,128.87891035052434,4.9248225808564845,39.74953244707377
6,431,233.84339856536053,379.7391938416696,18,15,2.3951728830801975,0.018650658663423785,0.9012195805228926,46,133.9832715012198,2.178233823279453,40.27133546121221,12,13,3.0488862747382126,0.2613822241287094,0.9381559008496115,46,132.54950809651962,5.183073279993631,40.83982746335578
6,432,233.84339856536053,379.7391938416696,18,15,2.3951728830801975,0.018650658663423785,0.9012195805228926,46,133.9832715012198,2.178233823279453,40.27133546121221,12,13,3.0488862747382126,0.2613822241287094,0.9381559008496115,46,132.54950809651962,5.183073279993631,40.83982746335578
6,433,233.84339856536053,379.7391938416696,18,15,2.3951728830801975,0.018650658663423785,0.9012195805228926,46,133.9832715012198,2.178233823279453,40.27133546121221,12,13,3.0488862747382126,0.2613822241287094,0.9381559008496115,46,132.54950809651962,5.183073279993631,40.83982746335578
6,434,233.84339856536053,379.7391938416696,18,15,2.3951728830801975,0.018650658663423785,0.9012195805228926,46,133.9832715012198,2.178233823279453,40.27133546121221,12,13,3.0488862747382126,0.2613822241287094,0.9381559008496115,46,132.54950809651962,5.183073279993631,40.83982746335578
6,435,233.84339856536053,379.7391938416696,18,15,2.3951728830801975,0.018650658663423785,0.9012195805228926,46,133.9832715012198,2.178233823279453,40.27133546121221,12,13,3.0488862747382126,0.2613822241287094,0.9381559008496115,46,132.54950809651962,5.183073279993631,40.83982746335578
6,436,232.745890016266,379.7391938416696,18,15,2.3854185270569204,0.018643587602047984,0.8999131573234256,46,133.955693253549,2.1587633940251063,40.26124984108079,12,13,3.0526929436633186,0.261377405653163,0.9383443313732025,46,132.81835103708391,5.181965219339447,40.845622962619935
6,437,232.745890016266,379.7391938416696,18,15,2.3854185270569204,0.018643587602047984,0.8999131573234256,46,133.955693253549,2.1587633940251063,40.26124984108079,12,13,3.0526929436633186,0.261377405653163,0.9383443313732025,46,132.81835103708391,5.181965219339447,40.845622962619935
6,438,232.745890016266,379.7391938416696,18,15,2.3854185270569204,0.018643587602047984,0.8999131573234256,46,133.955693253549,2.1587633940251063,40.26124984108079,12,13,3.0526929436633186,0.261377405653163,0.9383443313732025,46,132.81835103708391,5.181965219339447,40.845622962619935
6,439,232.745890016266,379.7391938416696,18,15,2.3854185270569204,0.018643587602047984,0.8999131573234256,46,133.955693253549,2.1587633940251063,40.26124984108079,12,13,3.0526929436633186,0.261377405653163,0.9383443313732025,46,132.81835103708391,5.181965219339447,40.845622962619935
6,440,232.745890016266,387.7762137120848,18,15,2.3854185270569204,0.018643587602047984,0.8999131573234256,46,133.955693253549,2.1587633940251063,40.26124984108079,12,13,3.0526929436633186,0.261377405653163,0.9383443313732025,46,132.81835103708391,5.181965219339447,40.845622962619935
6,441,232.6730452438424,387.7762137120848,18,14,1.8685938243268332,0.03596468891324256,0.8099997720353648,47,135.11803522337655,2.191728600752835,40.971636851687485,11,13,2.88081189182788,0.30366836527878294,0.9127441726220824,47,135.9495278977585,5.484619831669819,41.76899575264228
6,442,232.6730452438424,387.7762137120848,18,14,1.8685938243268332,0.03596468891324256,0.8099997720353648,47,135.11803522337655,2.191728600752835,40.971636851687485,11,13,2.88081189182788,0.30366836527878294,0.9127441726220824,47,135.9495278977585,5.484619831669819,41.76899575264228
6,443,232.6730452438424,387.7762137120848,18,14,1.8685938243268332,0.03596468891324256,0.8099997720353648,47,135.11803522337655,2.191728600752835,40.971636851687485,11,13,2.88081189182788,0.30366836527878294,0.9127441726220824,47,135.9495278977585,5.484619831669819,41.76899575264228
6,444,232.6730452438424,387.7762137120848,18,14,1.8685938243268332,0.03596468891324256,0.8099997720353648,47,135.11803522337655,2.191728600752835,40.971636851687485,11,13,2.88081189182788,0.30366836527878294,0.9127441726220824,47,135.9495278977585,5.484619831669819,41.76899575264228
6,445,232.6730452438424,387.7762137120848,18,14,1.8685938243268332,0.03596468891324256,0.8099997720353648,47,135.11803522337655,2.191728600752835,40.971636851687485,11,13,2.88081189182788,0.30366836527878294,0.9127441726220824,47,135.9495278977585,5.484619831669819,41.76899575264228
6,446,232.61757396805314,387.7762137120848,18,14,1.853539098872113,0.03595845338442424,0.8064534659519548,47,135.27506787905196,2.2153560968959103,40.991863505995084,11,13,2.8692289094322754,0.30365379032380524,0.9111717284186062,47,135.7324616764425,5.483499262821529,41.74591814794281
6,447,232.61757396805314,387.7762137120848,18,14,1.853539098872113,0.03595845338442424,0.8064534659519548,47,135.27506787905196,2.2153560968959103,40.991863505995084,11,13,2.8692289094322754,0.30365379032380524,0.9111717284186062,47,135.7324616764425,5.483499262821529,41.74591814794281
6,448,232.61757396805314,387.7762137120848,18,14,1.853539098872113,0.03595845338442424,0.8064534659519548,47,135.27506787905196,2.2153560968959103,40.991863505995084,11,13,2.8692289094322754,0.30365379032380524,0.9111717284186062,47,135.7324616764425,5.483499262821529,41.74591814794281
6,449,232.61757396805314,387.7762137120848,18,14,1.853539098872113,0.03595845338442424,0.8064534659519548,47,135.27506787905196,2.2153560968959103,40.991863505995084,11,13,2.8692289094322754,0.30365379032380524,0.9111717284186062,47,135.7324616764425,5.483499262821529,41.74591814794281
6,450,232.61757396805314,394.8515728098168,18,14,1.853539098872113,0.03595845338442424,0.8064534659519548,47,135.27506787905196,2.2153560968959103,40.991863505995084,11,13,2.8692289094322754,0.30365379032380524,0.9111717284186062,47,135.7324616764425,5.483499262821529,41.74591814794281
6,451,232.44371167080175,394.8515728098168,19,14,1.1913277641037017,0.05544230113088781,0.7292861314747,48,136.54854829886438,2.2699832314041517,41.73425553217803,11,12,3.1626041000376204,0.26978330141330076,0.9322641393302592,48,138.8675543776629,5.752502332633711,42.678348711661194
6,452,232.44371167080175,394.8515728098168,19,14,1.1913277641037017,0.05544230113088781,0.7292861314747,48,136.54854829886438,2.2699832314041517,41.73425553217803,11,12,3.1626041000376204,0.26978330141330076,0.9322641393302592,48,138.8675543776629,5.752502332633711,42.678348711661194
6,453,232.44371167080175,394.8515728098168,19,14,1.1913277641037017,0.05544230113088781,0.7292861314747,48,136.54854829886438,2.2699832314041517,41.73425553217803,11,12,3.1626041000376204,0.26978330141330076,0.9322641393302592,48,138.8675543776629,5.752502332633711,42.678348711661194
6,454,232.44371167080175,394.8515728098168,19,14,1.1913277641037017,0.05544230113088781,0.7292861314747,48,136.54854829886438,2.2699832314041517,41.73425553217803,11,12,3.1626041000376204,0.26978330141330076,0.9322641393302592,48,138.8675543776629,5.752502332633711,42.678348711661194
6,455,232.44371167080175,394.8515728098168,19,14,1.1913277641037017,0.05544230113088781,0.7292861314747,48,136.54854829886438,2.2699832314041517,41.73425553217803,11,12,3.1626041000376204,0.26978330141330076,0.9322641393302592,48,138.8675543776629,5.752502332633711,42.678348711661194
6,456,232.10027886091194,394.8515728098168,19,14,1.1819328720527669,0.055434364184777575,0.7270535848958767,48,136.6562861492865,2.2766230917915466,41.74883946240787,11,12,3.161251474052323,0.269646606705103,0.9319074650316225,48,138.77494486810582,5.751105800089014,42.67355843439279
6,457,232.10027886091194,394.8515728098168,19,14,1.1819328720527669,0.055434364184777575,0.7270535848958767,48,136.6562861492865,2.2766230917915466,41.74883946240787,11,12,3.161251474052323,0.269646606705103,0.9319074650316225,48,138.77494486810582,5.751105800089014,42.67355843439279
6,458,232.10027886091194,394.8515728098168,19,14,1.1819328720527669,0.055434364184777575,0.7270535848958767,48,136.6562861492865,2.2766230917915466,41.74883946240787,11,12,3.161251474052323,0.269646606705103,0.9319074650316225,48,138.77494486810582,5.751105800089014,42.67355843439279
6,459,232.10027886091194,394.8515728098168,19,14,1.1819328720527669,0.055434364184777575,0.7270535848958767,48,136.6562861492865,2.2766230917915466,41.74883946240787,11,12,3.161251474052323,0.269646606705103,0.9319074650316225,48,138.77494486810582,5.751105800089014,42.67355843439279
6,460,232.10027886091194,401.3696428161393,19,14,1.1819328720527669,0.055434364184777575,0.7270535848958767,48,136.6562861492865,2.2766230917915466,41.74883946240787,11,12,3.161251474052323,0.269646606705103,0.9319074650316225,48,138.77494486810582,5.751105800089014,42.67355843439279
6,461,232.34409390278023,401.3696428161393,19,13,1.718655837409426,0.03620794191297775,0.8356248154141811,49,138.3644875242336,2.342684273018807,42.57344622501658,11,11,2.703893975048352,0.213483975447023,0.9215571407455617,49,141.66576937445973,5.962716184993872,43.62143156998149
6,462,232.34409390278023,401.3696428161393,19,13,1.718655837409426,0.03620794191297775,0.8356248154141811,49,138.3644875242336,2.342684273018807,42.57344622501658,11,11,2.703893975048352,0.213483975447023,0.9215571407455617,49,141.66576937445973,5.962716184993872,43.62143156998149
6,463,232.34409390278023,401.3696428161393,19,13,1.718655837409426,0.03620794191297775,0.8356248154141811,49,138.3644875242336,2.342684273018807,42.57344622501658,11,11,2.703893975048352,0.213483975447023,0.9215571407455617,49,141.66576937445973,5.962716184993872,43.62143156998149
6,464,232.34409390278023,401.3696428161393,19,13,1.718655837409426,0.03620794191297775,0.8356248154141811,49,138.3644875242336,2.342684273018807,42.57344622501658,11,11,2.703893975048352,0.213483975447023,0.9215571407455617,49,141.66576937445973,5.962716184993872,43.62143156998149
6,465,232.34409390278023,401.3696428161393,19,13,1.718655837409426,0.03620794191297775,0.8356248154141811,49,138.3644875242336,2.342684273018807,42.57344622501658,11,11,2.703893975048352,0.213483975447023,0.9215571407455617,49,141.66576937445973,5.962716184993872,43.62143156998149
6,466,228.73827885764706,401.3696428161393,19,13,1.7158227162241009,0.036196844143011685,0.8351157669658585,49,138.4660838043659,2.3741954830010057,42.58317338204264,11,11,2.799623488902706,0.2166780229657296,0.9259603654231056,49,143.0832651314743,5.982137128350593,43.73365899215628
6,467,228.73827885764706,401.3696428161393,19,13,1.7158227162241009,0.036196844143011685,0.8351157669658585,49,138.4660838043659,2.3741954830010057,42.58317338204264,11,11,2.799623488902706,0.2166780229657296,0.9259603654231056,49,143.0832651314743,5.982137128350593,43.73365899215628
6,468,228.73827885764706,401.3696428161393,19,13,1.7158227162241009,0.036196844143011685,0.8351157669658585,49,138.4660838043659,2.3741954830010057,42.58317338204264,11,11,2.799623488902706,0.2166780229657296,0.9259603654231056,49,143.0832651314743,5.982137128350593,43.73365899215628
6,469,228.73827885764706,401.3696428161393,19,13,1.7158227162241009,0.036196844143011685,0.8351157669658585,49,138.4660838043659,2.3741954830010057,42.58317338204264,11,11,2.799623488902706,0.2166780229657296,0.9259603654231056,49,143.0832651314743,5.982137128350593,43.73365899215628
6,470,228.73827885764706,406.9146099577676,19,13,1.7158227162241009,0.036196844143011685,0.8351157669658585,49,138.4660838043659,2.3741954830010057,42.58317338204264,11,11,2.799623488902706,0.2166780229657296,0.9259603654231056,49,143.0832651314743,5.982137128350593,43.73365899215628
6,471,227.9286777941477,406.9146099577676,19,12,2.1590689022412906,0.01345011431939406,0.8948816636268467,50,140.88020249965882,2.409720874039574,43.4982347758067,11,10,1.8357559730506097,0.17502317877086448,0.724048122701585,50,145.08250930366745,6.151982134894742,44.467393419508994
6,472,227.9286777941477,406.9146099577676,19,12,2.1590689022412906,0.01345011431939406,0.8948816636268467,50,140.88020249965882,2.409720874039574,43.4982347758067,11,10,1.8357559730506097,0.17502317877086448,0.724048122701585,50,145.08250930366745,6.151982134894742,44.467393419508994
6,473,227.9286777941477,406.9146099577676,19,12,2.1590689022412906,0.01345011431939406,0.8948816636268467,50,140.88020249965882,2.409720874039574,43.4982347758067,11,10,1.8357559730506097,0.17502317877086448,0.724048122701585,50,145.08250930366745,6.151982134894742,44.467393419508994
6,474,227.9286777941477,406.9146099577676,19,12,2.1590689022412906,0.01345011431939406,0.8948816636268467,50,140.88020249965882,2.409720874039574,43.4982347758067,11,10,1.8357559730506097,0.17502317877086448,0.724048122701585,50,145.08250930366745,6.151982134894742,44.467393419508994
6,475,227.9286777941477,406.9146099577676,19,12,2.1590689022412906,0.01345011431939406,0.8948816636268467,50,140.88020249965882,2.409720874039574,43.4982347758067,11,10,1.8357559730506097,0.17502317877086448,0.724048122701585,50,145.08250930366745,6.151982134894742,44.467393419508994
6,476,226.88128714575936,406.9146099577676,19,12,2.1612853335792113,0.0134465989255792,0.8950894793665686,50,141.2436842567695,2.4059880751689975,43.53723103038935,11,10,1.886695908023243,0.18482282624260749,0.7202512637299049,50,145.3972598914401,6.213055486700589,44.45721718233564
6,477,226.88128714575936,406.9146099577676,19,12,2.1612853335792113,0.0134465989255792,0.8950894793665686,50,141.2436842567695,2.4059880751689975,43.53723103038935,11,10,1.886695908023243,0.18482282624260749,0.7202512637299049,50,145.3972598914401,6.213055486700589,44.45721718233564
6,478,226.88128714575936,406.9146099577676,19,12,2.1612853335792113,0.0134465989255792,0.8950894793665686,50,141.2436842567695,2.4059880751689975,43.53723103038935,11,10,1.886695908023243,0.18482282624260749,0.7202512637299049,50,145.3972598914401,6.213055486700589,44.45721718233564
6,479,226.88128714575936,406.9146099577676,19,12,2.1612853335792113,0.0134465989255792,0.8950894793665686,50,141.2436842567695,2.4059880751689975,43.53723103038935,11,10,1.886695908023243,0.18482282624260749,0.7202512637299049,50,145.3972598914401,6.213055486700589,44.45721718233564
6,480,226.88128714575936,412.4062713672038,19,12,2.1612853335792113,0.0134465989255792,0.8950894793665686,50,141.2436842567695,2.4059880751689975,43.53723103038935,11,10,1.886695908023243,0.18482282624260749,0.7202512637299049,50,145.3972598914401,6.213055486700589,44.45721718233564
6,481,225.8392825395351,412.4062713672038,19,11,2.194765650313505,0.016358765402298858,0.8975444816050349,51,144.33053194497117,2.434596042711513,44.598527628561655,12,10,2.6998725034856066,0.17478382533132467,0.8874643757689898,51,148.3567043024766,6.389670597984005,45.51939284072784
6,482,225.8392825395351,412.4062713672038,19,11,2.194765650313505,0.016358765402298858,0.8975444816050349,51,144.33053194497117,2.434596042711513,44.598527628561655,12,10,2.6998725034856066,0.17478382533132467,0.8874643757689898,51,148.3567043024766,6.389670597984005,45.51939284072784
6,483,225.8392825395351,412.4062713672038,19,11,2.194765650313505,0.016358765402298858,0.8975444816050349,51,144.33053194497117,2.434596042711513,44.598527628561655,12,10,2.6998725034856066,0.17478382533132467,0.8874643757689898,51,148.3567043024766,6.389670597984005,45.51939284072784
6,484,225.8392825395351,412.4062713672038,19,11,2.194765650313505,0.016358765402298858,0.8975444816050349,51,144.33053194497117,2.434596042711513,44.598527628561655,12,10,2.6998725034856066,0.17478382533132467,0.8874643757689898,51,148.3567043024766,6.389670597984005,45.51939284072784
6,485,225.8392825395351,412.4062713672038,19,11,2.194765650313505,0.016358765402298858,0.8975444816050349,51,144.33053194497117,2.434596042711513,44.598527628561655,12,10,2.6998725034856066,0.17478382533132467,0.8874643757689898,51,148.3567043024766,6.389670597984005,45.51939284072784
6,486,225.4066376203087,412.4062713672038,19,11,2.19643546241018,0.016356535550798152,0.8977272440869366,51,144.29364531293712,2.4340224142878943,44.569369119841696,12,10,2.671008482841497,0.17447560749825053,0.8794886358664068,51,145.91747160156078,6.377997611237718,45.26239657630753
6,487,225.4066376203087,412.4062713672038,19,11,2.19643546241018,0.016356535550798152,0.8977272440869366,51,144.29364531293712,2.4340224142878943,44.569369119841696,12,10,2.671008482841497,0.17447560749825053,0.8794886358664068,51,145.91747160156078,6.377997611237718,45.26239657630753
6,488,225.4066376203087,412.4062713672038,19,11,2.19643546241018,0.016356535550798152,0.8977272440869366,51,144.29364531293712,2.4340224142878943,44.569369119841696,12,10,2.671008482841497,0.17447560749825053,0.8794886358664068,51,145.91747160156078,6.377997611237718,45.26239657630753
6,489,225.4066376203087,412.4062713672038,19,11,2.19643546241018,0.016356535550798152,0.8977272440869366,51,144.29364531293712,2.4340224142878943,44.569369119841696,12,10,2.671008482841497,0.17447560749825053,0.8794886358664068,51,145.91747160156078,6.377997611237718,45.26239657630753
6,490,225.4066376203087,417.4887155180696,19,11,2.19643546241018,0.016356535550798152,0.8977272440869366,51,144.29364531293712,2.4340224142878943,44.569369119841696,12,10,2.671008482841497,0.17447560749825053,0.8794886358664068,51,145.91747160156078,6.377997611237718,45.26239657630753
6,491,224.21885039978162,417.4887155180696,18,11,2.497206923740183,0.03129857785116289,0.91791008962613,52,147.8116768054505,2.463458574614656,45.60107268301922,12,9,2.5338607148076466,0.1190541138958564,0.9106901582822445,52,149.11195942418442,6.149950355105009,45.99002023656816
6,492,224.21885039978162,417.4887155180696,18,11,2.497206923740183,0.03129857785116289,0.91791008962613,52,147.8116768054505,2.463458574614656,45.60107268301922,12,9,2.5338607148076466,0.1190541138958564,0.9106901582822445,52,149.11195942418442,6.149950355105009,45.99002023656816
6,493,224.21885039978162,417.4887155180696,18,11,2.497206923740183,0.03129857785116289,0.91791008962613,52,147.8116768054505,2.463458574614656,45.60107268301922,12,9,2.5338607148076466,0.1190541138958564,0.9106901582822445,52,149.11195942418442,6.149950355105009,45.99002023656816
6,494,224.21885039978162,417.4887155180696,18,11,2.497206923740183,0.03129857785116289,0.91791008962613,52,147.8116768054505,2.463458574614656,45.60107268301922,12,9,2.5338607148076466,0.1190541138958564,0.9106901582822445,52,149.11195942418442,6.149950355105009,45.99002023656816
6,495,224.21885039978162,417.4887155180696,18,11,2.497206923740183,0.03129857785116289,0.91791008962613,52,147.8116768054505,2.463458574614656,45.60107268301922,12,9,2.5338607148076466,0.1190541138958564,0.9106901582822445,52,149.11195942418442,6.149950355105009,45.99002023656816
6,496,223.88779941718042,417.4887155180696,18,11,2.426560565736459,0.03307240844207893,0.9092720288081217,52,147.97587023534288,2.4657364043117793,45.62713411960552,12,9,1.8968725985264563,0.07856156878792493,0.7777977813866147,52,146.3452295827268,6.227278955225758,45.63553104695398
6,497,223.88779941718042,417.4887155180696,18,11,2.426560565736459,0.03307240844207893,0.9092720288081217,52,147.97587023534288,2.4657364043117793,45.62713411960552,12,9,1.8968725985264563,0.07856156878792493,0.7777977813866147,52,146.3452295827268,6.227278955225758,45.63553104695398
6,498,223.88779941718042,417.4887155180696,18,11,2.426560565736459,0.03307240844207893,0.9092720288081217,52,147.97587023534288,2.4657364043117793,45.62713411960552,12,9,1.8968725985264563,0.07856156878792493,0.7777977813866147,52,146.3452295827268,6.227278955225758,45.63553104695398
6,499,223.88779941718042,417.4887155180696,18,11,2.426560565736459,0.03307240844207893,0.9092720288081217,52,147.97587023534288,2.4657364043117793,45.62713411960552,12,9,1.8968725985264563,0.07856156878792493,0.7777977813866147,52,146.3452295827268,6.227278955225758,45.63553104695398
6,500,223.88779941718042,423.00702408465884,18,11,2.426560565736459,0.03307240844207893,0.9092720288081217,52,147.97587023534288,2.4657364043117793,45.62713411960552,12,9,1.8968725985264563,0.07856156878792493,0.7777977813866147,52,146.3452295827268,6.227278955225758,45.63553104695398
6,501,223.17595147549065,423.00702408465884,17,11,2.538736140890591,0.08011478318379835,0.9179137483947573,53,150.47584231140564,2.5697094849098394,46.56150471479434,11,9,2.468637499941623,0.03578839803116066,0.9069527082171587,53,148.47930401315077,6.260905125708722,46.560188134116544
6,502,223.17595147549065,423.00702408465884,17,11,2.538736140890591,0.08011478318379835,0.9179137483947573,53,150.47584231140564,2.5697094849098394,46.56150471479434,11,9,2.468637499941623,0.03578839803116066,0.9069527082171587,53,148.47930401315077,6.260905125708722,46.560188134116544
6,503,223.17595147549065,423.00702408465884,17,11,2.538736140890591,0.08011478318379835,0.9179137483947573,53,150.47584231140564,2.5697094849098394,46.56150471479434,11,9,2.468637499941623,0.03578839803116066,0.9069527082171587,53,148.47930401315077,6.260905125708722,46.560188134116544
6,504,223.17595147549065,423.00702408465884,17,11,2.538736140890591,0.08011478318379835,0.9179137483947573,53,150.47584231140564,2.5697094849098394,46.56150471479434,11,9,2.468637499941623,0.03578839803116066,0.9069527082171587,53,148.47930401315077,6.260905125708722,46.560188134116544
6,505,223.17595147549065,423.00702408465884,17,11,2.538736140890591,0.08011478318379835,0.9179137483947573,53,150.47584231140564,2.5697094849098394,46.56150471479434,11,9,2.468637499941623,0.03578839803116066,0.9069527082171587,53,148.47930401315077,6.260905125708722,46.560188134116544
6,506,222.74194690088024,423.00702408465884,17,11,2.5324480668142333,0.08011952315122532,0.9173650408304356,53,150.88293742780158,2.568849795170607,46.61725173509432,11,9,2.4050872300579775,0.035138936055720306,0.896837820650899,53,148.5220355540795,6.2585087460537805,46.56675480788544
6,507,222.74194690088024,423.00702408465884,17,11,2.5324480668142333,0.08011952315122532,0.9173650408304356,53,150.88293742780158,2.568849795170607,46.61725173509432,11,9,2.4050872300579775,0.035138936055720306,0.896837820650899,53,148.5220355540795,6.2585087460537805,46.56675480788544
6,508,222.74194690088024,423.00702408465884,17,11,2.5324480668142333,0.08011952315122532,0.9173650408304356,53,150.88293742780158,2.568849795170607,46.61725173509432,11,9,2.4050872300579775,0.035138936055720306,0.896837820650899,53,148.5220355540795,6.2585087460537805,46.56675480788544
6,509,222.74194690088024,423.00702408465884,17,11,2.5324480668142333,0.08011952315122532,0.9173650408304356,53,150.88293742780158,2.568849795170607,46.61725173509432,11,9,2.4050872300579775,0.035138936055720306,0.896837820650899,53,148.5220355540795,6.2585087460537805,46.56675480788544
6,510,222.74194690088024,428.8855458305351,17,11,2.5324480668142333,0.08011952315122532,0.9173650408304356,53,150.88293742780158,2.568849795170607,46.61725173509432,11,9,2.4050872300579775,0.035138936055720306,0.896837820650899,53,148.5220355540795,6.2585087460537805,46.56675480788544
6,511,220.7365083357546,428.8855458305351,16,11,3.0882078379832194,0.16293480430175145,0.9507882036827153,54,154.2072186906371,2.819568123259908,47.58267891784812,10,9,3.286987605968362,0.008075461596861677,0.9627501830959275,54,151.44530045532233,6.6366146709152325,47.53210461922346
6,512,220.7365083357546,428.8855458305351,16,11,3.0882078379832194,0.16293480430175145,0.9507882036827153,54,154.2072186906371,2.819568123259908,47.58267891784812,10,9,3.286987605968362,0.008075461596861677,0.9627501830959275,54,151.44530045532233,6.6366146709152325,47.53210461922346
6,513,220.7365083357546,428.8855458305351,16,11,3.0882078379832194,0.16293480430175145,0.9507882036827153,54,154.2072186906371,2.819568123259908,47.58267891784812,10,9,3.286987605968362,0.008075461596861677,0.9627501830959275,54,151.44530045532233,6.6366146709152325,47.53210461922346
6,514,220.7365083357546,428.8855458305351,16,11,3.0882078379832194,0.16293480430175145,0.9507882036827153,54,154.2072186906371,2.819568123259908,47.58267891784812,10,9,3.286987605968362,0.008075461596861677,0.9627501830959275,54,151.44530045532233,6.6366146709152325,47.53210461922346
6,515,220.7365083357546,428.8855458305351,16,11,3.0882078379832194,0.16293480430175145,0.9507882036827153,54,154.2072186906371,2.819568123259908,47.58267891784812,10,9,3.286987605968362,0.008075461596861677,0.9627501830959275,54,151.44530045532233,6.6366146709152325,47.53210461922346
6,516,219.9749366889793,428.8855458305351,16,11,3.1112046108175946,0.1629421587711208,0.9521054979307237,54,153.4059562334632,2.816685363416892,47.44767996595848,10,9,3.302286035918152,0.008207622492259295,0.9632308480584578,54,150.16618588855508,6.623185164129165,47.343656697966914
6,517,219.9749366889793,428.8855458305351,16,11,3.1112046108175946,0.1629421587711208,0.9521054979307237,54,153.4059562334632,2.816685363416892,47.44767996595848,10,9,3.302286035918152,0.008207622492259295,0.9632308480584578,54,150.16618588855508,6.623185164129165,47.343656697966914
6,518,219.9749366889793,428.8855458305351,16,11,3.1112046108175946,0.1629421587711208,0.9521054979307237,54,153.4059562334632,2.816685363416892,47.44767996595848,10,9,3.302286035918152,0.008207622492259295,0.9632308480584578,54,150.16618588855508,6.623185164129165,47.343656697966914
6,519,219.9749366889793,428.8855458305351,16,11,3.1112046108175946,0.1629421587711208,0.9521054979307237,54,153.4059562334632,2.816685363416892,47.44767996595848,10,9,3.302286035918152,0.008207622492259295,0.9632308480584578,54,150.16618588855508,6.623185164129165,47.343656697966914
6,520,219.9749366889793,434.27274102374076,16,11,3.1112046108175946,0.1629421587711208,0.9521054979307237,54,153.4059562334632,2.816685363416892,47.44767996595848,10,9,3.302286035918152,0.008207622492259295,0.9632308480584578,54,150.16618588855508,6.623185164129165,47.343656697966914
6,521,221.0845794250196,434.27274102374076,16,10,2.7252136759196226,0.16783476244429982,0.9322454376317886,55,155.02641262242906,2.9833621772910512,48.22674686582086,9,9,3.578988495137882,0.017440849479354315,0.9711406611457928,55,152.80874796972088,6.515701351146223,48.126182734345996
6,522,221.0845794250196,434.27274102374076,16,10,2.7252136759196226,0.16783476244429982,0.9322454376317886,55,155.02641262242906,2.9833621772910512,48.22674686582086,9,9,3.578988495137882,0.017440849479354315,0.9711406611457928,55,152.80874796972088,6.515701351146223,48.126182734345996
6,523,221.0845794250196,434.27274102374076,16,10,2.7252136759196226,0.16783476244429982,0.9322454376317886,55,155.02641262242906,2.9833621772910512,48.22674686582086,9,9,3.578988495137882,0.017440849479354315,0.9711406611457928,55,152.80874796972088,6.515701351146223,48.126182734345996
6,524,221.0845794250196,434.27274102374076,16,10,2.7252136759196226,0.16783476244429982,0.9322454376317886,55,155.02641262242906,2.9833621772910512,48.22674686582086,9,9,3.578988495137882,0.017440849479354315,0.9711406611457928,55,152.80874796972088,6.515701351146223,48.126182734345996
6,525,221.0845794250196,434.27274102374076,16,10,2.7252136759196226,0.16783476244429982,0.9322454376317886,55,155.02641262242906,2.9833621772910512,48.22674686582086,9,9,3.578988495137882,0.017440849479354315,0.9711406611457928,55,152.80874796972088,6.515701351146223,48.126182734345996
6,526,218.40148058782108,434.27274102374076,16,10,2.6286999793459898,0.1676011822322725,0.9240320914946439,55,154.9139459066372,2.982903476813246,48.208390794475186,9,9,3.5436449570597652,0.01787672703088476,0.9698628496358227,55,155.17730983043097,6.277670493599478,48.30437300060517
6,527,218.40148058782108,434.27274102374076,16,10,2.6286999793459898,0.1676011822322725,0.9240320914946439,55,154.9139459066372,2.982903476813246,48.208390794475186,9,9,3.5436449570597652,0.01787672703088476,0.9698628496358227,55,155.17730983043097,6.277670493599478,48.30437300060517
6,528,218.40148058782108,434.27274102374076,16,10,2.6286999793459898,0.1676011822322725,0.9240320914946439,55,154.9139459066372,2.982903476813246,48.208390794475186,9,9,3.5436449570597652,0.01787672703088476,0.9698628496358227,55,155.17730983043097,6.277670493599478,48.30437300060517
6,529,218.40148058782108,434.27274102374076,16,10,2.6286999793459898,0.1676011822322725,0.9240320914946439,55,154.9139459066372,2.982903476813246,48.208390794475186,9,9,3.5436449570597652,0.01787672703088476,0.9698628496358227,55,155.17730983043097,6.277670493599478,48.30437300060517
6,530,218.40148058782108,439.89293962240293,16,10,2.6286999793459898,0.1676011822322725,0.9240320914946439,55,154.9139459066372,2.982903476813246,48.208390794475186,9,9,3.5436449570597652,0.01787672703088476,0.9698628496358227,55,155.17730983043097,6.277670493599478,48.30437300060517
6,531,212.59006208101016,439.89293962240293,17,10,2.1814219177943928,0.08592593296844615,0.8844319151708345,56,157.159159635364,3.14811087743451,49.10219724252063,9,10,3.3629451599335245,0.04129339106335428,0.9625017030256054,56,157.8733343287497,6.308515528065714,49.22303811020134
6,532,212.59006208101016,439.89293962240293,17,10,2.1814219177943928,0.08592593296844615,0.8844319151708345,56,157.159159635364,3.14811087743451,49.10219724252063,9,10,3.3629451599335245,0.04129339106335428,0.9625017030256054,56,157.8733343287497,6.308515528065714,49.22303811020134
6,533,212.59006208101016,439.89293962240293,17,10,2.1814219177943928,0.08592593296844615,0.8844319151708345,56,157.159159635364,3.14811087743451,49.10219724252063,9,10,3.3629451599335245,0.04129339106335428,0.9625017030256054,56,157.8733343287497,6.308515528065714,49.22303811020134
6,534,212.59006208101016,439.89293962240293,17,10,2.1814219177943928,0.08592593296844615,0.8844319151708345,56,157.159159635364,3.14811087743451,49.10219724252063,9,10,3.3629451599335245,0.04129339106335428,0.9625017030256054,56,157.8733343287497,6.308515528065714,49.22303811020134
6,535,212.59006208101016,439.89293962240293,17,10,2.1814219177943928,0.08592593296844615,0.8844319151708345,56,157.159159635364,3.14811087743451,49.10219724252063,9,10,3.3629451599335245,0.04129339106335428,0.9625017030256054,56,157.8733343287497,6.308515528065714,49.22303811020134
6,536,207.80944619625313,439.89293962240293,17,10,2.1761019774809527,0.08593331876731436,0.8839943227084063,56,157.2138573509057,3.14809511030193,49.10801795838485,9,10,3.28331746061778,0.04039423732534142,0.9604653062813654,56,159.13552695798973,6.138355614294733,49.34161104789828
6,537,207.80944619625313,439.89293962240293,17,10,2.1761019774809527,0.08593331876731436,0.8839943227084063,56,157.2138573509057,3.14809511030193,49.10801795838485,9,10,3.28331746061778,0.04039423732534142,0.9604653062813654,56,159.13552695798973,6.138355614294733,49.34161104789828
6,538,207.80944619625313,439.89293962240293,17,10,2.1761019774809527,0.08593331876731436,0.8839943227084063,56,157.2138573509057,3.14809511030193,49.10801795838485,9,10,3.28331746061778,0.04039423732534142,0.9604653062813654,56,159.13552695798973,6.138355614294733,49.34161104789828
6,539,207.80944619625313,439.89293962240293,17,10,2.1761019774809527,0.08593331876731436,0.8839943227084063,56,157.2138573509057,3.14809511030193,49.10801795838485,9,10,3.28331746061778,0.04039423732534142,0.9604653062813654,56,159.13552695798973,6.138355614294733,49.34161104789828
6,540,207.80944619625313,445.1105032031847,17,10,2.1761019774809527,0.08593331876731436,0.8839943227084063,56,157.2138573509057,3.14809511030193,49.10801795838485,9,10,3.28331746061778,0.04039423732534142,0.9604653062813654,56,159.13552695798973,6.138355614294733,49.34161104789828
6,541,204.11988193268397,445.1105032031847,17,9,2.1241266139371637,0.07323918830878114,0.882506629477831,57,159.36588023597488,3.218118060310311,49.994531353896335,8,10,3.460075266093822,0.028790032712617004,0.9682903404917166,57,149.66233184868798,4.562515509760847,48.804797133925746
6,542,204.11988193268397,445.1105032031847,17,9,2.1241266139371637,0.07323918830878114,0.882506629477831,57,159.36588023597488,3.218118060310311,49.994531353896335,8,10,3.460075266093822,0.028790032712617004,0.9682903404917166,57,149.66233184868798,4.562515509760847,48.804797133925746
6,543,204.11988193268397,445.1105032031847,17,9,2.1241266139371637,0.07323918830878114,0.882506629477831,57,159.36588023597488,3.218118060310311,49.994531353896335,8,10,3.460075266093822,0.028790032712617004,0.9682903404917166,57,149.66233184868798,4.562515509760847,48.804797133925746
6,544,204.11988193268397,445.1105032031847,17,9,2.1241266139371637,0.07323918830878114,0.882506629477831,57,159.36588023597488,3.218118060310311,49.994531353896335,8,10,3.460075266093822,0.028790032712617004,0.9682903404917166,57,149.66233184868798,4.562515509760847,48.804797133925746
6,545,204.11988193268397,445.1105032031847,17,9,2.1241266139371637,0.07323918830878114,0.882506629477831,57,159.36588023597488,3.218118060310311,49.994531353896335,8,10,3.460075266093822,0.028790032712617004,0.9682903404917166,57,149.66233184868798,4.562515509760847,48.804797133925746
6,546,201.11300787178612,445.1105032031847,17,9,2.1480961262906813,0.07323103496858112,0.884168851677158,57,164.38982278508934,3.2464522595242205,49.98961837940315,8,10,3.649438554574523,0.028723262282584483,0.9739164514625428,57,183.7182613002361,3.4819562113612457,50.10663965042679
6,547,201.11300787178612,445.1105032031847,17,9,2.1480961262906813,0.07323103496858112,0.884168851677158,57,164.38982278508934,3.2464522595242205,49.98961837940315,8,10,3.649438554574523,0.028723262282584483,0.9739164514625428,57,183.7182613002361,3.4819562113612457,50.10663965042679
6,548,201.11300787178612,445.1105032031847,17,9,2.1480961262906813,0.07323103496858112,0.884168851677158,57,164.38982278508934,3.2464522595242205,49.98961837940315,8,10,3.649438554574523,0.028723262282584483,0.9739164514625428,57,183.7182613002361,3.4819562113612457,50.10663965042679
6,549,201.11300787178612,445.1105032031847,17,9,2.1480961262906813,0.07323103496858112,0.884168851677158,57,164.38982278508934,3.2464522595242205,49.98961837940315,8,10,3.649438554574523,0.028723262282584483,0.9739164514625428,57,183.7182613002361,3.4819562113612457,50.10663965042679
6,550,201.11300787178612,451.23195138523795,17,9,2.1480961262906813,0.07323103496858112,0.884168851677158,57,164.38982278508934,3.2464522595242205,49.98961837940315,8,10,3.649438554574523,0.028723262282584483,0.9739164514625428,57,183.7182613002361,3.4819562113612457,50.10663965042679
6,551,199.3038528606449,451.23195138523795,16,9,2.7054550189018,0.12413557826582629,0.9206841656296745,58,155.14537088604644,3.5070092097374577,50.135751114727505,8,11,3.471833508422371,0.013435487230611423,0.9682429995122318,58,125.8680857637336,2.4241444894204696,45.862995221655915
6,552,199.3038528606449,451.23195138523795,16,9,2.7054550189018,0.12413557826582629,0.9206841656296745,58,155.14537088604644,3.5070092097374577,50.135751114727505,8,11,3.471833508422371,0.013435487230611423,0.9682429995122318,58,125.8680857637336,2.4241444894204696,45.862995221655915
6,553,199.3038528606449,451.23195138523795,16,9,2.7054550189018,0.12413557826582629,0.9206841656296745,58,155.14537088604644,3.5070092097374577,50.135751114727505,8,11,3.471833508422371,0.013435487230611423,0.9682429995122318,58,125.8680857637336,2.4241444894204696,45.862995221655915
6,554,199.3038528606449,451.23195138523795,16,9,2.7054550189018,0.12413557826582629,0.9206841656296745,58,155.14537088604644,3.5070092097374577,50.135751114727505,8,11,3.471833508422371,0.013435487230611423,0.9682429995122318,58,125.8680857637336,2.4241444894204696,45.862995221655915
6,555,199.3038528606449,451.23195138523795,16,9,2.7054550189018,0.12413557826582629,0.9206841656296745,58,155.14537088604644,3.5070092097374577,50.135751114727505,8,11,3.471833508422371,0.013435487230611423,0.9682429995122318,58,125.8680857637336,2.4241444894204696,45.862995221655915
6,556,198.93369977278581,451.23195138523795,16,9,2.4481993552984274,0.12493665970698005,0.9105691990759069,58,148.25515007554017,2.9256636189326013,49.585135815877635,8,11,3.4740453021399795,0.013417401173151525,0.9685072713644423,58,138.06347929928552,2.764941853465456,47.8014694376726
6,557,198.93369977278581,451.23195138523795,16,9,2.4481993552984274,0.12493665970698005,0.9105691990759069,58,148.25515007554017,2.9256636189326013,49.585135815877635,8,11,3.4740453021399795,0.013417401173151525,0.9685072713644423,58,138.06347929928552,2.764941853465456,47.8014694376726
6,558,198.93369977278581,451.23195138523795,16,9,2.4481993552984274,0.12493665970698005,0.9105691990759069,58,148.25515007554017,2.9256636189326013,49.585135815877635,8,11,3.4740453021399795,0.013417401173151525,0.9685072713644423,58,138.06347929928552,2.764941853465456,47.8014694376726
6,559,198.93369977278581,451.23195138523795,16,9,2.4481993552984274,0.12493665970698005,0.9105691990759069,58,148.25515007554017,2.9256636189326013,49.585135815877635,8,11,3.4740453021399795,0.013417401173151525,0.9685072713644423,58,138.06347929928552,2.764941853465456,47.8014694376726
6,560,198.93369977278581,456.9085777942886,16,9,2.4481993552984274,0.12493665970698005,0.9105691990759069,58,148.25515007554017,2.9256636189326013,49.585135815877635,8,11,3.4740453021399795,0.013417401173151525,0.9685072713644423,58,138.06347929928552,2.764941853465456,47.8014694376726
6,561,196.42494839628753,456.9085777942886,16,8,2.0332843589861564,0.10496367549142534,0.8709660899193886,59,152.80368044463142,3.029219866082287,50.75777280848045,7,11,4.256119656821574,0.006588458356587131,0.9858874563125267,59,140.16093797203456,2.3110383693799372,48.54551715712534
6,562,196.42494839628753,456.9085777942886,16,8,2.0332843589861564,0.10496367549142534,0.8709660899193886,59,152.80368044463142,3.029219866082287,50.75777280848045,7,11,4.256119656821574,0.006588458356587131,0.9858874563125267,59,140.16093797203456,2.3110383693799372,48.54551715712534
6,563,196.42494839628753,456.9085777942886,16,8,2.0332843589861564,0.10496367549142534,0.8709660899193886,59,152.80368044463142,3.029219866082287,50.75777280848045,7,11,4.256119656821574,0.006588458356587131,0.9858874563125267,59,140.16093797203456,2.3110383693799372,48.54551715712534
6,564,196.42494839628753,456.9085777942886,16,8,2.0332843589861564,0.10496367549142534,0.8709660899193886,59,152.80368044463142,3.029219866082287,50.75777280848045,7,11,4.256119656821574,0.006588458356587131,0.9858874563125267,59,140.16093797203456,2.3110383693799372,48.54551715712534
6,565,196.42494839628753,456.9085777942886,16,8,2.0332843589861564,0.10496367549142534,0.8709660899193886,59,152.80368044463142,3.029219866082287,50.75777280848045,7,11,4.256119656821574,0.006588458356587131,0.9858874563125267,59,140.16093797203456,2.3110383693799372,48.54551715712534
6,566,193.26691317031592,456.9085777942886,16,8,2.0157013404068587,0.10496052116352776,0.8695030775712755,59,153.39807326396428,3.0354233662522474,50.83029045131747,7,11,4.228970955247966,0.006552696621744884,0.9854700983837418,59,138.87438007118269,2.3057059457771425,48.38142641597282
6,567,193.26691317031592,456.9085777942886,16,8,2.0157013404068587,0.10496052116352776,0.8695030775712755,59,153.39807326396428,3.0354233662522474,50.83029045131747,7,11,4.228970955247966,0.006552696621744884,0.9854700983837418,59,138.87438007118269,2.3057059457771425,48.38142641597282
6,568,193.26691317031592,456.9085777942886,16,8,2.0157013404068587,0.10496052116352776,0.8695030775712755,59,153.39807326396428,3.0354233662522474,50.83029045131747,7,11,4.228970955247966,0.006552696621744884,0.9854700983837418,59,138.87438007118269,2.3057059457771425,48.38142641597282
6,569,193.26691317031592,456.9085777942886,16,8,2.0157013404068587,0.10496052116352776,0.8695030775712755,59,153.39807326396428,3.0354233662522474,50.83029045131747,7,11,4.228970955247966,0.006552696621744884,0.9854700983837418,59,138.87438007118269,2.3057059457771425,48.38142641597282
6,570,193.26691317031592,463.5530974965602,16,8,2.0157013404068587,0.10496052116352776,0.8695030775712755,59,153.39807326396428,3.0354233662522474,50.83029045131747,7,11,4.228970955247966,0.006552696621744884,0.9854700983837418,59,138.87438007118269,2.3057059457771425,48.38142641597282
6,571,192.5056833760622,463.5530974965602,15,8,2.401867265953087,0.10549505846253922,0.9057329789451097,60,155.94649633585863,3.1407593616964165,51.75399917519158,7,12,5.762851373731203,0.01124337009792035,0.9963005922163513,60,144.85181307567456,2.3155144474632032,49.40835595725527
6,572,192.5056833760622,463.5530974965602,15,8,2.401867265953087,0.10549505846253922,0.9057329789451097,60,155.94649633585863,3.1407593616964165,51.75399917519158,7,12,5.762851373731203,0.01124337009792035,0.9963005922163513,60,144.85181307567456,2.3155144474632032,49.40835595725527
6,573,192.5056833760622,463.5530974965602,15,8,2.401867265953087,0.10549505846253922,0.9057329789451097,60,155.94649633585863,3.1407593616964165,51.75399917519158,7,12,5.762851373731203,0.01124337009792035,0.9963005922163513,60,144.85181307567456,2.3155144474632032,49.40835595725527
6,574,192.5056833760622,463.5530974965602,15,8,2.401867265953087,0.10549505846253922,0.9057329789451097,60,155.94649633585863,3.1407593616964165,51.75399917519158,7,12,5.762851373731203,0.01124337009792035,0.9963005922163513,60,144.85181307567456,2.3155144474632032,49.40835595725527
6,575,192.5056833760622,463.5530974965602,15,8,2.401867265953087,0.10549505846253922,0.9057329789451097,60,155.94649633585863,3.1407593616964165,51.75399917519158,7,12,5.762851373731203,0.01124337009792035,0.9963005922163513,60,144.85181307567456,2.3155144474632032,49.40835595725527
6,576,189.72057292225946,463.5530974965602,15,8,2.396852455321542,0.10549618720067218,0.9054964443056018,60,155.8897221812371,3.140845124195479,51.75316563507698,7,12,5.756744348398086,0.011220369608207603,0.9963034051221548,60,144.3226896528991,2.3114554719157008,49.32161909621725
6,577,189.72057292225946,463.5530974965602,15,8,2.396852455321542,0.10549618720067218,0.9054964443056018,60,155.8897221812371,3.140845124195479,51.75316563507698,7,12,5.756744348398086,0.011220369608207603,0.9963034051221548,60,144.3226896528991,2.3114554719157008,49.32161909621725
6,578,189.72057292225946,463.5530974965602,15,8,2.396852455321542,0.10549618720067218,0.9054964443056018,60,155.8897221812371,3.140845124195479,51.75316563507698,7,12,5.756744348398086,0.011220369608207603,0.9963034051221548,60,144.3226896528991,2.3114554719157008,49.32161909621725
6,579,189.72057292225946,463.5530974965602,15,8,2.396852455321542,0.10549618720067218,0.9054964443056018,60,155.8897221812371,3.140845124195479,51.75316563507698,7,12,5.756744348398086,0.011220369608207603,0.9963034051221548,60,144.3226896528991,2.3114554719157008,49.32161909621725
6,580,189.72057292225946,471.71115892078467,15,8,2.396852455321542,0.10549618720067218,0.9054964443056018,60,155.8897221812371,3.140845124195479,51.75316563507698,7,12,5.756744348398086,0.011220369608207603,0.9963034051221548,60,144.3226896528991,2.3114554719157008,49.32161909621725
6,581,185.1167458580864,471.71115892078467,15,9,2.809173143729682,0.11900067270187716,0.9323165707911462,61,158.6503019222295,3.2591265824389652,52.658440063825665,7,13,5.86228932113952,0.029771430191268083,0.9969793370324118,61,147.5535843378941,2.320550464695023,49.925868517573555
6,582,185.1167458580864,471.71115892078467,15,9,2.809173143729682,0.11900067270187716,0.9323165707911462,61,158.6503019222295,3.2591265824389652,52.658440063825665,7,13,5.86228932113952,0.029771430191268083,0.9969793370324118,61,147.5535843378941,2.320550464695023,49.925868517573555
6,583,185.1167458580864,471.71115892078467,15,9,2.809173143729682,0.11900067270187716,0.9323165707911462,61,158.6503019222295,3.2591265824389652,52.658440063825665,7,13,5.86228932113952,0.029771430191268083,0.9969793370324118,61,147.5535843378941,2.320550464695023,49.925868517573555
6,584,185.1167458580864,471.71115892078467,15,9,2.809173143729682,0.11900067270187716,0.9323165707911462,61,158.6503019222295,3.2591265824389652,52.658440063825665,7,13,5.86228932113952,0.029771430191268083,0.9969793370324118,61,147.5535843378941,2.320550464695023,49.925868517573555
6,585,185.1167458580864,471.71115892078467,15,9,2.809173143729682,0.11900067270187716,0.9323165707911462,61,158.6503019222295,3.2591265824389652,52.658440063825665,7,13,5.86228932113952,0.029771430191268083,0.9969793370324118,61,147.5535843378941,2.320550464695023,49.925868517573555
6,586,183.98334159560721,471.71115892078467,15,9,2.7734101663529276,0.11898124424502014,0.9308261832558523,61,159.91870479606678,3.258767072564838,52.84259201847424,7,13,5.860728407359304,0.02976730649494952,0.9969759118084612,61,151.56680187462084,2.303024679416873,50.49518017486642
6,587,183.98334159560721,471.71115892078467,15,9,2.7734101663529276,0.11898124424502014,0.9308261832558523,61,159.91870479606678,3.258767072564838,52.84259201847424,7,13,5.860728407359304,0.02976730649494952,0.9969759118084612,61,151.56680187462084,2.303024679416873,50.49518017486642
6,588,183.98334159560721,471.71115892078467,15,9,2.7734101663529276,0.11898124424502014,0.9308261832558523,61,159.91870479606678,3.258767072564838,52.84259201847424,7,13,5.860728407359304,0.02976730649494952,0.9969759118084612,61,151.56680187462084,2.303024679416873,50.49518017486642
6,589,183.98334159560721,471.71115892078467,15,9,2.7734101663529276,0.11898124424502014,0.9308261832558523,61,159.91870479606678,3.258767072564838,52.84259201847424,7,13,5.860728407359304,0.02976730649494952,0.9969759118084612,61,151.56680187462084,2.303024679416873,50.49518017486642
6,590,183.98334159560721,480.0440127081953,15,9,2.7734101663529276,0.11898124424502014,0.9308261832558523,61,159.91870479606678,3.258767072564838,52.84259201847424,7,13,5.860728407359304,0.02976730649494952,0.9969759118084612,61,151.56680187462084,2.303024679416873,50.49518017486642
6,591,183.74144173276994,480.0440127081953,14,9,2.7170770695705637,0.04113965883657048,0.9340482283233388,62,164.11475792424244,3.216128648495151,53.98559155687968,6,13,6.521563434333072,0.02255940732593224,0.997943685295514,62,156.6532138115375,1.7043044321540741,51.49121358731283
6,592,183.74144173276994,480.0440127081953,14,9,2.7170770695705637,0.04113965883657048,0.9340482283233388,62,164.11475792424244,3.216128648495151,53.98559155687968,6,13,6.521563434333072,0.02255940732593224,0.997943685295514,62,156.6532138115375,1.7043044321540741,51.49121358731283
6,593,183.74144173276994,480.0440127081953,14,9,2.7170770695705637,0.04113965883657048,0.9340482283233388,62,164.11475792424244,3.216128648495151,53.98559155687968,6,13,6.521563434333072,0.02255940732593224,0.997943685295514,62,156.6532138115375,1.7043044321540741,51.49121358731283
6,594,183.74144173276994,480.0440127081953,14,9,2.7170770695705637,0.04113965883657048,0.9340482283233388,62,164.11475792424244,3.216128648495151,53.98559155687968,6,13,6.521563434333072,0.02255940732593224,0.997943685295514,62,156.6532138115375,1.7043044321540741,51.49121358731283
6,595,183.74144173276994,480.0440127081953,14,9,2.7170770695705637,0.04113965883657048,0.9340482283233388,62,164.11475792424244,3.216128648495151,53.98559155687968,6,13,6.521563434333072,0.02255940732593224,0.997943685295514,62,156.6532138115375,1.7043044321540741,51.49121358731283
6,596,183.3332430784587,480.0440127081953,14,9,2.71277506176749,0.04121466479632278,0.9337404243626887,62,165.29760917315878,3.4979581598718577,54.11969306878296,6,13,6.500226118922097,0.02250295491962273,0.9979335562861942,62,154.9568827324836,1.5306235118028264,51.43903223663881
6,597,183.3332430784587,480.0440127081953,14,9,2.71277506176749,0.04121466479632278,0.9337404243626887,62,165.29760917315878,3.4979581598718577,54.11969306878296,6,13,6.500226118922097,0.02250295491962273,0.9979335562861942,62,154.9568827324836,1.5306235118028264,51.43903223663881
6,598,183.3332430784587,480.0440127081953,14,9,2.71277506176749,0.04121466479632278,0.9337404243626887,62,165.29760917315878,3.4979581598718577,54.11969306878296,6,13,6.500226118922097,0.02250295491962273,0.9979335562861942,62,154.9568827324836,1.5306235118028264,51.43903223663881
6,599,183.3332430784587,480.0440127081953,14,9,2.71277506176749,0.04121466479632278,0.9337404243626887,62,165.29760917315878,3.4979581598718577,54.11969306878296,6,13,6.500226118922097,0.02250295491962273,0.9979335562861942,62,154.9568827324836,1.5306235118028264,51.43903223663881
