run_idx,step,J,true_crop_sum,calibrator_theta,calibrator_w,calibrator_b,calibrator_learned_threshold,calibrator_num_samples,ugv0_y,ugv0_x,ugv0_mu,ugv0_var,ugv0_prob,ugv0_visited_count,ugv0_visited_mu_sum,ugv0_visited_var_sum,ugv0_visited_prob_sum,ugv0_reachable_rmse,ugv0_reachable_mae,ugv0_reachable_var,ugv0_reachable_calib,ugv0_reachable_cell_count,ugv0_path_rmse,ugv0_path_mae,ugv0_path_var,ugv0_target_error,ugv0_target_var,ugv0_path_true_sum,ugv0_path_mu_sum,ugv0_path_var_sum,ugv0_path_prob_sum,ugv0_path_expected_sum,ugv0_target_true,ugv0_target_mu,ugv0_target_prob,ugv0_target_expected,ugv1_y,ugv1_x,ugv1_mu,ugv1_var,ugv1_prob,ugv1_visited_count,ugv1_visited_mu_sum,ugv1_visited_var_sum,ugv1_visited_prob_sum,ugv1_reachable_rmse,ugv1_reachable_mae,ugv1_reachable_var,ugv1_reachable_calib,ugv1_reachable_cell_count,ugv1_path_rmse,ugv1_path_mae,ugv1_path_var,ugv1_target_error,ugv1_target_var,ugv1_path_true_sum,ugv1_path_mu_sum,ugv1_path_var_sum,ugv1_path_prob_sum,ugv1_path_expected_sum,ugv1_target_true,ugv1_target_mu,ugv1_target_prob,ugv1_target_expected
0,0,858.6629059174129,6.804414051138603,2.0,1.0,-2.0,2.0,2,19,14,0.18204086544536605,0.984128555786366,0.1759637464942276,2,0.2527984576159123,1.981792206702934,0.3390673915177653,3.4270057565504977,3.1889236246179697,0.9060670997338551,10.838301355696391,103,4.807663990026483,4.665507586545732,0.7503233192294199,2.9879303646400643,0.9323841998691688,46.14002048777103,13.481467381950909,5.252263234605939,3.443443098268745,7.774017615936005,3.422982782298016,0.4350524176579514,0.20768947425038936,0.09035580789474074,10,12,0.08678675234309191,0.9612786780881666,0.16381440473623082,2,0.15754434451363813,1.9589423290047345,0.32691804975976857,3.444415052799168,3.281956851400341,0.9112454934167598,10.952749562532736,104,2.837357681998057,2.8117764928861066,0.7380598136990159,3.1904165079507147,0.8966327131437307,24.82307250809026,5.140637057887511,5.166418695893111,1.7634510104492085,1.4339821689520056,3.381431268840587,0.19101476088987243,0.1742626454858802,0.03328673755952201
0,1,856.958597394163,6.804414051138603,2.0,1.0,-2.0,2.0,2,19,15,0.5751049153935208,0.9248967008606049,0.2278660996207641,3,0.9892468348920649,2.904381884353183,0.5866556533859093,3.846389753918569,3.485769789376608,0.8915370257102646,13.903177113339485,100,4.9742787860023245,4.9024073284944345,0.7025833287753629,3.4322567152352734,0.8144233798426557,49.14622304992375,14.8293717504627,4.91808330142754,3.6901020091196757,8.352385640722748,4.454420983769452,1.0221642685341787,0.29919089295956536,0.3058222402541019,11,12,0.5188427284165614,0.885756876482786,0.21826597178160506,3,0.9481361505771655,2.839536667594876,0.578207634486712,3.119266104011098,2.973187770086541,0.8878839172110372,8.84193711042154,101,2.763665525238877,2.7589516476564877,0.7091604396536754,2.8509729297604025,0.8142289747410807,26.38825399958983,7.075592465994413,4.964123077575728,2.0640319251008927,2.105017299042871,3.596924180193084,0.7459512504326814,0.251314480292873,0.18746835082630808
0,2,856.958597394163,6.804414051138603,2.0,1.0,-2.0,2.0,2,19,15,0.5751049153935208,0.9248967008606049,0.2278660996207641,3,0.9892468348920649,2.904381884353183,0.5866556533859093,3.846389753918569,3.485769789376608,0.8915370257102646,13.903177113339485,100,4.9742787860023245,4.9024073284944345,0.7025833287753629,3.4322567152352734,0.8144233798426557,49.14622304992375,14.8293717504627,4.91808330142754,3.6901020091196757,8.352385640722748,4.454420983769452,1.0221642685341787,0.29919089295956536,0.3058222402541019,11,12,0.5188427284165614,0.885756876482786,0.21826597178160506,3,0.9481361505771655,2.839536667594876,0.578207634486712,3.119266104011098,2.973187770086541,0.8878839172110372,8.84193711042154,101,2.763665525238877,2.7589516476564877,0.7091604396536754,2.8509729297604025,0.8142289747410807,26.38825399958983,7.075592465994413,4.964123077575728,2.0640319251008927,2.105017299042871,3.596924180193084,0.7459512504326814,0.251314480292873,0.18746835082630808
0,3,856.958597394163,6.804414051138603,2.0,1.0,-2.0,2.0,2,19,15,0.5751049153935208,0.9248967008606049,0.2278660996207641,3,0.9892468348920649,2.904381884353183,0.5866556533859093,3.846389753918569,3.485769789376608,0.8915370257102646,13.903177113339485,100,4.9742787860023245,4.9024073284944345,0.7025833287753629,3.4322567152352734,0.8144233798426557,49.14622304992375,14.8293717504627,4.91808330142754,3.6901020091196757,8.352385640722748,4.454420983769452,1.0221642685341787,0.29919089295956536,0.3058222402541019,11,12,0.5188427284165614,0.885756876482786,0.21826597178160506,3,0.9481361505771655,2.839536667594876,0.578207634486712,3.119266104011098,2.973187770086541,0.8878839172110372,8.84193711042154,101,2.763665525238877,2.7589516476564877,0.7091604396536754,2.8509729297604025,0.8142289747410807,26.38825399958983,7.075592465994413,4.964123077575728,2.0640319251008927,2.105017299042871,3.596924180193084,0.7459512504326814,0.251314480292873,0.18746835082630808
0,4,856.958597394163,6.804414051138603,2.0,1.0,-2.0,2.0,2,19,15,0.5751049153935208,0.9248967008606049,0.2278660996207641,3,0.9892468348920649,2.904381884353183,0.5866556533859093,3.846389753918569,3.485769789376608,0.8915370257102646,13.903177113339485,100,4.9742787860023245,4.9024073284944345,0.7025833287753629,3.4322567152352734,0.8144233798426557,49.14622304992375,14.8293717504627,4.91808330142754,3.6901020091196757,8.352385640722748,4.454420983769452,1.0221642685341787,0.29919089295956536,0.3058222402541019,11,12,0.5188427284165614,0.885756876482786,0.21826597178160506,3,0.9481361505771655,2.839536667594876,0.578207634486712,3.119266104011098,2.973187770086541,0.8878839172110372,8.84193711042154,101,2.763665525238877,2.7589516476564877,0.7091604396536754,2.8509729297604025,0.8142289747410807,26.38825399958983,7.075592465994413,4.964123077575728,2.0640319251008927,2.105017299042871,3.596924180193084,0.7459512504326814,0.251314480292873,0.18746835082630808
0,5,856.958597394163,6.804414051138603,2.0,1.0,-2.0,2.0,2,19,15,0.5751049153935208,0.9248967008606049,0.2278660996207641,3,0.9892468348920649,2.904381884353183,0.5866556533859093,3.846389753918569,3.485769789376608,0.8915370257102646,13.903177113339485,100,4.9742787860023245,4.9024073284944345,0.7025833287753629,3.4322567152352734,0.8144233798426557,49.14622304992375,14.8293717504627,4.91808330142754,3.6901020091196757,8.352385640722748,4.454420983769452,1.0221642685341787,0.29919089295956536,0.3058222402541019,11,12,0.5188427284165614,0.885756876482786,0.21826597178160506,3,0.9481361505771655,2.839536667594876,0.578207634486712,3.119266104011098,2.973187770086541,0.8878839172110372,8.84193711042154,101,2.763665525238877,2.7589516476564877,0.7091604396536754,2.8509729297604025,0.8142289747410807,26.38825399958983,7.075592465994413,4.964123077575728,2.0640319251008927,2.105017299042871,3.596924180193084,0.7459512504326814,0.251314480292873,0.18746835082630808
0,6,845.2428062490819,6.804414051138603,2.0,1.0,-2.0,2.0,2,19,15,0.43326684076821637,0.9150659784886256,0.20688814928962196,3,0.7762606810795238,2.8738413331709296,0.5559281999121584,3.7221936947832477,3.452529855240117,0.8745416205925047,12.980184280891663,100,5.405208727436862,5.2972745160162,0.700135008767873,3.5806684285893606,0.802102267545381,53.62012176964749,16.539200157534097,4.900945061375111,4.009146223688485,10.62870992939282,4.454420983769452,0.8737525551800918,0.27246734524079425,0.2380690391072802,11,12,0.33856712528805066,0.8799807017120639,0.1927426000555916,3,0.6491638626288487,2.813962255864815,0.5370481667690187,3.1067696274814645,2.96679187442182,0.8770291575265152,8.7749883607148,101,2.785187360493387,2.777798594607273,0.6983180978720563,2.971822489830896,0.7971394220269534,26.801459815266995,7.356869653016083,4.888226685104394,2.120277434893488,2.277417789078105,3.596924180193084,0.6251016903621882,0.23149928742775175,0.14471059588872967
0,7,845.2428062490819,6.804414051138603,2.0,1.0,-2.0,2.0,2,19,15,0.43326684076821637,0.9150659784886256,0.20688814928962196,3,0.7762606810795238,2.8738413331709296,0.5559281999121584,3.7221936947832477,3.452529855240117,0.8745416205925047,12.980184280891663,100,5.405208727436862,5.2972745160162,0.700135008767873,3.5806684285893606,0.802102267545381,53.62012176964749,16.539200157534097,4.900945061375111,4.009146223688485,10.62870992939282,4.454420983769452,0.8737525551800918,0.27246734524079425,0.2380690391072802,11,12,0.33856712528805066,0.8799807017120639,0.1927426000555916,3,0.6491638626288487,2.813962255864815,0.5370481667690187,3.1067696274814645,2.96679187442182,0.8770291575265152,8.7749883607148,101,2.785187360493387,2.777798594607273,0.6983180978720563,2.971822489830896,0.7971394220269534,26.801459815266995,7.356869653016083,4.888226685104394,2.120277434893488,2.277417789078105,3.596924180193084,0.6251016903621882,0.23149928742775175,0.14471059588872967
0,8,845.2428062490819,6.804414051138603,2.0,1.0,-2.0,2.0,2,19,15,0.43326684076821637,0.9150659784886256,0.20688814928962196,3,0.7762606810795238,2.8738413331709296,0.5559281999121584,3.7221936947832477,3.452529855240117,0.8745416205925047,12.980184280891663,100,5.405208727436862,5.2972745160162,0.700135008767873,3.5806684285893606,0.802102267545381,53.62012176964749,16.539200157534097,4.900945061375111,4.009146223688485,10.62870992939282,4.454420983769452,0.8737525551800918,0.27246734524079425,0.2380690391072802,11,12,0.33856712528805066,0.8799807017120639,0.1927426000555916,3,0.6491638626288487,2.813962255864815,0.5370481667690187,3.1067696274814645,2.96679187442182,0.8770291575265152,8.7749883607148,101,2.785187360493387,2.777798594607273,0.6983180978720563,2.971822489830896,0.7971394220269534,26.801459815266995,7.356869653016083,4.888226685104394,2.120277434893488,2.277417789078105,3.596924180193084,0.6251016903621882,0.23149928742775175,0.14471059588872967
0,9,845.2428062490819,6.804414051138603,2.0,1.0,-2.0,2.0,2,19,15,0.43326684076821637,0.9150659784886256,0.20688814928962196,3,0.7762606810795238,2.8738413331709296,0.5559281999121584,3.7221936947832477,3.452529855240117,0.8745416205925047,12.980184280891663,100,5.405208727436862,5.2972745160162,0.700135008767873,3.5806684285893606,0.802102267545381,53.62012176964749,16.539200157534097,4.900945061375111,4.009146223688485,10.62870992939282,4.454420983769452,0.8737525551800918,0.27246734524079425,0.2380690391072802,11,12,0.33856712528805066,0.8799807017120639,0.1927426000555916,3,0.6491638626288487,2.813962255864815,0.5370481667690187,3.1067696274814645,2.96679187442182,0.8770291575265152,8.7749883607148,101,2.785187360493387,2.777798594607273,0.6983180978720563,2.971822489830896,0.7971394220269534,26.801459815266995,7.356869653016083,4.888226685104394,2.120277434893488,2.277417789078105,3.596924180193084,0.6251016903621882,0.23149928742775175,0.14471059588872967
0,10,845.2428062490819,14.855759215101141,2.0,1.0,-2.0,2.0,4,19,15,0.43326684076821637,0.9150659784886256,0.20688814928962196,3,0.7762606810795238,2.8738413331709296,0.5559281999121584,3.7221936947832477,3.452529855240117,0.8745416205925047,12.980184280891663,100,5.405208727436862,5.2972745160162,0.700135008767873,3.5806684285893606,0.802102267545381,53.62012176964749,16.539200157534097,4.900945061375111,4.009146223688485,10.62870992939282,4.454420983769452,0.8737525551800918,0.27246734524079425,0.2380690391072802,11,12,0.33856712528805066,0.8799807017120639,0.1927426000555916,3,0.6491638626288487,2.813962255864815,0.5370481667690187,3.1067696274814645,2.96679187442182,0.8770291575265152,8.7749883607148,101,2.785187360493387,2.777798594607273,0.6983180978720563,2.971822489830896,0.7971394220269534,26.801459815266995,7.356869653016083,4.888226685104394,2.120277434893488,2.277417789078105,3.596924180193084,0.6251016903621882,0.23149928742775175,0.14471059588872967
0,11,833.0456284610739,14.855759215101141,2.0,1.0,-2.0,2.0,4,19,16,1.006078686013541,0.800604102241346,0.29589152029395405,4,2.9264724075720814,3.5292585683189017,1.019972778016219,3.981071370661102,3.6844365990795787,0.8468312796917368,15.002097978605727,97,5.664352429194192,5.601760182886374,0.6763553898475727,4.011787062738167,0.7093107567840417,58.13990324155577,18.92758196135115,4.734487728933009,4.502068921183825,12.781898105424025,5.515023755465166,1.5032366927269996,0.39190050201482607,0.5891192145268179,12,12,1.360124704148289,0.668712005229836,0.3613618050671082,4,4.162924842714682,2.999902275176496,1.2117756579315668,2.79586690551727,2.67277667893891,0.8067784938172843,7.01617307647391,98,2.55703670727973,2.554269299800565,0.6871860545902203,2.443716391372755,0.6708692710949503,28.192711036590712,10.31282593798676,4.8103023821315425,2.6985219632079307,3.991162027039826,3.9553548106090837,1.5116384192363286,0.3930587966295182,0.5941627780039784
0,12,833.0456284610739,14.855759215101141,2.0,1.0,-2.0,2.0,4,19,16,1.006078686013541,0.800604102241346,0.29589152029395405,4,2.9264724075720814,3.5292585683189017,1.019972778016219,3.981071370661102,3.6844365990795787,0.8468312796917368,15.002097978605727,97,5.664352429194192,5.601760182886374,0.6763553898475727,4.011787062738167,0.7093107567840417,58.13990324155577,18.92758196135115,4.734487728933009,4.502068921183825,12.781898105424025,5.515023755465166,1.5032366927269996,0.39190050201482607,0.5891192145268179,12,12,1.360124704148289,0.668712005229836,0.3613618050671082,4,4.162924842714682,2.999902275176496,1.2117756579315668,2.79586690551727,2.67277667893891,0.8067784938172843,7.01617307647391,98,2.55703670727973,2.554269299800565,0.6871860545902203,2.443716391372755,0.6708692710949503,28.192711036590712,10.31282593798676,4.8103023821315425,2.6985219632079307,3.991162027039826,3.9553548106090837,1.5116384192363286,0.3930587966295182,0.5941627780039784
0,13,833.0456284610739,14.855759215101141,2.0,1.0,-2.0,2.0,4,19,16,1.006078686013541,0.800604102241346,0.29589152029395405,4,2.9264724075720814,3.5292585683189017,1.019972778016219,3.981071370661102,3.6844365990795787,0.8468312796917368,15.002097978605727,97,5.664352429194192,5.601760182886374,0.6763553898475727,4.011787062738167,0.7093107567840417,58.13990324155577,18.92758196135115,4.734487728933009,4.502068921183825,12.781898105424025,5.515023755465166,1.5032366927269996,0.39190050201482607,0.5891192145268179,12,12,1.360124704148289,0.668712005229836,0.3613618050671082,4,4.162924842714682,2.999902275176496,1.2117756579315668,2.79586690551727,2.67277667893891,0.8067784938172843,7.01617307647391,98,2.55703670727973,2.554269299800565,0.6871860545902203,2.443716391372755,0.6708692710949503,28.192711036590712,10.31282593798676,4.8103023821315425,2.6985219632079307,3.991162027039826,3.9553548106090837,1.5116384192363286,0.3930587966295182,0.5941627780039784
0,14,833.0456284610739,14.855759215101141,2.0,1.0,-2.0,2.0,4,19,16,1.006078686013541,0.800604102241346,0.29589152029395405,4,2.9264724075720814,3.5292585683189017,1.019972778016219,3.981071370661102,3.6844365990795787,0.8468312796917368,15.002097978605727,97,5.664352429194192,5.601760182886374,0.6763553898475727,4.011787062738167,0.7093107567840417,58.13990324155577,18.92758196135115,4.734487728933009,4.502068921183825,12.781898105424025,5.515023755465166,1.5032366927269996,0.39190050201482607,0.5891192145268179,12,12,1.360124704148289,0.668712005229836,0.3613618050671082,4,4.162924842714682,2.999902275176496,1.2117756579315668,2.79586690551727,2.67277667893891,0.8067784938172843,7.01617307647391,98,2.55703670727973,2.554269299800565,0.6871860545902203,2.443716391372755,0.6708692710949503,28.192711036590712,10.31282593798676,4.8103023821315425,2.6985219632079307,3.991162027039826,3.9553548106090837,1.5116384192363286,0.3930587966295182,0.5941627780039784
0,15,833.0456284610739,14.855759215101141,2.0,1.0,-2.0,2.0,4,19,16,1.006078686013541,0.800604102241346,0.29589152029395405,4,2.9264724075720814,3.5292585683189017,1.019972778016219,3.981071370661102,3.6844365990795787,0.8468312796917368,15.002097978605727,97,5.664352429194192,5.601760182886374,0.6763553898475727,4.011787062738167,0.7093107567840417,58.13990324155577,18.92758196135115,4.734487728933009,4.502068921183825,12.781898105424025,5.515023755465166,1.5032366927269996,0.39190050201482607,0.5891192145268179,12,12,1.360124704148289,0.668712005229836,0.3613618050671082,4,4.162924842714682,2.999902275176496,1.2117756579315668,2.79586690551727,2.67277667893891,0.8067784938172843,7.01617307647391,98,2.55703670727973,2.554269299800565,0.6871860545902203,2.443716391372755,0.6708692710949503,28.192711036590712,10.31282593798676,4.8103023821315425,2.6985219632079307,3.991162027039826,3.9553548106090837,1.5116384192363286,0.3930587966295182,0.5941627780039784
0,16,819.5013809059999,14.855759215101141,2.0,1.0,-2.0,2.0,4,19,16,1.1263382609107015,0.7993045719159587,0.31817052581921107,4,3.6896437922252296,3.4344832231813034,1.1652099989684728,3.7749015110580855,3.4819992656920618,0.8186448719307666,13.431236546257855,97,5.801576302518464,5.70542068869865,0.6793951923649916,3.816633551519841,0.7073824045042653,58.983382314494236,19.04543749360369,4.755766346554941,4.539146491787529,12.775206340802299,5.515023755465166,1.6983902039453256,0.43368831013511494,0.7365719774990814,12,12,1.312359241150521,0.6682205520008294,0.35159987885655825,4,5.261215178851796,2.8957569146921522,1.4181858219125454,2.5885923228643146,2.475042145282314,0.7773643425722349,5.928886645473641,98,2.4502167163917226,2.446376316325175,0.6728322026715278,2.617741302886156,0.6692449020824364,28.082350870032226,10.957716655756006,4.709825418700694,2.834041788879979,4.463229696465111,3.9553548106090837,1.337613507722928,0.35676256425741415,0.47721042500058625
0,17,819.5013809059999,14.855759215101141,2.0,1.0,-2.0,2.0,4,19,16,1.1263382609107015,0.7993045719159587,0.31817052581921107,4,3.6896437922252296,3.4344832231813034,1.1652099989684728,3.7749015110580855,3.4819992656920618,0.8186448719307666,13.431236546257855,97,5.801576302518464,5.70542068869865,0.6793951923649916,3.816633551519841,0.7073824045042653,58.983382314494236,19.04543749360369,4.755766346554941,4.539146491787529,12.775206340802299,5.515023755465166,1.6983902039453256,0.43368831013511494,0.7365719774990814,12,12,1.312359241150521,0.6682205520008294,0.35159987885655825,4,5.261215178851796,2.8957569146921522,1.4181858219125454,2.5885923228643146,2.475042145282314,0.7773643425722349,5.928886645473641,98,2.4502167163917226,2.446376316325175,0.6728322026715278,2.617741302886156,0.6692449020824364,28.082350870032226,10.957716655756006,4.709825418700694,2.834041788879979,4.463229696465111,3.9553548106090837,1.337613507722928,0.35676256425741415,0.47721042500058625
0,18,819.5013809059999,14.855759215101141,2.0,1.0,-2.0,2.0,4,19,16,1.1263382609107015,0.7993045719159587,0.31817052581921107,4,3.6896437922252296,3.4344832231813034,1.1652099989684728,3.7749015110580855,3.4819992656920618,0.8186448719307666,13.431236546257855,97,5.801576302518464,5.70542068869865,0.6793951923649916,3.816633551519841,0.7073824045042653,58.983382314494236,19.04543749360369,4.755766346554941,4.539146491787529,12.775206340802299,5.515023755465166,1.6983902039453256,0.43368831013511494,0.7365719774990814,12,12,1.312359241150521,0.6682205520008294,0.35159987885655825,4,5.261215178851796,2.8957569146921522,1.4181858219125454,2.5885923228643146,2.475042145282314,0.7773643425722349,5.928886645473641,98,2.4502167163917226,2.446376316325175,0.6728322026715278,2.617741302886156,0.6692449020824364,28.082350870032226,10.957716655756006,4.709825418700694,2.834041788879979,4.463229696465111,3.9553548106090837,1.337613507722928,0.35676256425741415,0.47721042500058625
0,19,819.5013809059999,14.855759215101141,2.0,1.0,-2.0,2.0,4,19,16,1.1263382609107015,0.7993045719159587,0.31817052581921107,4,3.6896437922252296,3.4344832231813034,1.1652099989684728,3.7749015110580855,3.4819992656920618,0.8186448719307666,13.431236546257855,97,5.801576302518464,5.70542068869865,0.6793951923649916,3.816633551519841,0.7073824045042653,58.983382314494236,19.04543749360369,4.755766346554941,4.539146491787529,12.775206340802299,5.515023755465166,1.6983902039453256,0.43368831013511494,0.7365719774990814,12,12,1.312359241150521,0.6682205520008294,0.35159987885655825,4,5.261215178851796,2.8957569146921522,1.4181858219125454,2.5885923228643146,2.475042145282314,0.7773643425722349,5.928886645473641,98,2.4502167163917226,2.446376316325175,0.6728322026715278,2.617741302886156,0.6692449020824364,28.082350870032226,10.957716655756006,4.709825418700694,2.834041788879979,4.463229696465111,3.9553548106090837,1.337613507722928,0.35676256425741415,0.47721042500058625
0,20,819.5013809059999,24.32613778117539,2.0,1.0,-2.0,2.0,6,19,16,1.1263382609107015,0.7993045719159587,0.31817052581921107,4,3.6896437922252296,3.4344832231813034,1.1652099989684728,3.7749015110580855,3.4819992656920618,0.8186448719307666,13.431236546257855,97,5.801576302518464,5.70542068869865,0.6793951923649916,3.816633551519841,0.7073824045042653,58.983382314494236,19.04543749360369,4.755766346554941,4.539146491787529,12.775206340802299,5.515023755465166,1.6983902039453256,0.43368831013511494,0.7365719774990814,12,12,1.312359241150521,0.6682205520008294,0.35159987885655825,4,5.261215178851796,2.8957569146921522,1.4181858219125454,2.5885923228643146,2.475042145282314,0.7773643425722349,5.928886645473641,98,2.4502167163917226,2.446376316325175,0.6728322026715278,2.617741302886156,0.6692449020824364,28.082350870032226,10.957716655756006,4.709825418700694,2.834041788879979,4.463229696465111,3.9553548106090837,1.337613507722928,0.35676256425741415,0.47721042500058625
0,21,805.7712306958731,24.32613778117539,2.0,1.0,-2.0,2.0,6,19,17,1.696110367945783,0.6956491297648375,0.4330737003687398,5,5.607628455890057,4.003222048626897,1.645413815574087,4.193327518235011,3.837392434094718,0.7579415815993252,16.82605409358768,94,5.951404308291474,5.918188543815505,0.6685577024799059,4.605352810446632,0.670298544006653,61.92193328743699,20.494613480728457,4.679903917359341,4.843051901007196,14.349832246799135,6.811772066287295,2.2064192558406623,0.5457858637585978,1.2042324393625985,13,12,1.4016454212679366,0.6688450746269,0.3699349400919193,5,6.707764994217372,3.4600977978920313,1.8029889220707898,2.4248432711758587,2.3431195105765856,0.7474044136283915,5.135217864432414,93,2.051125016886724,2.0222597638174302,0.5509052191139961,2.490552245424718,0.6668483098578575,27.527344740455323,13.371526393733307,3.856336533797973,3.3688259031949586,6.629266517724198,3.9494437579074706,1.4588915124827526,0.38185070517244507,0.557078752811634
0,22,805.7712306958731,24.32613778117539,2.0,1.0,-2.0,2.0,6,19,17,1.696110367945783,0.6956491297648375,0.4330737003687398,5,5.607628455890057,4.003222048626897,1.645413815574087,4.193327518235011,3.837392434094718,0.7579415815993252,16.82605409358768,94,5.951404308291474,5.918188543815505,0.6685577024799059,4.605352810446632,0.670298544006653,61.92193328743699,20.494613480728457,4.679903917359341,4.843051901007196,14.349832246799135,6.811772066287295,2.2064192558406623,0.5457858637585978,1.2042324393625985,13,12,1.4016454212679366,0.6688450746269,0.3699349400919193,5,6.707764994217372,3.4600977978920313,1.8029889220707898,2.4248432711758587,2.3431195105765856,0.7474044136283915,5.135217864432414,93,2.051125016886724,2.0222597638174302,0.5509052191139961,2.490552245424718,0.6668483098578575,27.527344740455323,13.371526393733307,3.856336533797973,3.3688259031949586,6.629266517724198,3.9494437579074706,1.4588915124827526,0.38185070517244507,0.557078752811634
0,23,805.7712306958731,24.32613778117539,2.0,1.0,-2.0,2.0,6,19,17,1.696110367945783,0.6956491297648375,0.4330737003687398,5,5.607628455890057,4.003222048626897,1.645413815574087,4.193327518235011,3.837392434094718,0.7579415815993252,16.82605409358768,94,5.951404308291474,5.918188543815505,0.6685577024799059,4.605352810446632,0.670298544006653,61.92193328743699,20.494613480728457,4.679903917359341,4.843051901007196,14.349832246799135,6.811772066287295,2.2064192558406623,0.5457858637585978,1.2042324393625985,13,12,1.4016454212679366,0.6688450746269,0.3699349400919193,5,6.707764994217372,3.4600977978920313,1.8029889220707898,2.4248432711758587,2.3431195105765856,0.7474044136283915,5.135217864432414,93,2.051125016886724,2.0222597638174302,0.5509052191139961,2.490552245424718,0.6668483098578575,27.527344740455323,13.371526393733307,3.856336533797973,3.3688259031949586,6.629266517724198,3.9494437579074706,1.4588915124827526,0.38185070517244507,0.557078752811634
0,24,805.7712306958731,24.32613778117539,2.0,1.0,-2.0,2.0,6,19,17,1.696110367945783,0.6956491297648375,0.4330737003687398,5,5.607628455890057,4.003222048626897,1.645413815574087,4.193327518235011,3.837392434094718,0.7579415815993252,16.82605409358768,94,5.951404308291474,5.918188543815505,0.6685577024799059,4.605352810446632,0.670298544006653,61.92193328743699,20.494613480728457,4.679903917359341,4.843051901007196,14.349832246799135,6.811772066287295,2.2064192558406623,0.5457858637585978,1.2042324393625985,13,12,1.4016454212679366,0.6688450746269,0.3699349400919193,5,6.707764994217372,3.4600977978920313,1.8029889220707898,2.4248432711758587,2.3431195105765856,0.7474044136283915,5.135217864432414,93,2.051125016886724,2.0222597638174302,0.5509052191139961,2.490552245424718,0.6668483098578575,27.527344740455323,13.371526393733307,3.856336533797973,3.3688259031949586,6.629266517724198,3.9494437579074706,1.4588915124827526,0.38185070517244507,0.557078752811634
0,25,805.7712306958731,24.32613778117539,2.0,1.0,-2.0,2.0,6,19,17,1.696110367945783,0.6956491297648375,0.4330737003687398,5,5.607628455890057,4.003222048626897,1.645413815574087,4.193327518235011,3.837392434094718,0.7579415815993252,16.82605409358768,94,5.951404308291474,5.918188543815505,0.6685577024799059,4.605352810446632,0.670298544006653,61.92193328743699,20.494613480728457,4.679903917359341,4.843051901007196,14.349832246799135,6.811772066287295,2.2064192558406623,0.5457858637585978,1.2042324393625985,13,12,1.4016454212679366,0.6688450746269,0.3699349400919193,5,6.707764994217372,3.4600977978920313,1.8029889220707898,2.4248432711758587,2.3431195105765856,0.7474044136283915,5.135217864432414,93,2.051125016886724,2.0222597638174302,0.5509052191139961,2.490552245424718,0.6668483098578575,27.527344740455323,13.371526393733307,3.856336533797973,3.3688259031949586,6.629266517724198,3.9494437579074706,1.4588915124827526,0.38185070517244507,0.557078752811634
0,26,794.4258026549717,24.32613778117539,2.0,1.0,-2.0,2.0,6,19,17,1.7122653679387028,0.6798284605498196,0.43643861587642563,5,5.501819540349984,3.9014425995569537,1.6226598618497667,4.094491585745004,3.72210326442048,0.7286696531314618,16.036191692605183,94,3.9340967479526268,3.6601701606514245,0.5332321615742948,4.550481466617683,0.6620520816443406,48.07866418344238,22.457473058882414,3.7326251310200633,5.181365455358774,17.00270341482096,6.811772066287295,2.261290599669613,0.5579329793540458,1.261648601458964,13,12,1.3836406560605623,0.6687708471245647,0.3662066157770907,5,6.633660216143782,3.4148465498372014,1.785310798999638,2.4223901459514496,2.3394908811843402,0.741978268026401,5.127870160784764,93,1.992116560761157,1.9398554103410244,0.5079286993108186,2.4872139266454,0.6667112921850814,27.527344740455323,13.948356868068146,3.5555008951757308,3.4989474401689113,7.323843680943413,3.9494437579074706,1.4622298312620707,0.38255000727392957,0.559376032585462
0,27,794.4258026549717,24.32613778117539,2.0,1.0,-2.0,2.0,6,19,17,1.7122653679387028,0.6798284605498196,0.43643861587642563,5,5.501819540349984,3.9014425995569537,1.6226598618497667,4.094491585745004,3.72210326442048,0.7286696531314618,16.036191692605183,94,3.9340967479526268,3.6601701606514245,0.5332321615742948,4.550481466617683,0.6620520816443406,48.07866418344238,22.457473058882414,3.7326251310200633,5.181365455358774,17.00270341482096,6.811772066287295,2.261290599669613,0.5579329793540458,1.261648601458964,13,12,1.3836406560605623,0.6687708471245647,0.3662066157770907,5,6.633660216143782,3.4148465498372014,1.785310798999638,2.4223901459514496,2.3394908811843402,0.741978268026401,5.127870160784764,93,1.992116560761157,1.9398554103410244,0.5079286993108186,2.4872139266454,0.6667112921850814,27.527344740455323,13.948356868068146,3.5555008951757308,3.4989474401689113,7.323843680943413,3.9494437579074706,1.4622298312620707,0.38255000727392957,0.559376032585462
0,28,794.4258026549717,24.32613778117539,2.0,1.0,-2.0,2.0,6,19,17,1.7122653679387028,0.6798284605498196,0.43643861587642563,5,5.501819540349984,3.9014425995569537,1.6226598618497667,4.094491585745004,3.72210326442048,0.7286696531314618,16.036191692605183,94,3.9340967479526268,3.6601701606514245,0.5332321615742948,4.550481466617683,0.6620520816443406,48.07866418344238,22.457473058882414,3.7326251310200633,5.181365455358774,17.00270341482096,6.811772066287295,2.261290599669613,0.5579329793540458,1.261648601458964,13,12,1.3836406560605623,0.6687708471245647,0.3662066157770907,5,6.633660216143782,3.4148465498372014,1.785310798999638,2.4223901459514496,2.3394908811843402,0.741978268026401,5.127870160784764,93,1.992116560761157,1.9398554103410244,0.5079286993108186,2.4872139266454,0.6667112921850814,27.527344740455323,13.948356868068146,3.5555008951757308,3.4989474401689113,7.323843680943413,3.9494437579074706,1.4622298312620707,0.38255000727392957,0.559376032585462
0,29,794.4258026549717,24.32613778117539,2.0,1.0,-2.0,2.0,6,19,17,1.7122653679387028,0.6798284605498196,0.43643861587642563,5,5.501819540349984,3.9014425995569537,1.6226598618497667,4.094491585745004,3.72210326442048,0.7286696531314618,16.036191692605183,94,3.9340967479526268,3.6601701606514245,0.5332321615742948,4.550481466617683,0.6620520816443406,48.07866418344238,22.457473058882414,3.7326251310200633,5.181365455358774,17.00270341482096,6.811772066287295,2.261290599669613,0.5579329793540458,1.261648601458964,13,12,1.3836406560605623,0.6687708471245647,0.3662066157770907,5,6.633660216143782,3.4148465498372014,1.785310798999638,2.4223901459514496,2.3394908811843402,0.741978268026401,5.127870160784764,93,1.992116560761157,1.9398554103410244,0.5079286993108186,2.4872139266454,0.6667112921850814,27.527344740455323,13.948356868068146,3.5555008951757308,3.4989474401689113,7.323843680943413,3.9494437579074706,1.4622298312620707,0.38255000727392957,0.559376032585462
0,30,794.4258026549717,35.087353605370154,2.0,1.0,-2.0,2.0,8,19,17,1.7122653679387028,0.6798284605498196,0.43643861587642563,5,5.501819540349984,3.9014425995569537,1.6226598618497667,4.094491585745004,3.72210326442048,0.7286696531314618,16.036191692605183,94,3.9340967479526268,3.6601701606514245,0.5332321615742948,4.550481466617683,0.6620520816443406,48.07866418344238,22.457473058882414,3.7326251310200633,5.181365455358774,17.00270341482096,6.811772066287295,2.261290599669613,0.5579329793540458,1.261648601458964,13,12,1.3836406560605623,0.6687708471245647,0.3662066157770907,5,6.633660216143782,3.4148465498372014,1.785310798999638,2.4223901459514496,2.3394908811843402,0.741978268026401,5.127870160784764,93,1.992116560761157,1.9398554103410244,0.5079286993108186,2.4872139266454,0.6667112921850814,27.527344740455323,13.948356868068146,3.5555008951757308,3.4989474401689113,7.323843680943413,3.9494437579074706,1.4622298312620707,0.38255000727392957,0.559376032585462
0,31,782.7284569212396,35.087353605370154,2.0,1.0,-2.0,2.0,8,19,18,2.9119228161663813,0.6048097224865403,0.6941843152672098,6,9.735845494189562,4.39595405833264,2.5740852220891988,4.369953916429372,3.9961169745069536,0.6913030157950792,18.405194215921323,93,2.644901550237052,2.5579588205055193,0.37836624534705876,3.310426669555847,0.4912613354574345,44.635263691237114,26.72955194769848,2.648563717429411,5.906513681616545,22.585121341963657,6.81234986744759,3.5019231978917436,0.798207052500951,2.7952597938738735,13,13,1.4620509047030985,0.6666501316950901,0.38251130729991595,6,7.942072027969977,4.072810218496516,2.132215597642077,2.4997159202767048,2.417159299847041,0.7105403979626873,5.538039284122125,92,1.7972820768906606,1.724694480872539,0.4383548451500316,2.4103395068874303,0.6593879462551605,27.994746189274352,15.921884823166575,3.068483916050221,3.9311599831941018,9.498005066444843,3.933887862666468,1.5235483557790375,0.3954080880044909,0.602423342340975
0,32,782.7284569212396,35.087353605370154,2.0,1.0,-2.0,2.0,8,19,18,2.9119228161663813,0.6048097224865403,0.6941843152672098,6,9.735845494189562,4.39595405833264,2.5740852220891988,4.369953916429372,3.9961169745069536,0.6913030157950792,18.405194215921323,93,2.644901550237052,2.5579588205055193,0.37836624534705876,3.310426669555847,0.4912613354574345,44.635263691237114,26.72955194769848,2.648563717429411,5.906513681616545,22.585121341963657,6.81234986744759,3.5019231978917436,0.798207052500951,2.7952597938738735,13,13,1.4620509047030985,0.6666501316950901,0.38251130729991595,6,7.942072027969977,4.072810218496516,2.132215597642077,2.4997159202767048,2.417159299847041,0.7105403979626873,5.538039284122125,92,1.7972820768906606,1.724694480872539,0.4383548451500316,2.4103395068874303,0.6593879462551605,27.994746189274352,15.921884823166575,3.068483916050221,3.9311599831941018,9.498005066444843,3.933887862666468,1.5235483557790375,0.3954080880044909,0.602423342340975
0,33,782.7284569212396,35.087353605370154,2.0,1.0,-2.0,2.0,8,19,18,2.9119228161663813,0.6048097224865403,0.6941843152672098,6,9.735845494189562,4.39595405833264,2.5740852220891988,4.369953916429372,3.9961169745069536,0.6913030157950792,18.405194215921323,93,2.644901550237052,2.5579588205055193,0.37836624534705876,3.310426669555847,0.4912613354574345,44.635263691237114,26.72955194769848,2.648563717429411,5.906513681616545,22.585121341963657,6.81234986744759,3.5019231978917436,0.798207052500951,2.7952597938738735,13,13,1.4620509047030985,0.6666501316950901,0.38251130729991595,6,7.942072027969977,4.072810218496516,2.132215597642077,2.4997159202767048,2.417159299847041,0.7105403979626873,5.538039284122125,92,1.7972820768906606,1.724694480872539,0.4383548451500316,2.4103395068874303,0.6593879462551605,27.994746189274352,15.921884823166575,3.068483916050221,3.9311599831941018,9.498005066444843,3.933887862666468,1.5235483557790375,0.3954080880044909,0.602423342340975
0,34,782.7284569212396,35.087353605370154,2.0,1.0,-2.0,2.0,8,19,18,2.9119228161663813,0.6048097224865403,0.6941843152672098,6,9.735845494189562,4.39595405833264,2.5740852220891988,4.369953916429372,3.9961169745069536,0.6913030157950792,18.405194215921323,93,2.644901550237052,2.5579588205055193,0.37836624534705876,3.310426669555847,0.4912613354574345,44.635263691237114,26.72955194769848,2.648563717429411,5.906513681616545,22.585121341963657,6.81234986744759,3.5019231978917436,0.798207052500951,2.7952597938738735,13,13,1.4620509047030985,0.6666501316950901,0.38251130729991595,6,7.942072027969977,4.072810218496516,2.132215597642077,2.4997159202767048,2.417159299847041,0.7105403979626873,5.538039284122125,92,1.7972820768906606,1.724694480872539,0.4383548451500316,2.4103395068874303,0.6593879462551605,27.994746189274352,15.921884823166575,3.068483916050221,3.9311599831941018,9.498005066444843,3.933887862666468,1.5235483557790375,0.3954080880044909,0.602423342340975
0,35,782.7284569212396,35.087353605370154,2.0,1.0,-2.0,2.0,8,19,18,2.9119228161663813,0.6048097224865403,0.6941843152672098,6,9.735845494189562,4.39595405833264,2.5740852220891988,4.369953916429372,3.9961169745069536,0.6913030157950792,18.405194215921323,93,2.644901550237052,2.5579588205055193,0.37836624534705876,3.310426669555847,0.4912613354574345,44.635263691237114,26.72955194769848,2.648563717429411,5.906513681616545,22.585121341963657,6.81234986744759,3.5019231978917436,0.798207052500951,2.7952597938738735,13,13,1.4620509047030985,0.6666501316950901,0.38251130729991595,6,7.942072027969977,4.072810218496516,2.132215597642077,2.4997159202767048,2.417159299847041,0.7105403979626873,5.538039284122125,92,1.7972820768906606,1.724694480872539,0.4383548451500316,2.4103395068874303,0.6593879462551605,27.994746189274352,15.921884823166575,3.068483916050221,3.9311599831941018,9.498005066444843,3.933887862666468,1.5235483557790375,0.3954080880044909,0.602423342340975
0,36,765.3824720233736,35.087353605370154,2.0,1.0,-2.0,2.0,8,19,18,2.974401416219058,0.4643245009852124,0.7101517559715566,6,8.919789064593356,4.06909439654722,2.404819811152487,3.8522217845254785,3.5566904541752007,0.6476339131515698,14.191978764021092,93,3.4223623621257038,3.4028614075816797,0.4174516667018983,3.7180927342304093,0.46405308721127764,63.54938615513417,39.72935630206243,2.922161666913288,6.736379562447702,38.34098526082674,8.081740536100476,4.363647801870067,0.8978772702128521,3.918020176513408,13,13,1.464722151993232,0.66662940025755,0.3830727863715817,6,8.02884957717593,4.067913221033896,2.149694572429542,2.4423993663813137,2.3675010923259436,0.6992454768761126,5.266069188023732,92,1.7500092407949235,1.645646805781908,0.43513710842263337,2.42769248142745,0.6592127615666726,27.994746189274352,16.475218548800992,3.0459597589584337,4.03427971001534,10.213288887032743,3.933887862666468,1.506195381239018,0.3917140146293363,0.5899978396012995
0,37,765.3824720233736,35.087353605370154,2.0,1.0,-2.0,2.0,8,19,18,2.974401416219058,0.4643245009852124,0.7101517559715566,6,8.919789064593356,4.06909439654722,2.404819811152487,3.8522217845254785,3.5566904541752007,0.6476339131515698,14.191978764021092,93,3.4223623621257038,3.4028614075816797,0.4174516667018983,3.7180927342304093,0.46405308721127764,63.54938615513417,39.72935630206243,2.922161666913288,6.736379562447702,38.34098526082674,8.081740536100476,4.363647801870067,0.8978772702128521,3.918020176513408,13,13,1.464722151993232,0.66662940025755,0.3830727863715817,6,8.02884957717593,4.067913221033896,2.149694572429542,2.4423993663813137,2.3675010923259436,0.6992454768761126,5.266069188023732,92,1.7500092407949235,1.645646805781908,0.43513710842263337,2.42769248142745,0.6592127615666726,27.994746189274352,16.475218548800992,3.0459597589584337,4.03427971001534,10.213288887032743,3.933887862666468,1.506195381239018,0.3917140146293363,0.5899978396012995
0,38,765.3824720233736,35.087353605370154,2.0,1.0,-2.0,2.0,8,19,18,2.974401416219058,0.4643245009852124,0.7101517559715566,6,8.919789064593356,4.06909439654722,2.404819811152487,3.8522217845254785,3.5566904541752007,0.6476339131515698,14.191978764021092,93,3.4223623621257038,3.4028614075816797,0.4174516667018983,3.7180927342304093,0.46405308721127764,63.54938615513417,39.72935630206243,2.922161666913288,6.736379562447702,38.34098526082674,8.081740536100476,4.363647801870067,0.8978772702128521,3.918020176513408,13,13,1.464722151993232,0.66662940025755,0.3830727863715817,6,8.02884957717593,4.067913221033896,2.149694572429542,2.4423993663813137,2.3675010923259436,0.6992454768761126,5.266069188023732,92,1.7500092407949235,1.645646805781908,0.43513710842263337,2.42769248142745,0.6592127615666726,27.994746189274352,16.475218548800992,3.0459597589584337,4.03427971001534,10.213288887032743,3.933887862666468,1.506195381239018,0.3917140146293363,0.5899978396012995
0,39,765.3824720233736,35.087353605370154,2.0,1.0,-2.0,2.0,8,19,18,2.974401416219058,0.4643245009852124,0.7101517559715566,6,8.919789064593356,4.06909439654722,2.404819811152487,3.8522217845254785,3.5566904541752007,0.6476339131515698,14.191978764021092,93,3.4223623621257038,3.4028614075816797,0.4174516667018983,3.7180927342304093,0.46405308721127764,63.54938615513417,39.72935630206243,2.922161666913288,6.736379562447702,38.34098526082674,8.081740536100476,4.363647801870067,0.8978772702128521,3.918020176513408,13,13,1.464722151993232,0.66662940025755,0.3830727863715817,6,8.02884957717593,4.067913221033896,2.149694572429542,2.4423993663813137,2.3675010923259436,0.6992454768761126,5.266069188023732,92,1.7500092407949235,1.645646805781908,0.43513710842263337,2.42769248142745,0.6592127615666726,27.994746189274352,16.475218548800992,3.0459597589584337,4.03427971001534,10.213288887032743,3.933887862666468,1.506195381239018,0.3917140146293363,0.5899978396012995
0,40,765.3824720233736,47.1029820041371,2.0,1.0,-2.0,2.0,10,19,18,2.974401416219058,0.4643245009852124,0.7101517559715566,6,8.919789064593356,4.06909439654722,2.404819811152487,3.8522217845254785,3.5566904541752007,0.6476339131515698,14.191978764021092,93,3.4223623621257038,3.4028614075816797,0.4174516667018983,3.7180927342304093,0.46405308721127764,63.54938615513417,39.72935630206243,2.922161666913288,6.736379562447702,38.34098526082674,8.081740536100476,4.363647801870067,0.8978772702128521,3.918020176513408,13,13,1.464722151993232,0.66662940025755,0.3830727863715817,6,8.02884957717593,4.067913221033896,2.149694572429542,2.4423993663813137,2.3675010923259436,0.6992454768761126,5.266069188023732,92,1.7500092407949235,1.645646805781908,0.43513710842263337,2.42769248142745,0.6592127615666726,27.994746189274352,16.475218548800992,3.0459597589584337,4.03427971001534,10.213288887032743,3.933887862666468,1.506195381239018,0.3917140146293363,0.5899978396012995
0,41,752.9770651422064,47.1029820041371,2.0,1.0,-2.0,2.0,10,19,19,4.335547764370383,0.43925177583570124,0.8963133999658804,7,12.909507192430805,4.493264366431357,3.2471992535283216,4.203699075247372,3.8712135798562346,0.6092060259957754,17.061879889239844,92,3.1177864648592637,3.09549743715115,0.3519638336027699,3.6740157792193235,0.4026840414360244,65.12135447215914,43.4528724121011,2.463746835219389,6.856374823384679,42.5861903728092,9.119274111001175,5.445258331781852,0.9608876231498058,5.23228133586254,13,14,1.4905880570504786,0.6591515020428407,0.38840354902629376,7,9.411915585841049,4.725635713228527,2.5160315493730887,2.5078461392367855,2.4117226455555403,0.6659980756649914,5.625297751372187,91,1.5207286612066364,1.3677972821950364,0.3798302009204501,2.3478774925558366,0.6239090955278742,28.363714857296635,18.78913388193138,2.6588114064431507,4.487043410914314,12.934292181891166,3.92152919972812,1.5736517071722835,0.40562022105633544,0.6383049533289012
0,42,752.9770651422064,47.1029820041371,2.0,1.0,-2.0,2.0,10,19,19,4.335547764370383,0.43925177583570124,0.8963133999658804,7,12.909507192430805,4.493264366431357,3.2471992535283216,4.203699075247372,3.8712135798562346,0.6092060259957754,17.061879889239844,92,3.1177864648592637,3.09549743715115,0.3519638336027699,3.6740157792193235,0.4026840414360244,65.12135447215914,43.4528724121011,2.463746835219389,6.856374823384679,42.5861903728092,9.119274111001175,5.445258331781852,0.9608876231498058,5.23228133586254,13,14,1.4905880570504786,0.6591515020428407,0.38840354902629376,7,9.411915585841049,4.725635713228527,2.5160315493730887,2.5078461392367855,2.4117226455555403,0.6659980756649914,5.625297751372187,91,1.5207286612066364,1.3677972821950364,0.3798302009204501,2.3478774925558366,0.6239090955278742,28.363714857296635,18.78913388193138,2.6588114064431507,4.487043410914314,12.934292181891166,3.92152919972812,1.5736517071722835,0.40562022105633544,0.6383049533289012
0,43,752.9770651422064,47.1029820041371,2.0,1.0,-2.0,2.0,10,19,19,4.335547764370383,0.43925177583570124,0.8963133999658804,7,12.909507192430805,4.493264366431357,3.2471992535283216,4.203699075247372,3.8712135798562346,0.6092060259957754,17.061879889239844,92,3.1177864648592637,3.09549743715115,0.3519638336027699,3.6740157792193235,0.4026840414360244,65.12135447215914,43.4528724121011,2.463746835219389,6.856374823384679,42.5861903728092,9.119274111001175,5.445258331781852,0.9608876231498058,5.23228133586254,13,14,1.4905880570504786,0.6591515020428407,0.38840354902629376,7,9.411915585841049,4.725635713228527,2.5160315493730887,2.5078461392367855,2.4117226455555403,0.6659980756649914,5.625297751372187,91,1.5207286612066364,1.3677972821950364,0.3798302009204501,2.3478774925558366,0.6239090955278742,28.363714857296635,18.78913388193138,2.6588114064431507,4.487043410914314,12.934292181891166,3.92152919972812,1.5736517071722835,0.40562022105633544,0.6383049533289012
0,44,752.9770651422064,47.1029820041371,2.0,1.0,-2.0,2.0,10,19,19,4.335547764370383,0.43925177583570124,0.8963133999658804,7,12.909507192430805,4.493264366431357,3.2471992535283216,4.203699075247372,3.8712135798562346,0.6092060259957754,17.061879889239844,92,3.1177864648592637,3.09549743715115,0.3519638336027699,3.6740157792193235,0.4026840414360244,65.12135447215914,43.4528724121011,2.463746835219389,6.856374823384679,42.5861903728092,9.119274111001175,5.445258331781852,0.9608876231498058,5.23228133586254,13,14,1.4905880570504786,0.6591515020428407,0.38840354902629376,7,9.411915585841049,4.725635713228527,2.5160315493730887,2.5078461392367855,2.4117226455555403,0.6659980756649914,5.625297751372187,91,1.5207286612066364,1.3677972821950364,0.3798302009204501,2.3478774925558366,0.6239090955278742,28.363714857296635,18.78913388193138,2.6588114064431507,4.487043410914314,12.934292181891166,3.92152919972812,1.5736517071722835,0.40562022105633544,0.6383049533289012
0,45,752.9770651422064,47.1029820041371,2.0,1.0,-2.0,2.0,10,19,19,4.335547764370383,0.43925177583570124,0.8963133999658804,7,12.909507192430805,4.493264366431357,3.2471992535283216,4.203699075247372,3.8712135798562346,0.6092060259957754,17.061879889239844,92,3.1177864648592637,3.09549743715115,0.3519638336027699,3.6740157792193235,0.4026840414360244,65.12135447215914,43.4528724121011,2.463746835219389,6.856374823384679,42.5861903728092,9.119274111001175,5.445258331781852,0.9608876231498058,5.23228133586254,13,14,1.4905880570504786,0.6591515020428407,0.38840354902629376,7,9.411915585841049,4.725635713228527,2.5160315493730887,2.5078461392367855,2.4117226455555403,0.6659980756649914,5.625297751372187,91,1.5207286612066364,1.3677972821950364,0.3798302009204501,2.3478774925558366,0.6239090955278742,28.363714857296635,18.78913388193138,2.6588114064431507,4.487043410914314,12.934292181891166,3.92152919972812,1.5736517071722835,0.40562022105633544,0.6383049533289012
0,46,737.833214138846,47.1029820041371,2.0,1.0,-2.0,2.0,10,19,19,4.4857996611866895,0.42996643599510415,0.9088153515392362,7,12.774024083422233,4.47731546687234,3.207797241110461,3.813068878435492,3.5795813737757185,0.5813830453770381,13.95811122631626,92,3.273942272159565,3.2586629105943277,0.3506614697549222,3.4990231296441374,0.3863843048485094,66.97190422806725,44.16126385390696,2.4546302882844553,6.872212831203525,43.37067713080562,9.119274111001175,5.620250981357038,0.9668615477019936,5.434004562308514,13,14,1.4861061583385722,0.659140170925382,0.3874548743055297,7,9.421049694272604,4.725342856089668,2.5179050082834253,2.5163476725083243,2.4170277910965554,0.6657647053439825,5.668788316001735,91,1.507756603090356,1.3365744959584924,0.37927460495463067,2.3537180296680864,0.623881714165686,28.363714857296635,19.00769338558719,2.654922234682415,4.515550451273439,13.225237314077543,3.92152919972812,1.5678111700600332,0.40435847067125497,0.6339577270267859
0,47,737.833214138846,47.1029820041371,2.0,1.0,-2.0,2.0,10,19,19,4.4857996611866895,0.42996643599510415,0.9088153515392362,7,12.774024083422233,4.47731546687234,3.207797241110461,3.813068878435492,3.5795813737757185,0.5813830453770381,13.95811122631626,92,3.273942272159565,3.2586629105943277,0.3506614697549222,3.4990231296441374,0.3863843048485094,66.97190422806725,44.16126385390696,2.4546302882844553,6.872212831203525,43.37067713080562,9.119274111001175,5.620250981357038,0.9668615477019936,5.434004562308514,13,14,1.4861061583385722,0.659140170925382,0.3874548743055297,7,9.421049694272604,4.725342856089668,2.5179050082834253,2.5163476725083243,2.4170277910965554,0.6657647053439825,5.668788316001735,91,1.507756603090356,1.3365744959584924,0.37927460495463067,2.3537180296680864,0.623881714165686,28.363714857296635,19.00769338558719,2.654922234682415,4.515550451273439,13.225237314077543,3.92152919972812,1.5678111700600332,0.40435847067125497,0.6339577270267859
0,48,737.833214138846,47.1029820041371,2.0,1.0,-2.0,2.0,10,19,19,4.4857996611866895,0.42996643599510415,0.9088153515392362,7,12.774024083422233,4.47731546687234,3.207797241110461,3.813068878435492,3.5795813737757185,0.5813830453770381,13.95811122631626,92,3.273942272159565,3.2586629105943277,0.3506614697549222,3.4990231296441374,0.3863843048485094,66.97190422806725,44.16126385390696,2.4546302882844553,6.872212831203525,43.37067713080562,9.119274111001175,5.620250981357038,0.9668615477019936,5.434004562308514,13,14,1.4861061583385722,0.659140170925382,0.3874548743055297,7,9.421049694272604,4.725342856089668,2.5179050082834253,2.5163476725083243,2.4170277910965554,0.6657647053439825,5.668788316001735,91,1.507756603090356,1.3365744959584924,0.37927460495463067,2.3537180296680864,0.623881714165686,28.363714857296635,19.00769338558719,2.654922234682415,4.515550451273439,13.225237314077543,3.92152919972812,1.5678111700600332,0.40435847067125497,0.6339577270267859
0,49,737.833214138846,47.1029820041371,2.0,1.0,-2.0,2.0,10,19,19,4.4857996611866895,0.42996643599510415,0.9088153515392362,7,12.774024083422233,4.47731546687234,3.207797241110461,3.813068878435492,3.5795813737757185,0.5813830453770381,13.95811122631626,92,3.273942272159565,3.2586629105943277,0.3506614697549222,3.4990231296441374,0.3863843048485094,66.97190422806725,44.16126385390696,2.4546302882844553,6.872212831203525,43.37067713080562,9.119274111001175,5.620250981357038,0.9668615477019936,5.434004562308514,13,14,1.4861061583385722,0.659140170925382,0.3874548743055297,7,9.421049694272604,4.725342856089668,2.5179050082834253,2.5163476725083243,2.4170277910965554,0.6657647053439825,5.668788316001735,91,1.507756603090356,1.3365744959584924,0.37927460495463067,2.3537180296680864,0.623881714165686,28.363714857296635,19.00769338558719,2.654922234682415,4.515550451273439,13.225237314077543,3.92152919972812,1.5678111700600332,0.40435847067125497,0.6339577270267859
0,50,737.833214138846,60.14378531486639,2.0,1.0,-2.0,2.0,12,19,19,4.4857996611866895,0.42996643599510415,0.9088153515392362,7,12.774024083422233,4.47731546687234,3.207797241110461,3.813068878435492,3.5795813737757185,0.5813830453770381,13.95811122631626,92,3.273942272159565,3.2586629105943277,0.3506614697549222,3.4990231296441374,0.3863843048485094,66.97190422806725,44.16126385390696,2.4546302882844553,6.872212831203525,43.37067713080562,9.119274111001175,5.620250981357038,0.9668615477019936,5.434004562308514,13,14,1.4861061583385722,0.659140170925382,0.3874548743055297,7,9.421049694272604,4.725342856089668,2.5179050082834253,2.5163476725083243,2.4170277910965554,0.6657647053439825,5.668788316001735,91,1.507756603090356,1.3365744959584924,0.37927460495463067,2.3537180296680864,0.623881714165686,28.363714857296635,19.00769338558719,2.654922234682415,4.515550451273439,13.225237314077543,3.92152919972812,1.5678111700600332,0.40435847067125497,0.6339577270267859
0,51,723.6464855429849,60.14378531486639,2.0,1.0,-2.0,2.0,12,19,20,5.617828752848232,0.3830502071297291,0.9668506760369208,8,18.663562325139814,4.855214122300861,4.226302334671564,4.060746097397052,3.8222881847095427,0.5650695182379971,15.924589349287391,91,3.2286469953851356,3.214527353252317,0.34496288902413547,3.5605236523370527,0.34593640109693263,67.10999066899421,44.608299196227996,2.4147402231689483,6.884514378946273,43.876175816749125,9.766637175812933,6.206113523475881,0.9810455127948892,6.088479824101691,13,15,1.5763951625463684,0.6238760631699192,0.406212663783609,8,11.031836722976948,5.349047233934657,2.9310287023474295,2.5178918964181505,2.391998105838133,0.6299204242942948,5.712874203804515,90,1.253417744067609,1.1229345502899157,0.33666863981291933,2.1231651124200805,0.535713759741505,29.073811679498256,21.21326982746885,2.356680478690435,4.948870244213189,15.760338521652702,3.9051894208594624,1.7820243084393816,0.4506291300976749,0.8030320639249493
0,52,723.6464855429849,60.14378531486639,2.0,1.0,-2.0,2.0,12,19,20,5.617828752848232,0.3830502071297291,0.9668506760369208,8,18.663562325139814,4.855214122300861,4.226302334671564,4.060746097397052,3.8222881847095427,0.5650695182379971,15.924589349287391,91,3.2286469953851356,3.214527353252317,0.34496288902413547,3.5605236523370527,0.34593640109693263,67.10999066899421,44.608299196227996,2.4147402231689483,6.884514378946273,43.876175816749125,9.766637175812933,6.206113523475881,0.9810455127948892,6.088479824101691,13,15,1.5763951625463684,0.6238760631699192,0.406212663783609,8,11.031836722976948,5.349047233934657,2.9310287023474295,2.5178918964181505,2.391998105838133,0.6299204242942948,5.712874203804515,90,1.253417744067609,1.1229345502899157,0.33666863981291933,2.1231651124200805,0.535713759741505,29.073811679498256,21.21326982746885,2.356680478690435,4.948870244213189,15.760338521652702,3.9051894208594624,1.7820243084393816,0.4506291300976749,0.8030320639249493
0,53,723.6464855429849,60.14378531486639,2.0,1.0,-2.0,2.0,12,19,20,5.617828752848232,0.3830502071297291,0.9668506760369208,8,18.663562325139814,4.855214122300861,4.226302334671564,4.060746097397052,3.8222881847095427,0.5650695182379971,15.924589349287391,91,3.2286469953851356,3.214527353252317,0.34496288902413547,3.5605236523370527,0.34593640109693263,67.10999066899421,44.608299196227996,2.4147402231689483,6.884514378946273,43.876175816749125,9.766637175812933,6.206113523475881,0.9810455127948892,6.088479824101691,13,15,1.5763951625463684,0.6238760631699192,0.406212663783609,8,11.031836722976948,5.349047233934657,2.9310287023474295,2.5178918964181505,2.391998105838133,0.6299204242942948,5.712874203804515,90,1.253417744067609,1.1229345502899157,0.33666863981291933,2.1231651124200805,0.535713759741505,29.073811679498256,21.21326982746885,2.356680478690435,4.948870244213189,15.760338521652702,3.9051894208594624,1.7820243084393816,0.4506291300976749,0.8030320639249493
0,54,723.6464855429849,60.14378531486639,2.0,1.0,-2.0,2.0,12,19,20,5.617828752848232,0.3830502071297291,0.9668506760369208,8,18.663562325139814,4.855214122300861,4.226302334671564,4.060746097397052,3.8222881847095427,0.5650695182379971,15.924589349287391,91,3.2286469953851356,3.214527353252317,0.34496288902413547,3.5605236523370527,0.34593640109693263,67.10999066899421,44.608299196227996,2.4147402231689483,6.884514378946273,43.876175816749125,9.766637175812933,6.206113523475881,0.9810455127948892,6.088479824101691,13,15,1.5763951625463684,0.6238760631699192,0.406212663783609,8,11.031836722976948,5.349047233934657,2.9310287023474295,2.5178918964181505,2.391998105838133,0.6299204242942948,5.712874203804515,90,1.253417744067609,1.1229345502899157,0.33666863981291933,2.1231651124200805,0.535713759741505,29.073811679498256,21.21326982746885,2.356680478690435,4.948870244213189,15.760338521652702,3.9051894208594624,1.7820243084393816,0.4506291300976749,0.8030320639249493
0,55,723.6464855429849,60.14378531486639,2.0,1.0,-2.0,2.0,12,19,20,5.617828752848232,0.3830502071297291,0.9668506760369208,8,18.663562325139814,4.855214122300861,4.226302334671564,4.060746097397052,3.8222881847095427,0.5650695182379971,15.924589349287391,91,3.2286469953851356,3.214527353252317,0.34496288902413547,3.5605236523370527,0.34593640109693263,67.10999066899421,44.608299196227996,2.4147402231689483,6.884514378946273,43.876175816749125,9.766637175812933,6.206113523475881,0.9810455127948892,6.088479824101691,13,15,1.5763951625463684,0.6238760631699192,0.406212663783609,8,11.031836722976948,5.349047233934657,2.9310287023474295,2.5178918964181505,2.391998105838133,0.6299204242942948,5.712874203804515,90,1.253417744067609,1.1229345502899157,0.33666863981291933,2.1231651124200805,0.535713759741505,29.073811679498256,21.21326982746885,2.356680478690435,4.948870244213189,15.760338521652702,3.9051894208594624,1.7820243084393816,0.4506291300976749,0.8030320639249493
0,56,710.1692679712268,60.14378531486639,2.0,1.0,-2.0,2.0,12,19,20,5.672149347895394,0.3825656333611496,0.9684447000691088,8,18.8049079686613,4.852308886856475,4.24033394025834,3.8895457403166276,3.695116968993746,0.5428898950804679,14.585676170934757,91,3.2193551464311403,3.2062580776859613,0.34481733044302854,3.4950776994381076,0.3456880045882877,67.10999066899421,44.666184125192494,2.4137213131012,6.885735583743778,43.94014937737579,9.766637175812933,6.271559476374826,0.9821573158729239,6.159658021653699,13,15,1.5768304907718962,0.6238692749919235,0.40630667528572867,8,11.01823288269934,5.215692388326767,2.924140269427355,2.4982457522848014,2.3802473886271858,0.6173201757529941,5.625658779732238,90,1.2651106446979175,1.1433279764168722,0.3360593735350279,2.1215239338984397,0.5357067408029543,29.073811679498256,21.070515844580154,2.3524156147451953,4.9292803862963925,15.574214389524263,3.9051894208594624,1.7836654869610227,0.450998403119587,0.8044302863189418
0,57,710.1692679712268,60.14378531486639,2.0,1.0,-2.0,2.0,12,19,20,5.672149347895394,0.3825656333611496,0.9684447000691088,8,18.8049079686613,4.852308886856475,4.24033394025834,3.8895457403166276,3.695116968993746,0.5428898950804679,14.585676170934757,91,3.2193551464311403,3.2062580776859613,0.34481733044302854,3.4950776994381076,0.3456880045882877,67.10999066899421,44.666184125192494,2.4137213131012,6.885735583743778,43.94014937737579,9.766637175812933,6.271559476374826,0.9821573158729239,6.159658021653699,13,15,1.5768304907718962,0.6238692749919235,0.40630667528572867,8,11.01823288269934,5.215692388326767,2.924140269427355,2.4982457522848014,2.3802473886271858,0.6173201757529941,5.625658779732238,90,1.2651106446979175,1.1433279764168722,0.3360593735350279,2.1215239338984397,0.5357067408029543,29.073811679498256,21.070515844580154,2.3524156147451953,4.9292803862963925,15.574214389524263,3.9051894208594624,1.7836654869610227,0.450998403119587,0.8044302863189418
0,58,710.1692679712268,60.14378531486639,2.0,1.0,-2.0,2.0,12,19,20,5.672149347895394,0.3825656333611496,0.9684447000691088,8,18.8049079686613,4.852308886856475,4.24033394025834,3.8895457403166276,3.695116968993746,0.5428898950804679,14.585676170934757,91,3.2193551464311403,3.2062580776859613,0.34481733044302854,3.4950776994381076,0.3456880045882877,67.10999066899421,44.666184125192494,2.4137213131012,6.885735583743778,43.94014937737579,9.766637175812933,6.271559476374826,0.9821573158729239,6.159658021653699,13,15,1.5768304907718962,0.6238692749919235,0.40630667528572867,8,11.01823288269934,5.215692388326767,2.924140269427355,2.4982457522848014,2.3802473886271858,0.6173201757529941,5.625658779732238,90,1.2651106446979175,1.1433279764168722,0.3360593735350279,2.1215239338984397,0.5357067408029543,29.073811679498256,21.070515844580154,2.3524156147451953,4.9292803862963925,15.574214389524263,3.9051894208594624,1.7836654869610227,0.450998403119587,0.8044302863189418
0,59,710.1692679712268,60.14378531486639,2.0,1.0,-2.0,2.0,12,19,20,5.672149347895394,0.3825656333611496,0.9684447000691088,8,18.8049079686613,4.852308886856475,4.24033394025834,3.8895457403166276,3.695116968993746,0.5428898950804679,14.585676170934757,91,3.2193551464311403,3.2062580776859613,0.34481733044302854,3.4950776994381076,0.3456880045882877,67.10999066899421,44.666184125192494,2.4137213131012,6.885735583743778,43.94014937737579,9.766637175812933,6.271559476374826,0.9821573158729239,6.159658021653699,13,15,1.5768304907718962,0.6238692749919235,0.40630667528572867,8,11.01823288269934,5.215692388326767,2.924140269427355,2.4982457522848014,2.3802473886271858,0.6173201757529941,5.625658779732238,90,1.2651106446979175,1.1433279764168722,0.3360593735350279,2.1215239338984397,0.5357067408029543,29.073811679498256,21.070515844580154,2.3524156147451953,4.9292803862963925,15.574214389524263,3.9051894208594624,1.7836654869610227,0.450998403119587,0.8044302863189418
0,60,710.1692679712268,73.81561191153878,2.0,1.0,-2.0,2.0,14,19,20,5.672149347895394,0.3825656333611496,0.9684447000691088,8,18.8049079686613,4.852308886856475,4.24033394025834,3.8895457403166276,3.695116968993746,0.5428898950804679,14.585676170934757,91,3.2193551464311403,3.2062580776859613,0.34481733044302854,3.4950776994381076,0.3456880045882877,67.10999066899421,44.666184125192494,2.4137213131012,6.885735583743778,43.94014937737579,9.766637175812933,6.271559476374826,0.9821573158729239,6.159658021653699,13,15,1.5768304907718962,0.6238692749919235,0.40630667528572867,8,11.01823288269934,5.215692388326767,2.924140269427355,2.4982457522848014,2.3802473886271858,0.6173201757529941,5.625658779732238,90,1.2651106446979175,1.1433279764168722,0.3360593735350279,2.1215239338984397,0.5357067408029543,29.073811679498256,21.070515844580154,2.3524156147451953,4.9292803862963925,15.574214389524263,3.9051894208594624,1.7836654869610227,0.450998403119587,0.8044302863189418
0,61,700.6098199205628,73.81561191153878,2.0,1.0,-2.0,2.0,14,19,21,6.307939963895527,0.34558430353035224,0.9827470312900747,9,24.81917284911376,5.1973153809884165,5.170028482753679,3.895958164452897,3.741238488908539,0.5423540331750164,14.636135985992171,91,3.240894363475201,3.2263958738350813,0.3505427679127268,3.635116108079095,0.35280166263939766,67.09161738729412,44.50684627044856,2.453799375389088,6.882240563032035,43.76255208619319,9.871253141210994,6.236137033131899,0.9814769087253121,6.120624497665736,13,16,1.7869149734302976,0.5356573545212563,0.451729438307091,9,12.461187127209085,5.570979810547174,3.3031364413781303,2.408819424841776,2.276611429826199,0.5615171446375532,5.246676538611902,89,1.2865182523989964,1.2361764154069053,0.29687876064176516,1.6954734816931651,0.40600887794061563,33.104589366000404,24.451354458152068,2.078151324492356,5.49830733802559,19.77536000541434,3.89233874856688,2.196865266873715,0.5455803554391929,1.198566533152979
0,62,700.6098199205628,73.81561191153878,2.0,1.0,-2.0,2.0,14,19,21,6.307939963895527,0.34558430353035224,0.9827470312900747,9,24.81917284911376,5.1973153809884165,5.170028482753679,3.895958164452897,3.741238488908539,0.5423540331750164,14.636135985992171,91,3.240894363475201,3.2263958738350813,0.3505427679127268,3.635116108079095,0.35280166263939766,67.09161738729412,44.50684627044856,2.453799375389088,6.882240563032035,43.76255208619319,9.871253141210994,6.236137033131899,0.9814769087253121,6.120624497665736,13,16,1.7869149734302976,0.5356573545212563,0.451729438307091,9,12.461187127209085,5.570979810547174,3.3031364413781303,2.408819424841776,2.276611429826199,0.5615171446375532,5.246676538611902,89,1.2865182523989964,1.2361764154069053,0.29687876064176516,1.6954734816931651,0.40600887794061563,33.104589366000404,24.451354458152068,2.078151324492356,5.49830733802559,19.77536000541434,3.89233874856688,2.196865266873715,0.5455803554391929,1.198566533152979
0,63,700.6098199205628,73.81561191153878,2.0,1.0,-2.0,2.0,14,19,21,6.307939963895527,0.34558430353035224,0.9827470312900747,9,24.81917284911376,5.1973153809884165,5.170028482753679,3.895958164452897,3.741238488908539,0.5423540331750164,14.636135985992171,91,3.240894363475201,3.2263958738350813,0.3505427679127268,3.635116108079095,0.35280166263939766,67.09161738729412,44.50684627044856,2.453799375389088,6.882240563032035,43.76255208619319,9.871253141210994,6.236137033131899,0.9814769087253121,6.120624497665736,13,16,1.7869149734302976,0.5356573545212563,0.451729438307091,9,12.461187127209085,5.570979810547174,3.3031364413781303,2.408819424841776,2.276611429826199,0.5615171446375532,5.246676538611902,89,1.2865182523989964,1.2361764154069053,0.29687876064176516,1.6954734816931651,0.40600887794061563,33.104589366000404,24.451354458152068,2.078151324492356,5.49830733802559,19.77536000541434,3.89233874856688,2.196865266873715,0.5455803554391929,1.198566533152979
0,64,700.6098199205628,73.81561191153878,2.0,1.0,-2.0,2.0,14,19,21,6.307939963895527,0.34558430353035224,0.9827470312900747,9,24.81917284911376,5.1973153809884165,5.170028482753679,3.895958164452897,3.741238488908539,0.5423540331750164,14.636135985992171,91,3.240894363475201,3.2263958738350813,0.3505427679127268,3.635116108079095,0.35280166263939766,67.09161738729412,44.50684627044856,2.453799375389088,6.882240563032035,43.76255208619319,9.871253141210994,6.236137033131899,0.9814769087253121,6.120624497665736,13,16,1.7869149734302976,0.5356573545212563,0.451729438307091,9,12.461187127209085,5.570979810547174,3.3031364413781303,2.408819424841776,2.276611429826199,0.5615171446375532,5.246676538611902,89,1.2865182523989964,1.2361764154069053,0.29687876064176516,1.6954734816931651,0.40600887794061563,33.104589366000404,24.451354458152068,2.078151324492356,5.49830733802559,19.77536000541434,3.89233874856688,2.196865266873715,0.5455803554391929,1.198566533152979
0,65,700.6098199205628,73.81561191153878,2.0,1.0,-2.0,2.0,14,19,21,6.307939963895527,0.34558430353035224,0.9827470312900747,9,24.81917284911376,5.1973153809884165,5.170028482753679,3.895958164452897,3.741238488908539,0.5423540331750164,14.636135985992171,91,3.240894363475201,3.2263958738350813,0.3505427679127268,3.635116108079095,0.35280166263939766,67.09161738729412,44.50684627044856,2.453799375389088,6.882240563032035,43.76255208619319,9.871253141210994,6.236137033131899,0.9814769087253121,6.120624497665736,13,16,1.7869149734302976,0.5356573545212563,0.451729438307091,9,12.461187127209085,5.570979810547174,3.3031364413781303,2.408819424841776,2.276611429826199,0.5615171446375532,5.246676538611902,89,1.2865182523989964,1.2361764154069053,0.29687876064176516,1.6954734816931651,0.40600887794061563,33.104589366000404,24.451354458152068,2.078151324492356,5.49830733802559,19.77536000541434,3.89233874856688,2.196865266873715,0.5455803554391929,1.198566533152979
0,66,693.8872679070604,73.81561191153878,2.0,1.0,-2.0,2.0,14,19,21,6.331082716183755,0.3454735464780238,0.9831126917435353,9,24.876346612260303,5.196807363593894,5.171783297584465,3.917544722888458,3.757368291696982,0.5377342198150223,14.809422436016181,91,3.2460337663370415,3.2315195599521895,0.35052227045994966,3.61532827637125,0.35275412228480535,67.09161738729412,44.47098046762879,2.4536558932196475,6.881699860669787,43.72385526221836,9.871253141210994,6.255924864839744,0.9818116444805324,6.1421398792949615,13,16,1.7917215420298611,0.5350933524771438,0.45280743553963454,9,13.054768045998893,5.5506633881109,3.419612050599965,2.380942995383577,2.2452602449752446,0.547309807979317,5.1286130998267465,89,1.284582307339979,1.233459750542795,0.29683856701779865,1.6930467295517708,0.4058787956392031,33.104589366000404,24.470371112200837,2.0778699691245905,5.501727151942738,19.799660804407655,3.89233874856688,2.1992920190151093,0.546140058082939,1.2011214710062559
0,67,693.8872679070604,73.81561191153878,2.0,1.0,-2.0,2.0,14,19,21,6.331082716183755,0.3454735464780238,0.9831126917435353,9,24.876346612260303,5.196807363593894,5.171783297584465,3.917544722888458,3.757368291696982,0.5377342198150223,14.809422436016181,91,3.2460337663370415,3.2315195599521895,0.35052227045994966,3.61532827637125,0.35275412228480535,67.09161738729412,44.47098046762879,2.4536558932196475,6.881699860669787,43.72385526221836,9.871253141210994,6.255924864839744,0.9818116444805324,6.1421398792949615,13,16,1.7917215420298611,0.5350933524771438,0.45280743553963454,9,13.054768045998893,5.5506633881109,3.419612050599965,2.380942995383577,2.2452602449752446,0.547309807979317,5.1286130998267465,89,1.284582307339979,1.233459750542795,0.29683856701779865,1.6930467295517708,0.4058787956392031,33.104589366000404,24.470371112200837,2.0778699691245905,5.501727151942738,19.799660804407655,3.89233874856688,2.1992920190151093,0.546140058082939,1.2011214710062559
0,68,693.8872679070604,73.81561191153878,2.0,1.0,-2.0,2.0,14,19,21,6.331082716183755,0.3454735464780238,0.9831126917435353,9,24.876346612260303,5.196807363593894,5.171783297584465,3.917544722888458,3.757368291696982,0.5377342198150223,14.809422436016181,91,3.2460337663370415,3.2315195599521895,0.35052227045994966,3.61532827637125,0.35275412228480535,67.09161738729412,44.47098046762879,2.4536558932196475,6.881699860669787,43.72385526221836,9.871253141210994,6.255924864839744,0.9818116444805324,6.1421398792949615,13,16,1.7917215420298611,0.5350933524771438,0.45280743553963454,9,13.054768045998893,5.5506633881109,3.419612050599965,2.380942995383577,2.2452602449752446,0.547309807979317,5.1286130998267465,89,1.284582307339979,1.233459750542795,0.29683856701779865,1.6930467295517708,0.4058787956392031,33.104589366000404,24.470371112200837,2.0778699691245905,5.501727151942738,19.799660804407655,3.89233874856688,2.1992920190151093,0.546140058082939,1.2011214710062559
0,69,693.8872679070604,73.81561191153878,2.0,1.0,-2.0,2.0,14,19,21,6.331082716183755,0.3454735464780238,0.9831126917435353,9,24.876346612260303,5.196807363593894,5.171783297584465,3.917544722888458,3.757368291696982,0.5377342198150223,14.809422436016181,91,3.2460337663370415,3.2315195599521895,0.35052227045994966,3.61532827637125,0.35275412228480535,67.09161738729412,44.47098046762879,2.4536558932196475,6.881699860669787,43.72385526221836,9.871253141210994,6.255924864839744,0.9818116444805324,6.1421398792949615,13,16,1.7917215420298611,0.5350933524771438,0.45280743553963454,9,13.054768045998893,5.5506633881109,3.419612050599965,2.380942995383577,2.2452602449752446,0.547309807979317,5.1286130998267465,89,1.284582307339979,1.233459750542795,0.29683856701779865,1.6930467295517708,0.4058787956392031,33.104589366000404,24.470371112200837,2.0778699691245905,5.501727151942738,19.799660804407655,3.89233874856688,2.1992920190151093,0.546140058082939,1.2011214710062559
0,70,693.8872679070604,87.57920380131667,2.0,1.0,-2.0,2.0,16,19,21,6.331082716183755,0.3454735464780238,0.9831126917435353,9,24.876346612260303,5.196807363593894,5.171783297584465,3.917544722888458,3.757368291696982,0.5377342198150223,14.809422436016181,91,3.2460337663370415,3.2315195599521895,0.35052227045994966,3.61532827637125,0.35275412228480535,67.09161738729412,44.47098046762879,2.4536558932196475,6.881699860669787,43.72385526221836,9.871253141210994,6.255924864839744,0.9818116444805324,6.1421398792949615,13,16,1.7917215420298611,0.5350933524771438,0.45280743553963454,9,13.054768045998893,5.5506633881109,3.419612050599965,2.380942995383577,2.2452602449752446,0.547309807979317,5.1286130998267465,89,1.284582307339979,1.233459750542795,0.29683856701779865,1.6930467295517708,0.4058787956392031,33.104589366000404,24.470371112200837,2.0778699691245905,5.501727151942738,19.799660804407655,3.89233874856688,2.1992920190151093,0.546140058082939,1.2011214710062559
0,71,682.8097795334409,87.57920380131667,2.0,1.0,-2.0,2.0,16,19,22,6.25581452422026,0.3527488275887802,0.9818098627780812,10,31.174145162770326,5.546883571566319,6.1561632481277,3.9656846885204584,3.844746936408964,0.533891664541919,15.192763384223682,91,3.16408359602706,3.1527891319450623,0.34887222251030625,3.397591828865256,0.34904114761564053,66.37688517314467,44.30736124952924,2.4421055575721438,6.878938262900656,43.54632618567295,10.0,6.602408171134744,0.9868241189626219,6.515415626511659,13,17,2.193121536656826,0.4007715155867057,0.5447577441975833,10,15.042142831944401,5.88740458285419,3.920314574466092,2.193728838464972,2.059290673783336,0.4891575656244405,4.329870097012445,89,1.4854455032473493,1.39701312987011,0.291953805061771,1.2841836896889203,0.29321015133526107,37.56084778589049,27.781755876799718,2.043676635432397,5.960332379497619,23.988913775029346,4.097403719840463,2.8132200301515424,0.6835408349008468,1.9229507681695708
0,72,682.8097795334409,87.57920380131667,2.0,1.0,-2.0,2.0,16,19,22,6.25581452422026,0.3527488275887802,0.9818098627780812,10,31.174145162770326,5.546883571566319,6.1561632481277,3.9656846885204584,3.844746936408964,0.533891664541919,15.192763384223682,91,3.16408359602706,3.1527891319450623,0.34887222251030625,3.397591828865256,0.34904114761564053,66.37688517314467,44.30736124952924,2.4421055575721438,6.878938262900656,43.54632618567295,10.0,6.602408171134744,0.9868241189626219,6.515415626511659,13,17,2.193121536656826,0.4007715155867057,0.5447577441975833,10,15.042142831944401,5.88740458285419,3.920314574466092,2.193728838464972,2.059290673783336,0.4891575656244405,4.329870097012445,89,1.4854455032473493,1.39701312987011,0.291953805061771,1.2841836896889203,0.29321015133526107,37.56084778589049,27.781755876799718,2.043676635432397,5.960332379497619,23.988913775029346,4.097403719840463,2.8132200301515424,0.6835408349008468,1.9229507681695708
0,73,682.8097795334409,87.57920380131667,2.0,1.0,-2.0,2.0,16,19,22,6.25581452422026,0.3527488275887802,0.9818098627780812,10,31.174145162770326,5.546883571566319,6.1561632481277,3.9656846885204584,3.844746936408964,0.533891664541919,15.192763384223682,91,3.16408359602706,3.1527891319450623,0.34887222251030625,3.397591828865256,0.34904114761564053,66.37688517314467,44.30736124952924,2.4421055575721438,6.878938262900656,43.54632618567295,10.0,6.602408171134744,0.9868241189626219,6.515415626511659,13,17,2.193121536656826,0.4007715155867057,0.5447577441975833,10,15.042142831944401,5.88740458285419,3.920314574466092,2.193728838464972,2.059290673783336,0.4891575656244405,4.329870097012445,89,1.4854455032473493,1.39701312987011,0.291953805061771,1.2841836896889203,0.29321015133526107,37.56084778589049,27.781755876799718,2.043676635432397,5.960332379497619,23.988913775029346,4.097403719840463,2.8132200301515424,0.6835408349008468,1.9229507681695708
0,74,682.8097795334409,87.57920380131667,2.0,1.0,-2.0,2.0,16,19,22,6.25581452422026,0.3527488275887802,0.9818098627780812,10,31.174145162770326,5.546883571566319,6.1561632481277,3.9656846885204584,3.844746936408964,0.533891664541919,15.192763384223682,91,3.16408359602706,3.1527891319450623,0.34887222251030625,3.397591828865256,0.34904114761564053,66.37688517314467,44.30736124952924,2.4421055575721438,6.878938262900656,43.54632618567295,10.0,6.602408171134744,0.9868241189626219,6.515415626511659,13,17,2.193121536656826,0.4007715155867057,0.5447577441975833,10,15.042142831944401,5.88740458285419,3.920314574466092,2.193728838464972,2.059290673783336,0.4891575656244405,4.329870097012445,89,1.4854455032473493,1.39701312987011,0.291953805061771,1.2841836896889203,0.29321015133526107,37.56084778589049,27.781755876799718,2.043676635432397,5.960332379497619,23.988913775029346,4.097403719840463,2.8132200301515424,0.6835408349008468,1.9229507681695708
0,75,682.8097795334409,87.57920380131667,2.0,1.0,-2.0,2.0,16,19,22,6.25581452422026,0.3527488275887802,0.9818098627780812,10,31.174145162770326,5.546883571566319,6.1561632481277,3.9656846885204584,3.844746936408964,0.533891664541919,15.192763384223682,91,3.16408359602706,3.1527891319450623,0.34887222251030625,3.397591828865256,0.34904114761564053,66.37688517314467,44.30736124952924,2.4421055575721438,6.878938262900656,43.54632618567295,10.0,6.602408171134744,0.9868241189626219,6.515415626511659,13,17,2.193121536656826,0.4007715155867057,0.5447577441975833,10,15.042142831944401,5.88740458285419,3.920314574466092,2.193728838464972,2.059290673783336,0.4891575656244405,4.329870097012445,89,1.4854455032473493,1.39701312987011,0.291953805061771,1.2841836896889203,0.29321015133526107,37.56084778589049,27.781755876799718,2.043676635432397,5.960332379497619,23.988913775029346,4.097403719840463,2.8132200301515424,0.6835408349008468,1.9229507681695708
0,76,674.0521745907466,87.57920380131667,2.0,1.0,-2.0,2.0,16,19,22,6.249499204628311,0.3527440886418196,0.9817039161937698,10,31.578432794162403,5.5337351140261175,6.226538466450634,3.9341140240475445,3.8102181179118624,0.5327562700347177,14.944496884172844,91,3.1609237015155003,3.149676505352961,0.34886882934353497,3.398496644002594,0.3490338400161603,66.37688517314467,44.32914963567394,2.4420818054047446,6.879343425950038,43.57015844934408,10.0,6.601503355997406,0.9868131524568406,6.514450337686213,13,17,2.490682780923429,0.3828698865826703,0.6124194941917241,10,21.144022343144073,4.565402484300666,5.263317613540729,2.0233815336466643,1.8853574897813987,0.46355718575340144,3.637028960113268,89,1.4623859177145844,1.369604192101152,0.2915826818465553,1.1659311352442638,0.29117109188310025,37.56084778589049,27.973618441182424,2.041078772925887,5.9926615132713,24.234891948616536,4.097403719840463,2.931472584596199,0.707317297055415,2.0734812649286347
0,77,674.0521745907466,87.57920380131667,2.0,1.0,-2.0,2.0,16,19,22,6.249499204628311,0.3527440886418196,0.9817039161937698,10,31.578432794162403,5.5337351140261175,6.226538466450634,3.9341140240475445,3.8102181179118624,0.5327562700347177,14.944496884172844,91,3.1609237015155003,3.149676505352961,0.34886882934353497,3.398496644002594,0.3490338400161603,66.37688517314467,44.32914963567394,2.4420818054047446,6.879343425950038,43.57015844934408,10.0,6.601503355997406,0.9868131524568406,6.514450337686213,13,17,2.490682780923429,0.3828698865826703,0.6124194941917241,10,21.144022343144073,4.565402484300666,5.263317613540729,2.0233815336466643,1.8853574897813987,0.46355718575340144,3.637028960113268,89,1.4623859177145844,1.369604192101152,0.2915826818465553,1.1659311352442638,0.29117109188310025,37.56084778589049,27.973618441182424,2.041078772925887,5.9926615132713,24.234891948616536,4.097403719840463,2.931472584596199,0.707317297055415,2.0734812649286347
0,78,674.0521745907466,87.57920380131667,2.0,1.0,-2.0,2.0,16,19,22,6.249499204628311,0.3527440886418196,0.9817039161937698,10,31.578432794162403,5.5337351140261175,6.226538466450634,3.9341140240475445,3.8102181179118624,0.5327562700347177,14.944496884172844,91,3.1609237015155003,3.149676505352961,0.34886882934353497,3.398496644002594,0.3490338400161603,66.37688517314467,44.32914963567394,2.4420818054047446,6.879343425950038,43.57015844934408,10.0,6.601503355997406,0.9868131524568406,6.514450337686213,13,17,2.490682780923429,0.3828698865826703,0.6124194941917241,10,21.144022343144073,4.565402484300666,5.263317613540729,2.0233815336466643,1.8853574897813987,0.46355718575340144,3.637028960113268,89,1.4623859177145844,1.369604192101152,0.2915826818465553,1.1659311352442638,0.29117109188310025,37.56084778589049,27.973618441182424,2.041078772925887,5.9926615132713,24.234891948616536,4.097403719840463,2.931472584596199,0.707317297055415,2.0734812649286347
0,79,674.0521745907466,87.57920380131667,2.0,1.0,-2.0,2.0,16,19,22,6.249499204628311,0.3527440886418196,0.9817039161937698,10,31.578432794162403,5.5337351140261175,6.226538466450634,3.9341140240475445,3.8102181179118624,0.5327562700347177,14.944496884172844,91,3.1609237015155003,3.149676505352961,0.34886882934353497,3.398496644002594,0.3490338400161603,66.37688517314467,44.32914963567394,2.4420818054047446,6.879343425950038,43.57015844934408,10.0,6.601503355997406,0.9868131524568406,6.514450337686213,13,17,2.490682780923429,0.3828698865826703,0.6124194941917241,10,21.144022343144073,4.565402484300666,5.263317613540729,2.0233815336466643,1.8853574897813987,0.46355718575340144,3.637028960113268,89,1.4623859177145844,1.369604192101152,0.2915826818465553,1.1659311352442638,0.29117109188310025,37.56084778589049,27.973618441182424,2.041078772925887,5.9926615132713,24.234891948616536,4.097403719840463,2.931472584596199,0.707317297055415,2.0734812649286347
0,80,674.0521745907466,101.67660752115712,2.0,1.0,-2.0,2.0,18,19,22,6.249499204628311,0.3527440886418196,0.9817039161937698,10,31.578432794162403,5.5337351140261175,6.226538466450634,3.9341140240475445,3.8102181179118624,0.5327562700347177,14.944496884172844,91,3.1609237015155003,3.149676505352961,0.34886882934353497,3.398496644002594,0.3490338400161603,66.37688517314467,44.32914963567394,2.4420818054047446,6.879343425950038,43.57015844934408,10.0,6.601503355997406,0.9868131524568406,6.514450337686213,13,17,2.490682780923429,0.3828698865826703,0.6124194941917241,10,21.144022343144073,4.565402484300666,5.263317613540729,2.0233815336466643,1.8853574897813987,0.46355718575340144,3.637028960113268,89,1.4623859177145844,1.369604192101152,0.2915826818465553,1.1659311352442638,0.29117109188310025,37.56084778589049,27.973618441182424,2.041078772925887,5.9926615132713,24.234891948616536,4.097403719840463,2.931472584596199,0.707317297055415,2.0734812649286347
0,81,664.5203855832796,101.67660752115712,2.0,1.0,-2.0,2.0,18,18,22,6.598913478873331,0.3490303468972173,0.9867815435132589,11,35.87543503396362,5.691447211742325,6.821783235169657,3.7670638943628854,3.640994785900338,0.51565399969894,13.675116384513524,83,3.08566481104831,3.074588464700244,0.34687724228444505,3.673429605743845,0.3859336345500637,65.00770480719896,43.48558555429725,2.4281406959911154,6.864335996342919,42.65090630402774,9.748263894112842,6.074834288368997,0.978059470323302,5.941549206384015,13,18,2.6406894841440196,0.25906895288312776,0.6480302061754911,11,18.22321822967049,3.719085859917394,4.7547996811645215,2.2615758195166524,2.02017277955897,0.3992921694453115,4.721003802196396,82,1.4053320223216343,1.3059688979379342,0.2895773821055393,1.0313398168476628,0.23899783239256137,37.12879159744878,27.98700931188324,2.027041674738775,6.048218352773791,24.289225869549128,4.328032328779051,3.2966925119313886,0.7755320051942567,2.556690554287041
0,82,664.5203855832796,101.67660752115712,2.0,1.0,-2.0,2.0,18,18,22,6.598913478873331,0.3490303468972173,0.9867815435132589,11,35.87543503396362,5.691447211742325,6.821783235169657,3.7670638943628854,3.640994785900338,0.51565399969894,13.675116384513524,83,3.08566481104831,3.074588464700244,0.34687724228444505,3.673429605743845,0.3859336345500637,65.00770480719896,43.48558555429725,2.4281406959911154,6.864335996342919,42.65090630402774,9.748263894112842,6.074834288368997,0.978059470323302,5.941549206384015,13,18,2.6406894841440196,0.25906895288312776,0.6480302061754911,11,18.22321822967049,3.719085859917394,4.7547996811645215,2.2615758195166524,2.02017277955897,0.3992921694453115,4.721003802196396,82,1.4053320223216343,1.3059688979379342,0.2895773821055393,1.0313398168476628,0.23899783239256137,37.12879159744878,27.98700931188324,2.027041674738775,6.048218352773791,24.289225869549128,4.328032328779051,3.2966925119313886,0.7755320051942567,2.556690554287041
0,83,664.5203855832796,101.67660752115712,2.0,1.0,-2.0,2.0,18,18,22,6.598913478873331,0.3490303468972173,0.9867815435132589,11,35.87543503396362,5.691447211742325,6.821783235169657,3.7670638943628854,3.640994785900338,0.51565399969894,13.675116384513524,83,3.08566481104831,3.074588464700244,0.34687724228444505,3.673429605743845,0.3859336345500637,65.00770480719896,43.48558555429725,2.4281406959911154,6.864335996342919,42.65090630402774,9.748263894112842,6.074834288368997,0.978059470323302,5.941549206384015,13,18,2.6406894841440196,0.25906895288312776,0.6480302061754911,11,18.22321822967049,3.719085859917394,4.7547996811645215,2.2615758195166524,2.02017277955897,0.3992921694453115,4.721003802196396,82,1.4053320223216343,1.3059688979379342,0.2895773821055393,1.0313398168476628,0.23899783239256137,37.12879159744878,27.98700931188324,2.027041674738775,6.048218352773791,24.289225869549128,4.328032328779051,3.2966925119313886,0.7755320051942567,2.556690554287041
0,84,664.5203855832796,101.67660752115712,2.0,1.0,-2.0,2.0,18,18,22,6.598913478873331,0.3490303468972173,0.9867815435132589,11,35.87543503396362,5.691447211742325,6.821783235169657,3.7670638943628854,3.640994785900338,0.51565399969894,13.675116384513524,83,3.08566481104831,3.074588464700244,0.34687724228444505,3.673429605743845,0.3859336345500637,65.00770480719896,43.48558555429725,2.4281406959911154,6.864335996342919,42.65090630402774,9.748263894112842,6.074834288368997,0.978059470323302,5.941549206384015,13,18,2.6406894841440196,0.25906895288312776,0.6480302061754911,11,18.22321822967049,3.719085859917394,4.7547996811645215,2.2615758195166524,2.02017277955897,0.3992921694453115,4.721003802196396,82,1.4053320223216343,1.3059688979379342,0.2895773821055393,1.0313398168476628,0.23899783239256137,37.12879159744878,27.98700931188324,2.027041674738775,6.048218352773791,24.289225869549128,4.328032328779051,3.2966925119313886,0.7755320051942567,2.556690554287041
0,85,664.5203855832796,101.67660752115712,2.0,1.0,-2.0,2.0,18,18,22,6.598913478873331,0.3490303468972173,0.9867815435132589,11,35.87543503396362,5.691447211742325,6.821783235169657,3.7670638943628854,3.640994785900338,0.51565399969894,13.675116384513524,83,3.08566481104831,3.074588464700244,0.34687724228444505,3.673429605743845,0.3859336345500637,65.00770480719896,43.48558555429725,2.4281406959911154,6.864335996342919,42.65090630402774,9.748263894112842,6.074834288368997,0.978059470323302,5.941549206384015,13,18,2.6406894841440196,0.25906895288312776,0.6480302061754911,11,18.22321822967049,3.719085859917394,4.7547996811645215,2.2615758195166524,2.02017277955897,0.3992921694453115,4.721003802196396,82,1.4053320223216343,1.3059688979379342,0.2895773821055393,1.0313398168476628,0.23899783239256137,37.12879159744878,27.98700931188324,2.027041674738775,6.048218352773791,24.289225869549128,4.328032328779051,3.2966925119313886,0.7755320051942567,2.556690554287041
0,86,658.6872973702966,101.67660752115712,2.0,1.0,-2.0,2.0,18,18,22,6.5962743413898295,0.3490290706764248,0.9867492341988539,11,40.19954775861385,5.649616892901594,7.59215344158312,3.7848414634377825,3.662399686055116,0.5152799425746145,13.80974496078324,83,3.086475036446835,3.0754144283446685,0.34687443528489803,3.673732107462879,0.3859327350827583,65.00770480719896,43.479803808786286,2.428121046994286,6.864235089900945,42.64461256002683,9.748263894112842,6.074531786649963,0.9780534328106119,5.941216666650176,13,18,2.266043837794417,0.2562147385395716,0.5630603994581479,11,19.136607200335607,3.642919342756584,4.8468975628268876,1.8686086857810236,1.714489561195181,0.39180282180504256,3.1235057378583653,82,1.4331598003633057,1.3323461724875592,0.2893020284814559,1.133271145135891,0.23850214758861457,37.12879159744878,27.802368390035866,2.0251141993701913,6.022677254407837,24.048372300638334,4.328032328779051,3.1947611836431604,0.7581305395619938,2.4220460199271034
0,87,658.6872973702966,101.67660752115712,2.0,1.0,-2.0,2.0,18,18,22,6.5962743413898295,0.3490290706764248,0.9867492341988539,11,40.19954775861385,5.649616892901594,7.59215344158312,3.7848414634377825,3.662399686055116,0.5152799425746145,13.80974496078324,83,3.086475036446835,3.0754144283446685,0.34687443528489803,3.673732107462879,0.3859327350827583,65.00770480719896,43.479803808786286,2.428121046994286,6.864235089900945,42.64461256002683,9.748263894112842,6.074531786649963,0.9780534328106119,5.941216666650176,13,18,2.266043837794417,0.2562147385395716,0.5630603994581479,11,19.136607200335607,3.642919342756584,4.8468975628268876,1.8686086857810236,1.714489561195181,0.39180282180504256,3.1235057378583653,82,1.4331598003633057,1.3323461724875592,0.2893020284814559,1.133271145135891,0.23850214758861457,37.12879159744878,27.802368390035866,2.0251141993701913,6.022677254407837,24.048372300638334,4.328032328779051,3.1947611836431604,0.7581305395619938,2.4220460199271034
0,88,658.6872973702966,101.67660752115712,2.0,1.0,-2.0,2.0,18,18,22,6.5962743413898295,0.3490290706764248,0.9867492341988539,11,40.19954775861385,5.649616892901594,7.59215344158312,3.7848414634377825,3.662399686055116,0.5152799425746145,13.80974496078324,83,3.086475036446835,3.0754144283446685,0.34687443528489803,3.673732107462879,0.3859327350827583,65.00770480719896,43.479803808786286,2.428121046994286,6.864235089900945,42.64461256002683,9.748263894112842,6.074531786649963,0.9780534328106119,5.941216666650176,13,18,2.266043837794417,0.2562147385395716,0.5630603994581479,11,19.136607200335607,3.642919342756584,4.8468975628268876,1.8686086857810236,1.714489561195181,0.39180282180504256,3.1235057378583653,82,1.4331598003633057,1.3323461724875592,0.2893020284814559,1.133271145135891,0.23850214758861457,37.12879159744878,27.802368390035866,2.0251141993701913,6.022677254407837,24.048372300638334,4.328032328779051,3.1947611836431604,0.7581305395619938,2.4220460199271034
0,89,658.6872973702966,101.67660752115712,2.0,1.0,-2.0,2.0,18,18,22,6.5962743413898295,0.3490290706764248,0.9867492341988539,11,40.19954775861385,5.649616892901594,7.59215344158312,3.7848414634377825,3.662399686055116,0.5152799425746145,13.80974496078324,83,3.086475036446835,3.0754144283446685,0.34687443528489803,3.673732107462879,0.3859327350827583,65.00770480719896,43.479803808786286,2.428121046994286,6.864235089900945,42.64461256002683,9.748263894112842,6.074531786649963,0.9780534328106119,5.941216666650176,13,18,2.266043837794417,0.2562147385395716,0.5630603994581479,11,19.136607200335607,3.642919342756584,4.8468975628268876,1.8686086857810236,1.714489561195181,0.39180282180504256,3.1235057378583653,82,1.4331598003633057,1.3323461724875592,0.2893020284814559,1.133271145135891,0.23850214758861457,37.12879159744878,27.802368390035866,2.0251141993701913,6.022677254407837,24.048372300638334,4.328032328779051,3.1947611836431604,0.7581305395619938,2.4220460199271034
0,90,658.6872973702966,115.75290374404901,2.0,1.0,-2.0,2.0,20,18,22,6.5962743413898295,0.3490290706764248,0.9867492341988539,11,40.19954775861385,5.649616892901594,7.59215344158312,3.7848414634377825,3.662399686055116,0.5152799425746145,13.80974496078324,83,3.086475036446835,3.0754144283446685,0.34687443528489803,3.673732107462879,0.3859327350827583,65.00770480719896,43.479803808786286,2.428121046994286,6.864235089900945,42.64461256002683,9.748263894112842,6.074531786649963,0.9780534328106119,5.941216666650176,13,18,2.266043837794417,0.2562147385395716,0.5630603994581479,11,19.136607200335607,3.642919342756584,4.8468975628268876,1.8686086857810236,1.714489561195181,0.39180282180504256,3.1235057378583653,82,1.4331598003633057,1.3323461724875592,0.2893020284814559,1.133271145135891,0.23850214758861457,37.12879159744878,27.802368390035866,2.0251141993701913,6.022677254407837,24.048372300638334,4.328032328779051,3.1947611836431604,0.7581305395619938,2.4220460199271034
0,91,649.4712825134513,115.75290374404901,2.0,1.0,-2.0,2.0,20,18,23,6.075375161423832,0.3859277761661974,0.9780703650488426,12,45.16248223668343,5.67077960510987,8.422808440328485,3.921616513551986,3.7975571722290615,0.5549862707601118,14.824089808603523,82,2.876360147482596,2.8707830028595813,0.3417177435938522,3.0777407358660485,0.34942378602192575,63.52609093324711,43.43060991323004,2.3920242051569653,6.863012235712441,42.59065678970432,9.257360551928144,6.179619816062096,0.9805326483327986,6.059318983933209,13,19,3.398339655947229,0.237003480722357,0.7920758222404811,12,24.60880076185361,3.768879450091372,6.108803061813017,1.6008817710576702,1.4843857910872336,0.35397429815299225,2.2150295845220667,82,1.789254851141661,1.7518829036100925,0.3051547088609469,1.121642597322341,0.26588547260956447,45.75795056518197,33.49477023991132,2.1360829620266286,6.487109342341935,31.155185479424865,4.97615014474652,3.8545075474241792,0.8537932514277614,3.290952531568136
0,92,649.4712825134513,115.75290374404901,2.0,1.0,-2.0,2.0,20,18,23,6.075375161423832,0.3859277761661974,0.9780703650488426,12,45.16248223668343,5.67077960510987,8.422808440328485,3.921616513551986,3.7975571722290615,0.5549862707601118,14.824089808603523,82,2.876360147482596,2.8707830028595813,0.3417177435938522,3.0777407358660485,0.34942378602192575,63.52609093324711,43.43060991323004,2.3920242051569653,6.863012235712441,42.59065678970432,9.257360551928144,6.179619816062096,0.9805326483327986,6.059318983933209,13,19,3.398339655947229,0.237003480722357,0.7920758222404811,12,24.60880076185361,3.768879450091372,6.108803061813017,1.6008817710576702,1.4843857910872336,0.35397429815299225,2.2150295845220667,82,1.789254851141661,1.7518829036100925,0.3051547088609469,1.121642597322341,0.26588547260956447,45.75795056518197,33.49477023991132,2.1360829620266286,6.487109342341935,31.155185479424865,4.97615014474652,3.8545075474241792,0.8537932514277614,3.290952531568136
0,93,649.4712825134513,115.75290374404901,2.0,1.0,-2.0,2.0,20,18,23,6.075375161423832,0.3859277761661974,0.9780703650488426,12,45.16248223668343,5.67077960510987,8.422808440328485,3.921616513551986,3.7975571722290615,0.5549862707601118,14.824089808603523,82,2.876360147482596,2.8707830028595813,0.3417177435938522,3.0777407358660485,0.34942378602192575,63.52609093324711,43.43060991323004,2.3920242051569653,6.863012235712441,42.59065678970432,9.257360551928144,6.179619816062096,0.9805326483327986,6.059318983933209,13,19,3.398339655947229,0.237003480722357,0.7920758222404811,12,24.60880076185361,3.768879450091372,6.108803061813017,1.6008817710576702,1.4843857910872336,0.35397429815299225,2.2150295845220667,82,1.789254851141661,1.7518829036100925,0.3051547088609469,1.121642597322341,0.26588547260956447,45.75795056518197,33.49477023991132,2.1360829620266286,6.487109342341935,31.155185479424865,4.97615014474652,3.8545075474241792,0.8537932514277614,3.290952531568136
0,94,649.4712825134513,115.75290374404901,2.0,1.0,-2.0,2.0,20,18,23,6.075375161423832,0.3859277761661974,0.9780703650488426,12,45.16248223668343,5.67077960510987,8.422808440328485,3.921616513551986,3.7975571722290615,0.5549862707601118,14.824089808603523,82,2.876360147482596,2.8707830028595813,0.3417177435938522,3.0777407358660485,0.34942378602192575,63.52609093324711,43.43060991323004,2.3920242051569653,6.863012235712441,42.59065678970432,9.257360551928144,6.179619816062096,0.9805326483327986,6.059318983933209,13,19,3.398339655947229,0.237003480722357,0.7920758222404811,12,24.60880076185361,3.768879450091372,6.108803061813017,1.6008817710576702,1.4843857910872336,0.35397429815299225,2.2150295845220667,82,1.789254851141661,1.7518829036100925,0.3051547088609469,1.121642597322341,0.26588547260956447,45.75795056518197,33.49477023991132,2.1360829620266286,6.487109342341935,31.155185479424865,4.97615014474652,3.8545075474241792,0.8537932514277614,3.290952531568136
0,95,649.4712825134513,115.75290374404901,2.0,1.0,-2.0,2.0,20,18,23,6.075375161423832,0.3859277761661974,0.9780703650488426,12,45.16248223668343,5.67077960510987,8.422808440328485,3.921616513551986,3.7975571722290615,0.5549862707601118,14.824089808603523,82,2.876360147482596,2.8707830028595813,0.3417177435938522,3.0777407358660485,0.34942378602192575,63.52609093324711,43.43060991323004,2.3920242051569653,6.863012235712441,42.59065678970432,9.257360551928144,6.179619816062096,0.9805326483327986,6.059318983933209,13,19,3.398339655947229,0.237003480722357,0.7920758222404811,12,24.60880076185361,3.768879450091372,6.108803061813017,1.6008817710576702,1.4843857910872336,0.35397429815299225,2.2150295845220667,82,1.789254851141661,1.7518829036100925,0.3051547088609469,1.121642597322341,0.26588547260956447,45.75795056518197,33.49477023991132,2.1360829620266286,6.487109342341935,31.155185479424865,4.97615014474652,3.8545075474241792,0.8537932514277614,3.290952531568136
0,96,643.2918777154263,115.75290374404901,2.0,1.0,-2.0,2.0,20,18,23,6.078493895437641,0.3859195377266091,0.9781327285447892,12,47.86077007604713,5.014000566268797,8.852970239452034,3.805607103399536,3.687166253524262,0.542372489216093,13.940272936228908,82,2.8269508996734025,2.820988738347404,0.33935126580195857,3.072282446562748,0.3494137740864454,63.52609093324711,43.779169764815286,2.37545886061371,6.868926003557583,42.9699504265405,9.257360551928144,6.185078105365396,0.9806302392864086,6.0652746224695955,13,19,3.664070784305801,0.2326105032529292,0.8310247861373642,12,25.716395996011087,3.744248541060954,6.335085971832339,1.5014011152367461,1.3402280424845128,0.3377372640881673,1.9304301237828796,82,0.8835581241592617,0.7265537392869759,0.20458931992861085,0.5456144351162191,0.24511510008718182,42.799063968536046,38.09694452194077,1.432125239500276,6.725299192318363,36.674034705449756,4.97615014474652,4.430535709630301,0.9106321719277554,4.03458835606412
0,97,643.2918777154263,115.75290374404901,2.0,1.0,-2.0,2.0,20,18,23,6.078493895437641,0.3859195377266091,0.9781327285447892,12,47.86077007604713,5.014000566268797,8.852970239452034,3.805607103399536,3.687166253524262,0.542372489216093,13.940272936228908,82,2.8269508996734025,2.820988738347404,0.33935126580195857,3.072282446562748,0.3494137740864454,63.52609093324711,43.779169764815286,2.37545886061371,6.868926003557583,42.9699504265405,9.257360551928144,6.185078105365396,0.9806302392864086,6.0652746224695955,13,19,3.664070784305801,0.2326105032529292,0.8310247861373642,12,25.716395996011087,3.744248541060954,6.335085971832339,1.5014011152367461,1.3402280424845128,0.3377372640881673,1.9304301237828796,82,0.8835581241592617,0.7265537392869759,0.20458931992861085,0.5456144351162191,0.24511510008718182,42.799063968536046,38.09694452194077,1.432125239500276,6.725299192318363,36.674034705449756,4.97615014474652,4.430535709630301,0.9106321719277554,4.03458835606412
0,98,643.2918777154263,115.75290374404901,2.0,1.0,-2.0,2.0,20,18,23,6.078493895437641,0.3859195377266091,0.9781327285447892,12,47.86077007604713,5.014000566268797,8.852970239452034,3.805607103399536,3.687166253524262,0.542372489216093,13.940272936228908,82,2.8269508996734025,2.820988738347404,0.33935126580195857,3.072282446562748,0.3494137740864454,63.52609093324711,43.779169764815286,2.37545886061371,6.868926003557583,42.9699504265405,9.257360551928144,6.185078105365396,0.9806302392864086,6.0652746224695955,13,19,3.664070784305801,0.2326105032529292,0.8310247861373642,12,25.716395996011087,3.744248541060954,6.335085971832339,1.5014011152367461,1.3402280424845128,0.3377372640881673,1.9304301237828796,82,0.8835581241592617,0.7265537392869759,0.20458931992861085,0.5456144351162191,0.24511510008718182,42.799063968536046,38.09694452194077,1.432125239500276,6.725299192318363,36.674034705449756,4.97615014474652,4.430535709630301,0.9106321719277554,4.03458835606412
0,99,643.2918777154263,115.75290374404901,2.0,1.0,-2.0,2.0,20,18,23,6.078493895437641,0.3859195377266091,0.9781327285447892,12,47.86077007604713,5.014000566268797,8.852970239452034,3.805607103399536,3.687166253524262,0.542372489216093,13.940272936228908,82,2.8269508996734025,2.820988738347404,0.33935126580195857,3.072282446562748,0.3494137740864454,63.52609093324711,43.779169764815286,2.37545886061371,6.868926003557583,42.9699504265405,9.257360551928144,6.185078105365396,0.9806302392864086,6.0652746224695955,13,19,3.664070784305801,0.2326105032529292,0.8310247861373642,12,25.716395996011087,3.744248541060954,6.335085971832339,1.5014011152367461,1.3402280424845128,0.3377372640881673,1.9304301237828796,82,0.8835581241592617,0.7265537392869759,0.20458931992861085,0.5456144351162191,0.24511510008718182,42.799063968536046,38.09694452194077,1.432125239500276,6.725299192318363,36.674034705449756,4.97615014474652,4.430535709630301,0.9106321719277554,4.03458835606412
0,100,643.2918777154263,129.98641444072368,2.0,1.0,-2.0,2.0,22,18,23,6.078493895437641,0.3859195377266091,0.9781327285447892,12,47.86077007604713,5.014000566268797,8.852970239452034,3.805607103399536,3.687166253524262,0.542372489216093,13.940272936228908,82,2.8269508996734025,2.820988738347404,0.33935126580195857,3.072282446562748,0.3494137740864454,63.52609093324711,43.779169764815286,2.37545886061371,6.868926003557583,42.9699504265405,9.257360551928144,6.185078105365396,0.9806302392864086,6.0652746224695955,13,19,3.664070784305801,0.2326105032529292,0.8310247861373642,12,25.716395996011087,3.744248541060954,6.335085971832339,1.5014011152367461,1.3402280424845128,0.3377372640881673,1.9304301237828796,82,0.8835581241592617,0.7265537392869759,0.20458931992861085,0.5456144351162191,0.24511510008718182,42.799063968536046,38.09694452194077,1.432125239500276,6.725299192318363,36.674034705449756,4.97615014474652,4.430535709630301,0.9106321719277554,4.03458835606412
0,101,638.1121074959826,129.98641444072368,2.0,1.0,-2.0,2.0,22,17,23,6.211541391129516,0.34861609329687043,0.9811061066888797,13,56.217792822610704,5.319682186929621,10.162026656445363,3.5222341753145012,3.354572932202408,0.5218082793922307,11.884325306361196,75,2.5839671878455706,2.5746840960834945,0.2999774698522141,2.8735254882267105,0.3350795341725334,62.777641365875944,44.75485269329149,2.0998422889654984,6.886505460766862,44.04173815022019,9.42034602893838,6.546820540711669,0.9862692498496485,6.456927783587967,14,19,4.441653092424971,0.06025479557022876,0.9178335233124598,13,31.81860541645546,3.547083849209785,7.615623968485802,1.5353477690708024,1.3854851279169176,0.29517165602580636,2.063523195847419,74,1.0163236457068208,0.8670723956455323,0.07726706432637713,0.5830753747537507,0.03451309310809573,45.3054399439888,39.626543263006795,0.54086945028464,6.808459737470978,38.556989049799625,5.9042136329252495,5.321138258171499,0.9643896247502031,5.131650528041961
0,102,638.1121074959826,129.98641444072368,2.0,1.0,-2.0,2.0,22,17,23,6.211541391129516,0.34861609329687043,0.9811061066888797,13,56.217792822610704,5.319682186929621,10.162026656445363,3.5222341753145012,3.354572932202408,0.5218082793922307,11.884325306361196,75,2.5839671878455706,2.5746840960834945,0.2999774698522141,2.8735254882267105,0.3350795341725334,62.777641365875944,44.75485269329149,2.0998422889654984,6.886505460766862,44.04173815022019,9.42034602893838,6.546820540711669,0.9862692498496485,6.456927783587967,14,19,4.441653092424971,0.06025479557022876,0.9178335233124598,13,31.81860541645546,3.547083849209785,7.615623968485802,1.5353477690708024,1.3854851279169176,0.29517165602580636,2.063523195847419,74,1.0163236457068208,0.8670723956455323,0.07726706432637713,0.5830753747537507,0.03451309310809573,45.3054399439888,39.626543263006795,0.54086945028464,6.808459737470978,38.556989049799625,5.9042136329252495,5.321138258171499,0.9643896247502031,5.131650528041961
0,103,638.1121074959826,129.98641444072368,2.0,1.0,-2.0,2.0,22,17,23,6.211541391129516,0.34861609329687043,0.9811061066888797,13,56.217792822610704,5.319682186929621,10.162026656445363,3.5222341753145012,3.354572932202408,0.5218082793922307,11.884325306361196,75,2.5839671878455706,2.5746840960834945,0.2999774698522141,2.8735254882267105,0.3350795341725334,62.777641365875944,44.75485269329149,2.0998422889654984,6.886505460766862,44.04173815022019,9.42034602893838,6.546820540711669,0.9862692498496485,6.456927783587967,14,19,4.441653092424971,0.06025479557022876,0.9178335233124598,13,31.81860541645546,3.547083849209785,7.615623968485802,1.5353477690708024,1.3854851279169176,0.29517165602580636,2.063523195847419,74,1.0163236457068208,0.8670723956455323,0.07726706432637713,0.5830753747537507,0.03451309310809573,45.3054399439888,39.626543263006795,0.54086945028464,6.808459737470978,38.556989049799625,5.9042136329252495,5.321138258171499,0.9643896247502031,5.131650528041961
0,104,638.1121074959826,129.98641444072368,2.0,1.0,-2.0,2.0,22,17,23,6.211541391129516,0.34861609329687043,0.9811061066888797,13,56.217792822610704,5.319682186929621,10.162026656445363,3.5222341753145012,3.354572932202408,0.5218082793922307,11.884325306361196,75,2.5839671878455706,2.5746840960834945,0.2999774698522141,2.8735254882267105,0.3350795341725334,62.777641365875944,44.75485269329149,2.0998422889654984,6.886505460766862,44.04173815022019,9.42034602893838,6.546820540711669,0.9862692498496485,6.456927783587967,14,19,4.441653092424971,0.06025479557022876,0.9178335233124598,13,31.81860541645546,3.547083849209785,7.615623968485802,1.5353477690708024,1.3854851279169176,0.29517165602580636,2.063523195847419,74,1.0163236457068208,0.8670723956455323,0.07726706432637713,0.5830753747537507,0.03451309310809573,45.3054399439888,39.626543263006795,0.54086945028464,6.808459737470978,38.556989049799625,5.9042136329252495,5.321138258171499,0.9643896247502031,5.131650528041961
0,105,638.1121074959826,129.98641444072368,2.0,1.0,-2.0,2.0,22,17,23,6.211541391129516,0.34861609329687043,0.9811061066888797,13,56.217792822610704,5.319682186929621,10.162026656445363,3.5222341753145012,3.354572932202408,0.5218082793922307,11.884325306361196,75,2.5839671878455706,2.5746840960834945,0.2999774698522141,2.8735254882267105,0.3350795341725334,62.777641365875944,44.75485269329149,2.0998422889654984,6.886505460766862,44.04173815022019,9.42034602893838,6.546820540711669,0.9862692498496485,6.456927783587967,14,19,4.441653092424971,0.06025479557022876,0.9178335233124598,13,31.81860541645546,3.547083849209785,7.615623968485802,1.5353477690708024,1.3854851279169176,0.29517165602580636,2.063523195847419,74,1.0163236457068208,0.8670723956455323,0.07726706432637713,0.5830753747537507,0.03451309310809573,45.3054399439888,39.626543263006795,0.54086945028464,6.808459737470978,38.556989049799625,5.9042136329252495,5.321138258171499,0.9643896247502031,5.131650528041961
0,106,633.4864521728466,129.98641444072368,2.0,1.0,-2.0,2.0,22,17,23,7.064320589692234,0.3373657305285489,0.9914977515424018,13,59.53672944421098,5.293096400722535,10.288932905501497,3.254845643074614,2.9060045569224897,0.4834579185611515,10.145742446262437,75,1.2862325137006019,1.063404571463478,0.25765854524979853,1.4704214779397695,0.3054533859671861,62.777641365875944,55.46122435116379,1.80360981674859,6.973333183275426,55.25415848469074,9.42034602893838,7.94992455099861,0.9963966181028204,7.921277936787598,14,19,4.328259360438229,0.03713591728238511,0.9098222092470855,13,30.14313450866366,3.4962431476220104,7.311431854561063,1.4271134639642307,1.214821771446119,0.28163182381520213,1.791745433213467,74,0.6535353575895342,0.513793483258067,0.09591527298461298,0.10325150237494629,0.014329681591461899,45.438332095754674,48.82643218685951,0.6714069108922909,6.936453463827169,48.40834367306185,5.9042136329252495,5.800962130550303,0.9779104308298452,5.672821376314063
0,107,633.4864521728466,129.98641444072368,2.0,1.0,-2.0,2.0,22,17,23,7.064320589692234,0.3373657305285489,0.9914977515424018,13,59.53672944421098,5.293096400722535,10.288932905501497,3.254845643074614,2.9060045569224897,0.4834579185611515,10.145742446262437,75,1.2862325137006019,1.063404571463478,0.25765854524979853,1.4704214779397695,0.3054533859671861,62.777641365875944,55.46122435116379,1.80360981674859,6.973333183275426,55.25415848469074,9.42034602893838,7.94992455099861,0.9963966181028204,7.921277936787598,14,19,4.328259360438229,0.03713591728238511,0.9098222092470855,13,30.14313450866366,3.4962431476220104,7.311431854561063,1.4271134639642307,1.214821771446119,0.28163182381520213,1.791745433213467,74,0.6535353575895342,0.513793483258067,0.09591527298461298,0.10325150237494629,0.014329681591461899,45.438332095754674,48.82643218685951,0.6714069108922909,6.936453463827169,48.40834367306185,5.9042136329252495,5.800962130550303,0.9779104308298452,5.672821376314063
0,108,633.4864521728466,129.98641444072368,2.0,1.0,-2.0,2.0,22,17,23,7.064320589692234,0.3373657305285489,0.9914977515424018,13,59.53672944421098,5.293096400722535,10.288932905501497,3.254845643074614,2.9060045569224897,0.4834579185611515,10.145742446262437,75,1.2862325137006019,1.063404571463478,0.25765854524979853,1.4704214779397695,0.3054533859671861,62.777641365875944,55.46122435116379,1.80360981674859,6.973333183275426,55.25415848469074,9.42034602893838,7.94992455099861,0.9963966181028204,7.921277936787598,14,19,4.328259360438229,0.03713591728238511,0.9098222092470855,13,30.14313450866366,3.4962431476220104,7.311431854561063,1.4271134639642307,1.214821771446119,0.28163182381520213,1.791745433213467,74,0.6535353575895342,0.513793483258067,0.09591527298461298,0.10325150237494629,0.014329681591461899,45.438332095754674,48.82643218685951,0.6714069108922909,6.936453463827169,48.40834367306185,5.9042136329252495,5.800962130550303,0.9779104308298452,5.672821376314063
0,109,633.4864521728466,129.98641444072368,2.0,1.0,-2.0,2.0,22,17,23,7.064320589692234,0.3373657305285489,0.9914977515424018,13,59.53672944421098,5.293096400722535,10.288932905501497,3.254845643074614,2.9060045569224897,0.4834579185611515,10.145742446262437,75,1.2862325137006019,1.063404571463478,0.25765854524979853,1.4704214779397695,0.3054533859671861,62.777641365875944,55.46122435116379,1.80360981674859,6.973333183275426,55.25415848469074,9.42034602893838,7.94992455099861,0.9963966181028204,7.921277936787598,14,19,4.328259360438229,0.03713591728238511,0.9098222092470855,13,30.14313450866366,3.4962431476220104,7.311431854561063,1.4271134639642307,1.214821771446119,0.28163182381520213,1.791745433213467,74,0.6535353575895342,0.513793483258067,0.09591527298461298,0.10325150237494629,0.014329681591461899,45.438332095754674,48.82643218685951,0.6714069108922909,6.936453463827169,48.40834367306185,5.9042136329252495,5.800962130550303,0.9779104308298452,5.672821376314063
0,110,633.4864521728466,145.31097410258732,2.0,1.0,-2.0,2.0,24,17,23,7.064320589692234,0.3373657305285489,0.9914977515424018,13,59.53672944421098,5.293096400722535,10.288932905501497,3.254845643074614,2.9060045569224897,0.4834579185611515,10.145742446262437,75,1.2862325137006019,1.063404571463478,0.25765854524979853,1.4704214779397695,0.3054533859671861,62.777641365875944,55.46122435116379,1.80360981674859,6.973333183275426,55.25415848469074,9.42034602893838,7.94992455099861,0.9963966181028204,7.921277936787598,14,19,4.328259360438229,0.03713591728238511,0.9098222092470855,13,30.14313450866366,3.4962431476220104,7.311431854561063,1.4271134639642307,1.214821771446119,0.28163182381520213,1.791745433213467,74,0.6535353575895342,0.513793483258067,0.09591527298461298,0.10325150237494629,0.014329681591461899,45.438332095754674,48.82643218685951,0.6714069108922909,6.936453463827169,48.40834367306185,5.9042136329252495,5.800962130550303,0.9779104308298452,5.672821376314063
0,111,631.6946557817761,145.31097410258732,2.0,1.0,-2.0,2.0,24,17,22,7.923055378535532,0.30445752053870007,0.9963078982836204,14,67.2733646779218,5.595292983885282,11.249409788405067,3.2289439413739554,2.88518216766056,0.45733137431742327,10.00452069635973,68,0.7388180597603563,0.6373116445326554,0.2576817382774018,0.8683406416930524,0.26269585020944586,54.70383836738508,53.37002827380985,1.8037721679418128,6.960462365334058,53.083276159669715,9.105459101276574,8.237118459583522,0.9973705154567585,8.215459083913197,15,19,5.769946021326991,0.014193452585815466,0.9772345655722858,14,35.83495453937968,3.5053946662159654,8.264248169588248,1.4272212938425415,1.2046629250996095,0.2799303878474339,1.8021971281291376,67,0.8449921359663722,0.5906908697540867,0.10038280563210192,0.2934733713377087,0.031099870967134957,48.84214181146571,45.75528473907371,0.7026796394247135,6.9024153363631084,45.15363112586524,6.574001135695104,6.867474507032813,0.992139558849035,6.813493127814529
0,112,631.6946557817761,145.31097410258732,2.0,1.0,-2.0,2.0,24,17,22,7.923055378535532,0.30445752053870007,0.9963078982836204,14,67.2733646779218,5.595292983885282,11.249409788405067,3.2289439413739554,2.88518216766056,0.45733137431742327,10.00452069635973,68,0.7388180597603563,0.6373116445326554,0.2576817382774018,0.8683406416930524,0.26269585020944586,54.70383836738508,53.37002827380985,1.8037721679418128,6.960462365334058,53.083276159669715,9.105459101276574,8.237118459583522,0.9973705154567585,8.215459083913197,15,19,5.769946021326991,0.014193452585815466,0.9772345655722858,14,35.83495453937968,3.5053946662159654,8.264248169588248,1.4272212938425415,1.2046629250996095,0.2799303878474339,1.8021971281291376,67,0.8449921359663722,0.5906908697540867,0.10038280563210192,0.2934733713377087,0.031099870967134957,48.84214181146571,45.75528473907371,0.7026796394247135,6.9024153363631084,45.15363112586524,6.574001135695104,6.867474507032813,0.992139558849035,6.813493127814529
0,113,631.6946557817761,145.31097410258732,2.0,1.0,-2.0,2.0,24,17,22,7.923055378535532,0.30445752053870007,0.9963078982836204,14,67.2733646779218,5.595292983885282,11.249409788405067,3.2289439413739554,2.88518216766056,0.45733137431742327,10.00452069635973,68,0.7388180597603563,0.6373116445326554,0.2576817382774018,0.8683406416930524,0.26269585020944586,54.70383836738508,53.37002827380985,1.8037721679418128,6.960462365334058,53.083276159669715,9.105459101276574,8.237118459583522,0.9973705154567585,8.215459083913197,15,19,5.769946021326991,0.014193452585815466,0.9772345655722858,14,35.83495453937968,3.5053946662159654,8.264248169588248,1.4272212938425415,1.2046629250996095,0.2799303878474339,1.8021971281291376,67,0.8449921359663722,0.5906908697540867,0.10038280563210192,0.2934733713377087,0.031099870967134957,48.84214181146571,45.75528473907371,0.7026796394247135,6.9024153363631084,45.15363112586524,6.574001135695104,6.867474507032813,0.992139558849035,6.813493127814529
0,114,631.6946557817761,145.31097410258732,2.0,1.0,-2.0,2.0,24,17,22,7.923055378535532,0.30445752053870007,0.9963078982836204,14,67.2733646779218,5.595292983885282,11.249409788405067,3.2289439413739554,2.88518216766056,0.45733137431742327,10.00452069635973,68,0.7388180597603563,0.6373116445326554,0.2576817382774018,0.8683406416930524,0.26269585020944586,54.70383836738508,53.37002827380985,1.8037721679418128,6.960462365334058,53.083276159669715,9.105459101276574,8.237118459583522,0.9973705154567585,8.215459083913197,15,19,5.769946021326991,0.014193452585815466,0.9772345655722858,14,35.83495453937968,3.5053946662159654,8.264248169588248,1.4272212938425415,1.2046629250996095,0.2799303878474339,1.8021971281291376,67,0.8449921359663722,0.5906908697540867,0.10038280563210192,0.2934733713377087,0.031099870967134957,48.84214181146571,45.75528473907371,0.7026796394247135,6.9024153363631084,45.15363112586524,6.574001135695104,6.867474507032813,0.992139558849035,6.813493127814529
0,115,631.6946557817761,145.31097410258732,2.0,1.0,-2.0,2.0,24,17,22,7.923055378535532,0.30445752053870007,0.9963078982836204,14,67.2733646779218,5.595292983885282,11.249409788405067,3.2289439413739554,2.88518216766056,0.45733137431742327,10.00452069635973,68,0.7388180597603563,0.6373116445326554,0.2576817382774018,0.8683406416930524,0.26269585020944586,54.70383836738508,53.37002827380985,1.8037721679418128,6.960462365334058,53.083276159669715,9.105459101276574,8.237118459583522,0.9973705154567585,8.215459083913197,15,19,5.769946021326991,0.014193452585815466,0.9772345655722858,14,35.83495453937968,3.5053946662159654,8.264248169588248,1.4272212938425415,1.2046629250996095,0.2799303878474339,1.8021971281291376,67,0.8449921359663722,0.5906908697540867,0.10038280563210192,0.2934733713377087,0.031099870967134957,48.84214181146571,45.75528473907371,0.7026796394247135,6.9024153363631084,45.15363112586524,6.574001135695104,6.867474507032813,0.992139558849035,6.813493127814529
0,116,631.532951712183,145.31097410258732,2.0,1.0,-2.0,2.0,24,17,22,7.848085955015709,0.30349184012864533,0.9960415775275062,14,68.48897411413354,5.591143960152398,11.465631085863194,3.2211455260813353,2.8886938045770436,0.4566209030977597,9.948938737257738,68,0.775770154221701,0.6905194464921578,0.25590135310550954,0.9005595431780176,0.26129365157682505,54.70383836738508,52.71119839976827,1.791309471738567,6.957264380409757,52.40442430128955,9.105459101276574,8.204899558098557,0.997292812017756,8.182687352619354,15,19,5.719999032410894,0.013493447818911411,0.9761115581399035,14,34.499678223740936,3.500505359817756,8.024246661936772,1.403891000565613,1.1929176032492685,0.27957290531396417,1.7335947225988917,67,0.7382993930259126,0.5045935599370213,0.09961814235066224,0.1156635076291801,0.029689759083801892,48.84214181146571,46.30359380532641,0.6973269964546357,6.912517937187799,45.752108912145125,6.574001135695104,6.689664643324284,0.9906460878130398,6.627090107690416
0,117,631.532951712183,145.31097410258732,2.0,1.0,-2.0,2.0,24,17,22,7.848085955015709,0.30349184012864533,0.9960415775275062,14,68.48897411413354,5.591143960152398,11.465631085863194,3.2211455260813353,2.8886938045770436,0.4566209030977597,9.948938737257738,68,0.775770154221701,0.6905194464921578,0.25590135310550954,0.9005595431780176,0.26129365157682505,54.70383836738508,52.71119839976827,1.791309471738567,6.957264380409757,52.40442430128955,9.105459101276574,8.204899558098557,0.997292812017756,8.182687352619354,15,19,5.719999032410894,0.013493447818911411,0.9761115581399035,14,34.499678223740936,3.500505359817756,8.024246661936772,1.403891000565613,1.1929176032492685,0.27957290531396417,1.7335947225988917,67,0.7382993930259126,0.5045935599370213,0.09961814235066224,0.1156635076291801,0.029689759083801892,48.84214181146571,46.30359380532641,0.6973269964546357,6.912517937187799,45.752108912145125,6.574001135695104,6.689664643324284,0.9906460878130398,6.627090107690416
0,118,631.532951712183,145.31097410258732,2.0,1.0,-2.0,2.0,24,17,22,7.848085955015709,0.30349184012864533,0.9960415775275062,14,68.48897411413354,5.591143960152398,11.465631085863194,3.2211455260813353,2.8886938045770436,0.4566209030977597,9.948938737257738,68,0.775770154221701,0.6905194464921578,0.25590135310550954,0.9005595431780176,0.26129365157682505,54.70383836738508,52.71119839976827,1.791309471738567,6.957264380409757,52.40442430128955,9.105459101276574,8.204899558098557,0.997292812017756,8.182687352619354,15,19,5.719999032410894,0.013493447818911411,0.9761115581399035,14,34.499678223740936,3.500505359817756,8.024246661936772,1.403891000565613,1.1929176032492685,0.27957290531396417,1.7335947225988917,67,0.7382993930259126,0.5045935599370213,0.09961814235066224,0.1156635076291801,0.029689759083801892,48.84214181146571,46.30359380532641,0.6973269964546357,6.912517937187799,45.752108912145125,6.574001135695104,6.689664643324284,0.9906460878130398,6.627090107690416
0,119,631.532951712183,145.31097410258732,2.0,1.0,-2.0,2.0,24,17,22,7.848085955015709,0.30349184012864533,0.9960415775275062,14,68.48897411413354,5.591143960152398,11.465631085863194,3.2211455260813353,2.8886938045770436,0.4566209030977597,9.948938737257738,68,0.775770154221701,0.6905194464921578,0.25590135310550954,0.9005595431780176,0.26129365157682505,54.70383836738508,52.71119839976827,1.791309471738567,6.957264380409757,52.40442430128955,9.105459101276574,8.204899558098557,0.997292812017756,8.182687352619354,15,19,5.719999032410894,0.013493447818911411,0.9761115581399035,14,34.499678223740936,3.500505359817756,8.024246661936772,1.403891000565613,1.1929176032492685,0.27957290531396417,1.7335947225988917,67,0.7382993930259126,0.5045935599370213,0.09961814235066224,0.1156635076291801,0.029689759083801892,48.84214181146571,46.30359380532641,0.6973269964546357,6.912517937187799,45.752108912145125,6.574001135695104,6.689664643324284,0.9906460878130398,6.627090107690416
0,120,631.532951712183,160.99043433955902,2.0,1.0,-2.0,2.0,26,17,22,7.848085955015709,0.30349184012864533,0.9960415775275062,14,68.48897411413354,5.591143960152398,11.465631085863194,3.2211455260813353,2.8886938045770436,0.4566209030977597,9.948938737257738,68,0.775770154221701,0.6905194464921578,0.25590135310550954,0.9005595431780176,0.26129365157682505,54.70383836738508,52.71119839976827,1.791309471738567,6.957264380409757,52.40442430128955,9.105459101276574,8.204899558098557,0.997292812017756,8.182687352619354,15,19,5.719999032410894,0.013493447818911411,0.9761115581399035,14,34.499678223740936,3.500505359817756,8.024246661936772,1.403891000565613,1.1929176032492685,0.27957290531396417,1.7335947225988917,67,0.7382993930259126,0.5045935599370213,0.09961814235066224,0.1156635076291801,0.029689759083801892,48.84214181146571,46.30359380532641,0.6973269964546357,6.912517937187799,45.752108912145125,6.574001135695104,6.689664643324284,0.9906460878130398,6.627090107690416
0,121,628.4729764678738,160.99043433955902,2.0,1.0,-2.0,2.0,26,17,21,8.143740357033801,0.2607061088578273,0.9971326692150243,15,77.1128422512715,5.8431628707799455,12.562222823712665,3.2338184590141714,2.9820547141924734,0.4352835938947069,10.032295408643519,57,1.517558479642219,1.2071055293887507,0.3111639571594518,0.1889099676946575,0.15657138791224787,56.33440895945469,47.884670253733425,2.1781477001161624,6.899846093423089,47.261831166601375,8.329556669078993,8.140646701384336,0.9974271083139461,8.119701699167242,15,20,6.652092314644378,0.029177999923015546,0.9902979336063386,15,41.372078181542236,3.527513195419105,9.06208758290963,1.0439886483396559,0.8723610694406448,0.27044620490837884,0.9200528142003639,60,0.6085911232697013,0.5378804042798194,0.22040688800852368,0.066409691481498,0.04710664770629328,42.97806064536066,45.45841118313827,1.5428482160596657,6.867182085085741,44.69006859952555,5.412031944764999,5.345622253283501,0.9649432183174077,5.158221940992535
0,122,628.4729764678738,160.99043433955902,2.0,1.0,-2.0,2.0,26,17,21,8.143740357033801,0.2607061088578273,0.9971326692150243,15,77.1128422512715,5.8431628707799455,12.562222823712665,3.2338184590141714,2.9820547141924734,0.4352835938947069,10.032295408643519,57,1.517558479642219,1.2071055293887507,0.3111639571594518,0.1889099676946575,0.15657138791224787,56.33440895945469,47.884670253733425,2.1781477001161624,6.899846093423089,47.261831166601375,8.329556669078993,8.140646701384336,0.9974271083139461,8.119701699167242,15,20,6.652092314644378,0.029177999923015546,0.9902979336063386,15,41.372078181542236,3.527513195419105,9.06208758290963,1.0439886483396559,0.8723610694406448,0.27044620490837884,0.9200528142003639,60,0.6085911232697013,0.5378804042798194,0.22040688800852368,0.066409691481498,0.04710664770629328,42.97806064536066,45.45841118313827,1.5428482160596657,6.867182085085741,44.69006859952555,5.412031944764999,5.345622253283501,0.9649432183174077,5.158221940992535
0,123,628.4729764678738,160.99043433955902,2.0,1.0,-2.0,2.0,26,17,21,8.143740357033801,0.2607061088578273,0.9971326692150243,15,77.1128422512715,5.8431628707799455,12.562222823712665,3.2338184590141714,2.9820547141924734,0.4352835938947069,10.032295408643519,57,1.517558479642219,1.2071055293887507,0.3111639571594518,0.1889099676946575,0.15657138791224787,56.33440895945469,47.884670253733425,2.1781477001161624,6.899846093423089,47.261831166601375,8.329556669078993,8.140646701384336,0.9974271083139461,8.119701699167242,15,20,6.652092314644378,0.029177999923015546,0.9902979336063386,15,41.372078181542236,3.527513195419105,9.06208758290963,1.0439886483396559,0.8723610694406448,0.27044620490837884,0.9200528142003639,60,0.6085911232697013,0.5378804042798194,0.22040688800852368,0.066409691481498,0.04710664770629328,42.97806064536066,45.45841118313827,1.5428482160596657,6.867182085085741,44.69006859952555,5.412031944764999,5.345622253283501,0.9649432183174077,5.158221940992535
0,124,628.4729764678738,160.99043433955902,2.0,1.0,-2.0,2.0,26,17,21,8.143740357033801,0.2607061088578273,0.9971326692150243,15,77.1128422512715,5.8431628707799455,12.562222823712665,3.2338184590141714,2.9820547141924734,0.4352835938947069,10.032295408643519,57,1.517558479642219,1.2071055293887507,0.3111639571594518,0.1889099676946575,0.15657138791224787,56.33440895945469,47.884670253733425,2.1781477001161624,6.899846093423089,47.261831166601375,8.329556669078993,8.140646701384336,0.9974271083139461,8.119701699167242,15,20,6.652092314644378,0.029177999923015546,0.9902979336063386,15,41.372078181542236,3.527513195419105,9.06208758290963,1.0439886483396559,0.8723610694406448,0.27044620490837884,0.9200528142003639,60,0.6085911232697013,0.5378804042798194,0.22040688800852368,0.066409691481498,0.04710664770629328,42.97806064536066,45.45841118313827,1.5428482160596657,6.867182085085741,44.69006859952555,5.412031944764999,5.345622253283501,0.9649432183174077,5.158221940992535
0,125,628.4729764678738,160.99043433955902,2.0,1.0,-2.0,2.0,26,17,21,8.143740357033801,0.2607061088578273,0.9971326692150243,15,77.1128422512715,5.8431628707799455,12.562222823712665,3.2338184590141714,2.9820547141924734,0.4352835938947069,10.032295408643519,57,1.517558479642219,1.2071055293887507,0.3111639571594518,0.1889099676946575,0.15657138791224787,56.33440895945469,47.884670253733425,2.1781477001161624,6.899846093423089,47.261831166601375,8.329556669078993,8.140646701384336,0.9974271083139461,8.119701699167242,15,20,6.652092314644378,0.029177999923015546,0.9902979336063386,15,41.372078181542236,3.527513195419105,9.06208758290963,1.0439886483396559,0.8723610694406448,0.27044620490837884,0.9200528142003639,60,0.6085911232697013,0.5378804042798194,0.22040688800852368,0.066409691481498,0.04710664770629328,42.97806064536066,45.45841118313827,1.5428482160596657,6.867182085085741,44.69006859952555,5.412031944764999,5.345622253283501,0.9649432183174077,5.158221940992535
0,126,624.0594073209619,160.99043433955902,2.0,1.0,-2.0,2.0,26,17,21,9.066207916968281,0.0744176828760909,0.9990566851014889,15,84.16221070517038,5.1471610228696525,12.60381351631494,3.130040464473334,2.8398152132136167,0.41585369896593904,9.382665967497038,57,1.611196265942981,1.3928590116960962,0.26830543353385833,0.32686440556052965,0.03594087860518106,56.33440895945469,46.58439587758201,1.8781380347370085,6.8836247337874665,45.88193894683077,8.329556669078993,8.002692263518464,0.9974287142436423,7.982115054888765,15,20,5.808625213113078,0.01062402718060688,0.9781338150280865,15,40.17307363737313,3.4991715677726027,9.08037961652336,1.0337249068669327,0.8411570859694507,0.2653669248354011,0.8946818310277335,60,0.42925134790001535,0.3851149747937072,0.16628012318446617,0.32369532429672976,0.05051886399094885,40.71631518487267,41.29852194266825,1.1639608622912632,6.80723625170413,40.24376246404725,7.016060064345578,6.692364740048848,0.9904960728026314,6.628760992781188
0,127,624.0594073209619,160.99043433955902,2.0,1.0,-2.0,2.0,26,17,21,9.066207916968281,0.0744176828760909,0.9990566851014889,15,84.16221070517038,5.1471610228696525,12.60381351631494,3.130040464473334,2.8398152132136167,0.41585369896593904,9.382665967497038,57,1.611196265942981,1.3928590116960962,0.26830543353385833,0.32686440556052965,0.03594087860518106,56.33440895945469,46.58439587758201,1.8781380347370085,6.8836247337874665,45.88193894683077,8.329556669078993,8.002692263518464,0.9974287142436423,7.982115054888765,15,20,5.808625213113078,0.01062402718060688,0.9781338150280865,15,40.17307363737313,3.4991715677726027,9.08037961652336,1.0337249068669327,0.8411570859694507,0.2653669248354011,0.8946818310277335,60,0.42925134790001535,0.3851149747937072,0.16628012318446617,0.32369532429672976,0.05051886399094885,40.71631518487267,41.29852194266825,1.1639608622912632,6.80723625170413,40.24376246404725,7.016060064345578,6.692364740048848,0.9904960728026314,6.628760992781188
0,128,624.0594073209619,160.99043433955902,2.0,1.0,-2.0,2.0,26,17,21,9.066207916968281,0.0744176828760909,0.9990566851014889,15,84.16221070517038,5.1471610228696525,12.60381351631494,3.130040464473334,2.8398152132136167,0.41585369896593904,9.382665967497038,57,1.611196265942981,1.3928590116960962,0.26830543353385833,0.32686440556052965,0.03594087860518106,56.33440895945469,46.58439587758201,1.8781380347370085,6.8836247337874665,45.88193894683077,8.329556669078993,8.002692263518464,0.9974287142436423,7.982115054888765,15,20,5.808625213113078,0.01062402718060688,0.9781338150280865,15,40.17307363737313,3.4991715677726027,9.08037961652336,1.0337249068669327,0.8411570859694507,0.2653669248354011,0.8946818310277335,60,0.42925134790001535,0.3851149747937072,0.16628012318446617,0.32369532429672976,0.05051886399094885,40.71631518487267,41.29852194266825,1.1639608622912632,6.80723625170413,40.24376246404725,7.016060064345578,6.692364740048848,0.9904960728026314,6.628760992781188
0,129,624.0594073209619,160.99043433955902,2.0,1.0,-2.0,2.0,26,17,21,9.066207916968281,0.0744176828760909,0.9990566851014889,15,84.16221070517038,5.1471610228696525,12.60381351631494,3.130040464473334,2.8398152132136167,0.41585369896593904,9.382665967497038,57,1.611196265942981,1.3928590116960962,0.26830543353385833,0.32686440556052965,0.03594087860518106,56.33440895945469,46.58439587758201,1.8781380347370085,6.8836247337874665,45.88193894683077,8.329556669078993,8.002692263518464,0.9974287142436423,7.982115054888765,15,20,5.808625213113078,0.01062402718060688,0.9781338150280865,15,40.17307363737313,3.4991715677726027,9.08037961652336,1.0337249068669327,0.8411570859694507,0.2653669248354011,0.8946818310277335,60,0.42925134790001535,0.3851149747937072,0.16628012318446617,0.32369532429672976,0.05051886399094885,40.71631518487267,41.29852194266825,1.1639608622912632,6.80723625170413,40.24376246404725,7.016060064345578,6.692364740048848,0.9904960728026314,6.628760992781188
0,130,624.0594073209619,176.33605107298357,2.0,1.0,-2.0,2.0,28,17,21,9.066207916968281,0.0744176828760909,0.9990566851014889,15,84.16221070517038,5.1471610228696525,12.60381351631494,3.130040464473334,2.8398152132136167,0.41585369896593904,9.382665967497038,57,1.611196265942981,1.3928590116960962,0.26830543353385833,0.32686440556052965,0.03594087860518106,56.33440895945469,46.58439587758201,1.8781380347370085,6.8836247337874665,45.88193894683077,8.329556669078993,8.002692263518464,0.9974287142436423,7.982115054888765,15,20,5.808625213113078,0.01062402718060688,0.9781338150280865,15,40.17307363737313,3.4991715677726027,9.08037961652336,1.0337249068669327,0.8411570859694507,0.2653669248354011,0.8946818310277335,60,0.42925134790001535,0.3851149747937072,0.16628012318446617,0.32369532429672976,0.05051886399094885,40.71631518487267,41.29852194266825,1.1639608622912632,6.80723625170413,40.24376246404725,7.016060064345578,6.692364740048848,0.9904960728026314,6.628760992781188
0,131,618.163382518554,176.33605107298357,2.0,1.0,-2.0,2.0,28,16,21,8.40421114900533,0.006084436618731333,0.9983355153854666,16,101.11914392924962,4.491553512935971,13.668644690991297,2.4721151626625644,2.0699096637627785,0.31145460185104584,5.81639401886705,52,0.32874234418412374,0.24310927381732217,0.053100214588019896,0.03386964598404152,0.0026381151240880327,53.55731406490171,55.055130765927466,0.3717015021161393,6.965168994240659,54.81485504408442,7.482526120199285,7.516395766183327,0.9959843828534196,7.486212798464157,15,21,6.644245173826396,0.022178854808185267,0.9902833628319565,16,46.5082960156378,3.516847634161425,10.084667761601528,0.9302888213165728,0.7673147595461116,0.27203545622688813,0.6948923638732099,55,0.39099339973106156,0.3360712709345797,0.15100488342353274,0.2042458920942769,0.04434448738378142,41.58740634745324,42.78143422062816,1.0570341839647293,6.845134419587013,41.89365038967911,7.07484532132754,7.279091213421817,0.9946946381257483,7.240473000418929
0,132,618.163382518554,176.33605107298357,2.0,1.0,-2.0,2.0,28,16,21,8.40421114900533,0.006084436618731333,0.9983355153854666,16,101.11914392924962,4.491553512935971,13.668644690991297,2.4721151626625644,2.0699096637627785,0.31145460185104584,5.81639401886705,52,0.32874234418412374,0.24310927381732217,0.053100214588019896,0.03386964598404152,0.0026381151240880327,53.55731406490171,55.055130765927466,0.3717015021161393,6.965168994240659,54.81485504408442,7.482526120199285,7.516395766183327,0.9959843828534196,7.486212798464157,15,21,6.644245173826396,0.022178854808185267,0.9902833628319565,16,46.5082960156378,3.516847634161425,10.084667761601528,0.9302888213165728,0.7673147595461116,0.27203545622688813,0.6948923638732099,55,0.39099339973106156,0.3360712709345797,0.15100488342353274,0.2042458920942769,0.04434448738378142,41.58740634745324,42.78143422062816,1.0570341839647293,6.845134419587013,41.89365038967911,7.07484532132754,7.279091213421817,0.9946946381257483,7.240473000418929
0,133,618.163382518554,176.33605107298357,2.0,1.0,-2.0,2.0,28,16,21,8.40421114900533,0.006084436618731333,0.9983355153854666,16,101.11914392924962,4.491553512935971,13.668644690991297,2.4721151626625644,2.0699096637627785,0.31145460185104584,5.81639401886705,52,0.32874234418412374,0.24310927381732217,0.053100214588019896,0.03386964598404152,0.0026381151240880327,53.55731406490171,55.055130765927466,0.3717015021161393,6.965168994240659,54.81485504408442,7.482526120199285,7.516395766183327,0.9959843828534196,7.486212798464157,15,21,6.644245173826396,0.022178854808185267,0.9902833628319565,16,46.5082960156378,3.516847634161425,10.084667761601528,0.9302888213165728,0.7673147595461116,0.27203545622688813,0.6948923638732099,55,0.39099339973106156,0.3360712709345797,0.15100488342353274,0.2042458920942769,0.04434448738378142,41.58740634745324,42.78143422062816,1.0570341839647293,6.845134419587013,41.89365038967911,7.07484532132754,7.279091213421817,0.9946946381257483,7.240473000418929
0,134,618.163382518554,176.33605107298357,2.0,1.0,-2.0,2.0,28,16,21,8.40421114900533,0.006084436618731333,0.9983355153854666,16,101.11914392924962,4.491553512935971,13.668644690991297,2.4721151626625644,2.0699096637627785,0.31145460185104584,5.81639401886705,52,0.32874234418412374,0.24310927381732217,0.053100214588019896,0.03386964598404152,0.0026381151240880327,53.55731406490171,55.055130765927466,0.3717015021161393,6.965168994240659,54.81485504408442,7.482526120199285,7.516395766183327,0.9959843828534196,7.486212798464157,15,21,6.644245173826396,0.022178854808185267,0.9902833628319565,16,46.5082960156378,3.516847634161425,10.084667761601528,0.9302888213165728,0.7673147595461116,0.27203545622688813,0.6948923638732099,55,0.39099339973106156,0.3360712709345797,0.15100488342353274,0.2042458920942769,0.04434448738378142,41.58740634745324,42.78143422062816,1.0570341839647293,6.845134419587013,41.89365038967911,7.07484532132754,7.279091213421817,0.9946946381257483,7.240473000418929
0,135,618.163382518554,176.33605107298357,2.0,1.0,-2.0,2.0,28,16,21,8.40421114900533,0.006084436618731333,0.9983355153854666,16,101.11914392924962,4.491553512935971,13.668644690991297,2.4721151626625644,2.0699096637627785,0.31145460185104584,5.81639401886705,52,0.32874234418412374,0.24310927381732217,0.053100214588019896,0.03386964598404152,0.0026381151240880327,53.55731406490171,55.055130765927466,0.3717015021161393,6.965168994240659,54.81485504408442,7.482526120199285,7.516395766183327,0.9959843828534196,7.486212798464157,15,21,6.644245173826396,0.022178854808185267,0.9902833628319565,16,46.5082960156378,3.516847634161425,10.084667761601528,0.9302888213165728,0.7673147595461116,0.27203545622688813,0.6948923638732099,55,0.39099339973106156,0.3360712709345797,0.15100488342353274,0.2042458920942769,0.04434448738378142,41.58740634745324,42.78143422062816,1.0570341839647293,6.845134419587013,41.89365038967911,7.07484532132754,7.279091213421817,0.9946946381257483,7.240473000418929
0,136,611.3073342167232,176.33605107298357,2.0,1.0,-2.0,2.0,28,16,21,7.4176666179691075,0.004075917503252757,0.9955630269408102,16,100.58362098569876,4.347132784421278,13.612429405385443,2.382832957302707,2.007394150921094,0.29277964640107373,5.3935277404208595,52,0.7679820388239851,0.6591921215524498,0.07318648179121327,0.46755693999172365,0.0024846365825325067,54.13442534662188,57.81365631750558,0.512305372538493,6.978334990807506,57.651208296013316,7.482526120199285,7.0149691802075615,0.9933898995198118,6.968599529060966,15,21,5.994067422874643,0.0202773327797973,0.9816257447677038,16,46.15193028914797,3.514210903881769,10.16949396661393,0.8671295508031074,0.7009528338747292,0.22651544790757677,0.5796892240664764,55,0.21495677363405669,0.1546947219032942,0.1105143347710016,0.038069342925283856,0.041958031743480416,44.78103102710753,45.66117436262425,0.7736003433970112,6.90282314644829,45.05837987401677,7.07484532132754,7.0367759784022565,0.99327908013921,6.989482370973082
0,137,611.3073342167232,176.33605107298357,2.0,1.0,-2.0,2.0,28,16,21,7.4176666179691075,0.004075917503252757,0.9955630269408102,16,100.58362098569876,4.347132784421278,13.612429405385443,2.382832957302707,2.007394150921094,0.29277964640107373,5.3935277404208595,52,0.7679820388239851,0.6591921215524498,0.07318648179121327,0.46755693999172365,0.0024846365825325067,54.13442534662188,57.81365631750558,0.512305372538493,6.978334990807506,57.651208296013316,7.482526120199285,7.0149691802075615,0.9933898995198118,6.968599529060966,15,21,5.994067422874643,0.0202773327797973,0.9816257447677038,16,46.15193028914797,3.514210903881769,10.16949396661393,0.8671295508031074,0.7009528338747292,0.22651544790757677,0.5796892240664764,55,0.21495677363405669,0.1546947219032942,0.1105143347710016,0.038069342925283856,0.041958031743480416,44.78103102710753,45.66117436262425,0.7736003433970112,6.90282314644829,45.05837987401677,7.07484532132754,7.0367759784022565,0.99327908013921,6.989482370973082
0,138,611.3073342167232,176.33605107298357,2.0,1.0,-2.0,2.0,28,16,21,7.4176666179691075,0.004075917503252757,0.9955630269408102,16,100.58362098569876,4.347132784421278,13.612429405385443,2.382832957302707,2.007394150921094,0.29277964640107373,5.3935277404208595,52,0.7679820388239851,0.6591921215524498,0.07318648179121327,0.46755693999172365,0.0024846365825325067,54.13442534662188,57.81365631750558,0.512305372538493,6.978334990807506,57.651208296013316,7.482526120199285,7.0149691802075615,0.9933898995198118,6.968599529060966,15,21,5.994067422874643,0.0202773327797973,0.9816257447677038,16,46.15193028914797,3.514210903881769,10.16949396661393,0.8671295508031074,0.7009528338747292,0.22651544790757677,0.5796892240664764,55,0.21495677363405669,0.1546947219032942,0.1105143347710016,0.038069342925283856,0.041958031743480416,44.78103102710753,45.66117436262425,0.7736003433970112,6.90282314644829,45.05837987401677,7.07484532132754,7.0367759784022565,0.99327908013921,6.989482370973082
0,139,611.3073342167232,176.33605107298357,2.0,1.0,-2.0,2.0,28,16,21,7.4176666179691075,0.004075917503252757,0.9955630269408102,16,100.58362098569876,4.347132784421278,13.612429405385443,2.382832957302707,2.007394150921094,0.29277964640107373,5.3935277404208595,52,0.7679820388239851,0.6591921215524498,0.07318648179121327,0.46755693999172365,0.0024846365825325067,54.13442534662188,57.81365631750558,0.512305372538493,6.978334990807506,57.651208296013316,7.482526120199285,7.0149691802075615,0.9933898995198118,6.968599529060966,15,21,5.994067422874643,0.0202773327797973,0.9816257447677038,16,46.15193028914797,3.514210903881769,10.16949396661393,0.8671295508031074,0.7009528338747292,0.22651544790757677,0.5796892240664764,55,0.21495677363405669,0.1546947219032942,0.1105143347710016,0.038069342925283856,0.041958031743480416,44.78103102710753,45.66117436262425,0.7736003433970112,6.90282314644829,45.05837987401677,7.07484532132754,7.0367759784022565,0.99327908013921,6.989482370973082
0,140,611.3073342167232,190.89342251451038,2.0,1.0,-2.0,2.0,30,16,21,7.4176666179691075,0.004075917503252757,0.9955630269408102,16,100.58362098569876,4.347132784421278,13.612429405385443,2.382832957302707,2.007394150921094,0.29277964640107373,5.3935277404208595,52,0.7679820388239851,0.6591921215524498,0.07318648179121327,0.46755693999172365,0.0024846365825325067,54.13442534662188,57.81365631750558,0.512305372538493,6.978334990807506,57.651208296013316,7.482526120199285,7.0149691802075615,0.9933898995198118,6.968599529060966,15,21,5.994067422874643,0.0202773327797973,0.9816257447677038,16,46.15193028914797,3.514210903881769,10.16949396661393,0.8671295508031074,0.7009528338747292,0.22651544790757677,0.5796892240664764,55,0.21495677363405669,0.1546947219032942,0.1105143347710016,0.038069342925283856,0.041958031743480416,44.78103102710753,45.66117436262425,0.7736003433970112,6.90282314644829,45.05837987401677,7.07484532132754,7.0367759784022565,0.99327908013921,6.989482370973082
0,141,603.6985792396223,190.89342251451038,2.0,1.0,-2.0,2.0,30,16,20,7.01908882771546,0.0024748407857890045,0.993416945798205,17,99.90051581669431,4.201228546794568,14.57752984152134,1.9228530073476557,1.5812786421356346,0.25289511759880173,3.450583069127045,57,0.8854271189244513,0.7295697966817833,0.08996184738355219,0.07025001058604197,0.028997873576988315,56.34083389624979,57.225409529929706,0.6297329316848653,6.980200917616892,57.072022148295005,8.63081963405429,8.560569623468249,0.9985336793965764,8.548017083852315,15,22,7.276076762231418,0.0409660636215737,0.9946968816417848,17,53.79627451694403,3.55390283805741,11.163005981318943,0.9191250446043471,0.607144111794458,0.18430914062057863,0.7464184217008902,67,0.5980875237735079,0.4593176603599539,0.07379761963459426,0.32052135714764596,0.007785179375084457,58.174383665459814,56.7064188095124,0.5165833374421598,6.981821262068707,56.561211722667345,8.446004335638982,8.125482978491336,0.9977979034711972,8.107589880629554
0,142,603.6985792396223,190.89342251451038,2.0,1.0,-2.0,2.0,30,16,20,7.01908882771546,0.0024748407857890045,0.993416945798205,17,99.90051581669431,4.201228546794568,14.57752984152134,1.9228530073476557,1.5812786421356346,0.25289511759880173,3.450583069127045,57,0.8854271189244513,0.7295697966817833,0.08996184738355219,0.07025001058604197,0.028997873576988315,56.34083389624979,57.225409529929706,0.6297329316848653,6.980200917616892,57.072022148295005,8.63081963405429,8.560569623468249,0.9985336793965764,8.548017083852315,15,22,7.276076762231418,0.0409660636215737,0.9946968816417848,17,53.79627451694403,3.55390283805741,11.163005981318943,0.9191250446043471,0.607144111794458,0.18430914062057863,0.7464184217008902,67,0.5980875237735079,0.4593176603599539,0.07379761963459426,0.32052135714764596,0.007785179375084457,58.174383665459814,56.7064188095124,0.5165833374421598,6.981821262068707,56.561211722667345,8.446004335638982,8.125482978491336,0.9977979034711972,8.107589880629554
0,143,603.6985792396223,190.89342251451038,2.0,1.0,-2.0,2.0,30,16,20,7.01908882771546,0.0024748407857890045,0.993416945798205,17,99.90051581669431,4.201228546794568,14.57752984152134,1.9228530073476557,1.5812786421356346,0.25289511759880173,3.450583069127045,57,0.8854271189244513,0.7295697966817833,0.08996184738355219,0.07025001058604197,0.028997873576988315,56.34083389624979,57.225409529929706,0.6297329316848653,6.980200917616892,57.072022148295005,8.63081963405429,8.560569623468249,0.9985336793965764,8.548017083852315,15,22,7.276076762231418,0.0409660636215737,0.9946968816417848,17,53.79627451694403,3.55390283805741,11.163005981318943,0.9191250446043471,0.607144111794458,0.18430914062057863,0.7464184217008902,67,0.5980875237735079,0.4593176603599539,0.07379761963459426,0.32052135714764596,0.007785179375084457,58.174383665459814,56.7064188095124,0.5165833374421598,6.981821262068707,56.561211722667345,8.446004335638982,8.125482978491336,0.9977979034711972,8.107589880629554
0,144,603.6985792396223,190.89342251451038,2.0,1.0,-2.0,2.0,30,16,20,7.01908882771546,0.0024748407857890045,0.993416945798205,17,99.90051581669431,4.201228546794568,14.57752984152134,1.9228530073476557,1.5812786421356346,0.25289511759880173,3.450583069127045,57,0.8854271189244513,0.7295697966817833,0.08996184738355219,0.07025001058604197,0.028997873576988315,56.34083389624979,57.225409529929706,0.6297329316848653,6.980200917616892,57.072022148295005,8.63081963405429,8.560569623468249,0.9985336793965764,8.548017083852315,15,22,7.276076762231418,0.0409660636215737,0.9946968816417848,17,53.79627451694403,3.55390283805741,11.163005981318943,0.9191250446043471,0.607144111794458,0.18430914062057863,0.7464184217008902,67,0.5980875237735079,0.4593176603599539,0.07379761963459426,0.32052135714764596,0.007785179375084457,58.174383665459814,56.7064188095124,0.5165833374421598,6.981821262068707,56.561211722667345,8.446004335638982,8.125482978491336,0.9977979034711972,8.107589880629554
0,145,603.6985792396223,190.89342251451038,2.0,1.0,-2.0,2.0,30,16,20,7.01908882771546,0.0024748407857890045,0.993416945798205,17,99.90051581669431,4.201228546794568,14.57752984152134,1.9228530073476557,1.5812786421356346,0.25289511759880173,3.450583069127045,57,0.8854271189244513,0.7295697966817833,0.08996184738355219,0.07025001058604197,0.028997873576988315,56.34083389624979,57.225409529929706,0.6297329316848653,6.980200917616892,57.072022148295005,8.63081963405429,8.560569623468249,0.9985336793965764,8.548017083852315,15,22,7.276076762231418,0.0409660636215737,0.9946968816417848,17,53.79627451694403,3.55390283805741,11.163005981318943,0.9191250446043471,0.607144111794458,0.18430914062057863,0.7464184217008902,67,0.5980875237735079,0.4593176603599539,0.07379761963459426,0.32052135714764596,0.007785179375084457,58.174383665459814,56.7064188095124,0.5165833374421598,6.981821262068707,56.561211722667345,8.446004335638982,8.125482978491336,0.9977979034711972,8.107589880629554
0,146,592.6146934558031,190.89342251451038,2.0,1.0,-2.0,2.0,30,16,20,7.016820939669295,0.0024720774458535746,0.9934021228752415,17,100.98732717978794,4.154270863731516,14.60112226874622,1.893813455166306,1.558398564769867,0.25185547848853607,3.3411376876201673,57,0.8583087007707293,0.7021459192153542,0.08952286095917163,0.08476353384791935,0.02889485759691557,56.34083389624979,57.04486253128499,0.6266600267142014,6.97944168420873,56.88670635899725,8.63081963405429,8.546056100206371,0.9985125896974909,8.533344608317103,15,22,7.256822258911908,0.040888407686483164,0.9945955840687374,17,53.75434519812424,3.553258552339155,11.161255866418637,0.779929238013346,0.5151236672597289,0.1316823740413312,0.5401172857445004,67,0.5063695741120122,0.41812515786869536,0.058085479012500545,0.3208931071432808,0.007757747139294595,57.10872158908276,56.365541857766864,0.4065983530875038,6.980997653566708,56.21545584810613,8.446004335638982,8.125111228495701,0.9977971599254584,8.107212907871462
0,147,592.6146934558031,190.89342251451038,2.0,1.0,-2.0,2.0,30,16,20,7.016820939669295,0.0024720774458535746,0.9934021228752415,17,100.98732717978794,4.154270863731516,14.60112226874622,1.893813455166306,1.558398564769867,0.25185547848853607,3.3411376876201673,57,0.8583087007707293,0.7021459192153542,0.08952286095917163,0.08476353384791935,0.02889485759691557,56.34083389624979,57.04486253128499,0.6266600267142014,6.97944168420873,56.88670635899725,8.63081963405429,8.546056100206371,0.9985125896974909,8.533344608317103,15,22,7.256822258911908,0.040888407686483164,0.9945955840687374,17,53.75434519812424,3.553258552339155,11.161255866418637,0.779929238013346,0.5151236672597289,0.1316823740413312,0.5401172857445004,67,0.5063695741120122,0.41812515786869536,0.058085479012500545,0.3208931071432808,0.007757747139294595,57.10872158908276,56.365541857766864,0.4065983530875038,6.980997653566708,56.21545584810613,8.446004335638982,8.125111228495701,0.9977971599254584,8.107212907871462
0,148,592.6146934558031,190.89342251451038,2.0,1.0,-2.0,2.0,30,16,20,7.016820939669295,0.0024720774458535746,0.9934021228752415,17,100.98732717978794,4.154270863731516,14.60112226874622,1.893813455166306,1.558398564769867,0.25185547848853607,3.3411376876201673,57,0.8583087007707293,0.7021459192153542,0.08952286095917163,0.08476353384791935,0.02889485759691557,56.34083389624979,57.04486253128499,0.6266600267142014,6.97944168420873,56.88670635899725,8.63081963405429,8.546056100206371,0.9985125896974909,8.533344608317103,15,22,7.256822258911908,0.040888407686483164,0.9945955840687374,17,53.75434519812424,3.553258552339155,11.161255866418637,0.779929238013346,0.5151236672597289,0.1316823740413312,0.5401172857445004,67,0.5063695741120122,0.41812515786869536,0.058085479012500545,0.3208931071432808,0.007757747139294595,57.10872158908276,56.365541857766864,0.4065983530875038,6.980997653566708,56.21545584810613,8.446004335638982,8.125111228495701,0.9977971599254584,8.107212907871462
0,149,592.6146934558031,190.89342251451038,2.0,1.0,-2.0,2.0,30,16,20,7.016820939669295,0.0024720774458535746,0.9934021228752415,17,100.98732717978794,4.154270863731516,14.60112226874622,1.893813455166306,1.558398564769867,0.25185547848853607,3.3411376876201673,57,0.8583087007707293,0.7021459192153542,0.08952286095917163,0.08476353384791935,0.02889485759691557,56.34083389624979,57.04486253128499,0.6266600267142014,6.97944168420873,56.88670635899725,8.63081963405429,8.546056100206371,0.9985125896974909,8.533344608317103,15,22,7.256822258911908,0.040888407686483164,0.9945955840687374,17,53.75434519812424,3.553258552339155,11.161255866418637,0.779929238013346,0.5151236672597289,0.1316823740413312,0.5401172857445004,67,0.5063695741120122,0.41812515786869536,0.058085479012500545,0.3208931071432808,0.007757747139294595,57.10872158908276,56.365541857766864,0.4065983530875038,6.980997653566708,56.21545584810613,8.446004335638982,8.125111228495701,0.9977971599254584,8.107212907871462
0,150,592.6146934558031,207.97024648420364,2.0,1.0,-2.0,2.0,32,16,20,7.016820939669295,0.0024720774458535746,0.9934021228752415,17,100.98732717978794,4.154270863731516,14.60112226874622,1.893813455166306,1.558398564769867,0.25185547848853607,3.3411376876201673,57,0.8583087007707293,0.7021459192153542,0.08952286095917163,0.08476353384791935,0.02889485759691557,56.34083389624979,57.04486253128499,0.6266600267142014,6.97944168420873,56.88670635899725,8.63081963405429,8.546056100206371,0.9985125896974909,8.533344608317103,15,22,7.256822258911908,0.040888407686483164,0.9945955840687374,17,53.75434519812424,3.553258552339155,11.161255866418637,0.779929238013346,0.5151236672597289,0.1316823740413312,0.5401172857445004,67,0.5063695741120122,0.41812515786869536,0.058085479012500545,0.3208931071432808,0.007757747139294595,57.10872158908276,56.365541857766864,0.4065983530875038,6.980997653566708,56.21545584810613,8.446004335638982,8.125111228495701,0.9977971599254584,8.107212907871462
0,151,583.1488942740006,207.97024648420364,2.0,1.0,-2.0,2.0,32,17,20,8.536728975431886,0.028801555655819062,0.9984989276063746,18,109.49501729288046,4.169733918533422,15.607874440798316,2.237919674643629,1.8755106941022095,0.3022672456715461,4.7116732322176285,57,0.6999294569852778,0.6229902491051492,0.06961055108690205,0.5111992539141177,0.13805457465831164,50.754485350080444,54.09301858598826,0.4872738576083143,6.9678325303124975,53.86132405709598,9.156520927061537,8.64532167314742,0.9984565580105701,8.631978120664956,16,22,8.132626572086949,0.007751958869553858,0.9978136071313863,18,61.84956716914596,3.560832436606249,12.15364897037434,1.1902012730289644,0.7809487865158449,0.14889514949582594,1.3177273350839358,66,0.6718723266804133,0.549244992355184,0.09013143558969787,0.11222131847754824,0.016897431806660812,56.983459841274254,55.35974460472348,0.6309200491278851,6.976066551408113,55.17635788123779,8.451465318576304,8.563686637053852,0.9985604978281997,8.551359191541195
0,152,583.1488942740006,207.97024648420364,2.0,1.0,-2.0,2.0,32,17,20,8.536728975431886,0.028801555655819062,0.9984989276063746,18,109.49501729288046,4.169733918533422,15.607874440798316,2.237919674643629,1.8755106941022095,0.3022672456715461,4.7116732322176285,57,0.6999294569852778,0.6229902491051492,0.06961055108690205,0.5111992539141177,0.13805457465831164,50.754485350080444,54.09301858598826,0.4872738576083143,6.9678325303124975,53.86132405709598,9.156520927061537,8.64532167314742,0.9984565580105701,8.631978120664956,16,22,8.132626572086949,0.007751958869553858,0.9978136071313863,18,61.84956716914596,3.560832436606249,12.15364897037434,1.1902012730289644,0.7809487865158449,0.14889514949582594,1.3177273350839358,66,0.6718723266804133,0.549244992355184,0.09013143558969787,0.11222131847754824,0.016897431806660812,56.983459841274254,55.35974460472348,0.6309200491278851,6.976066551408113,55.17635788123779,8.451465318576304,8.563686637053852,0.9985604978281997,8.551359191541195
0,153,583.1488942740006,207.97024648420364,2.0,1.0,-2.0,2.0,32,17,20,8.536728975431886,0.028801555655819062,0.9984989276063746,18,109.49501729288046,4.169733918533422,15.607874440798316,2.237919674643629,1.8755106941022095,0.3022672456715461,4.7116732322176285,57,0.6999294569852778,0.6229902491051492,0.06961055108690205,0.5111992539141177,0.13805457465831164,50.754485350080444,54.09301858598826,0.4872738576083143,6.9678325303124975,53.86132405709598,9.156520927061537,8.64532167314742,0.9984565580105701,8.631978120664956,16,22,8.132626572086949,0.007751958869553858,0.9978136071313863,18,61.84956716914596,3.560832436606249,12.15364897037434,1.1902012730289644,0.7809487865158449,0.14889514949582594,1.3177273350839358,66,0.6718723266804133,0.549244992355184,0.09013143558969787,0.11222131847754824,0.016897431806660812,56.983459841274254,55.35974460472348,0.6309200491278851,6.976066551408113,55.17635788123779,8.451465318576304,8.563686637053852,0.9985604978281997,8.551359191541195
0,154,583.1488942740006,207.97024648420364,2.0,1.0,-2.0,2.0,32,17,20,8.536728975431886,0.028801555655819062,0.9984989276063746,18,109.49501729288046,4.169733918533422,15.607874440798316,2.237919674643629,1.8755106941022095,0.3022672456715461,4.7116732322176285,57,0.6999294569852778,0.6229902491051492,0.06961055108690205,0.5111992539141177,0.13805457465831164,50.754485350080444,54.09301858598826,0.4872738576083143,6.9678325303124975,53.86132405709598,9.156520927061537,8.64532167314742,0.9984565580105701,8.631978120664956,16,22,8.132626572086949,0.007751958869553858,0.9978136071313863,18,61.84956716914596,3.560832436606249,12.15364897037434,1.1902012730289644,0.7809487865158449,0.14889514949582594,1.3177273350839358,66,0.6718723266804133,0.549244992355184,0.09013143558969787,0.11222131847754824,0.016897431806660812,56.983459841274254,55.35974460472348,0.6309200491278851,6.976066551408113,55.17635788123779,8.451465318576304,8.563686637053852,0.9985604978281997,8.551359191541195
0,155,583.1488942740006,207.97024648420364,2.0,1.0,-2.0,2.0,32,17,20,8.536728975431886,0.028801555655819062,0.9984989276063746,18,109.49501729288046,4.169733918533422,15.607874440798316,2.237919674643629,1.8755106941022095,0.3022672456715461,4.7116732322176285,57,0.6999294569852778,0.6229902491051492,0.06961055108690205,0.5111992539141177,0.13805457465831164,50.754485350080444,54.09301858598826,0.4872738576083143,6.9678325303124975,53.86132405709598,9.156520927061537,8.64532167314742,0.9984565580105701,8.631978120664956,16,22,8.132626572086949,0.007751958869553858,0.9978136071313863,18,61.84956716914596,3.560832436606249,12.15364897037434,1.1902012730289644,0.7809487865158449,0.14889514949582594,1.3177273350839358,66,0.6718723266804133,0.549244992355184,0.09013143558969787,0.11222131847754824,0.016897431806660812,56.983459841274254,55.35974460472348,0.6309200491278851,6.976066551408113,55.17635788123779,8.451465318576304,8.563686637053852,0.9985604978281997,8.551359191541195
0,156,576.3713860042403,207.97024648420364,2.0,1.0,-2.0,2.0,32,17,20,8.537436853480262,0.02876119424092205,0.9985000585662719,18,109.56411258274447,4.164498914629157,15.60920730632367,2.2350865277728422,1.8734347742842516,0.3021891509054853,4.699199616226713,57,0.6949215495347792,0.6168943478870549,0.06957195752452486,0.5105659820787523,0.1378745799751427,50.754485350080444,54.05161382113232,0.48700370267167403,6.967610349511979,53.81856672541825,9.156520927061537,8.645954944982785,0.9984578423840078,8.632621519716855,16,22,8.132506062940356,0.007751396612291073,0.9978133460811053,18,61.90468298326598,3.5596867734065922,12.16481286049075,1.0989212376059707,0.7236719538421195,0.14705445497669276,1.1118709525984756,66,0.6192189727099698,0.5177475020015961,0.0899297721611956,0.1154527724752139,0.01689565677434605,56.983459841274254,55.58893918419897,0.6295084051283693,6.977264871957459,55.41313627813621,8.451465318576304,8.566918091051518,0.9985651233030757,8.554625619918209
0,157,576.3713860042403,207.97024648420364,2.0,1.0,-2.0,2.0,32,17,20,8.537436853480262,0.02876119424092205,0.9985000585662719,18,109.56411258274447,4.164498914629157,15.60920730632367,2.2350865277728422,1.8734347742842516,0.3021891509054853,4.699199616226713,57,0.6949215495347792,0.6168943478870549,0.06957195752452486,0.5105659820787523,0.1378745799751427,50.754485350080444,54.05161382113232,0.48700370267167403,6.967610349511979,53.81856672541825,9.156520927061537,8.645954944982785,0.9984578423840078,8.632621519716855,16,22,8.132506062940356,0.007751396612291073,0.9978133460811053,18,61.90468298326598,3.5596867734065922,12.16481286049075,1.0989212376059707,0.7236719538421195,0.14705445497669276,1.1118709525984756,66,0.6192189727099698,0.5177475020015961,0.0899297721611956,0.1154527724752139,0.01689565677434605,56.983459841274254,55.58893918419897,0.6295084051283693,6.977264871957459,55.41313627813621,8.451465318576304,8.566918091051518,0.9985651233030757,8.554625619918209
0,158,576.3713860042403,207.97024648420364,2.0,1.0,-2.0,2.0,32,17,20,8.537436853480262,0.02876119424092205,0.9985000585662719,18,109.56411258274447,4.164498914629157,15.60920730632367,2.2350865277728422,1.8734347742842516,0.3021891509054853,4.699199616226713,57,0.6949215495347792,0.6168943478870549,0.06957195752452486,0.5105659820787523,0.1378745799751427,50.754485350080444,54.05161382113232,0.48700370267167403,6.967610349511979,53.81856672541825,9.156520927061537,8.645954944982785,0.9984578423840078,8.632621519716855,16,22,8.132506062940356,0.007751396612291073,0.9978133460811053,18,61.90468298326598,3.5596867734065922,12.16481286049075,1.0989212376059707,0.7236719538421195,0.14705445497669276,1.1118709525984756,66,0.6192189727099698,0.5177475020015961,0.0899297721611956,0.1154527724752139,0.01689565677434605,56.983459841274254,55.58893918419897,0.6295084051283693,6.977264871957459,55.41313627813621,8.451465318576304,8.566918091051518,0.9985651233030757,8.554625619918209
0,159,576.3713860042403,207.97024648420364,2.0,1.0,-2.0,2.0,32,17,20,8.537436853480262,0.02876119424092205,0.9985000585662719,18,109.56411258274447,4.164498914629157,15.60920730632367,2.2350865277728422,1.8734347742842516,0.3021891509054853,4.699199616226713,57,0.6949215495347792,0.6168943478870549,0.06957195752452486,0.5105659820787523,0.1378745799751427,50.754485350080444,54.05161382113232,0.48700370267167403,6.967610349511979,53.81856672541825,9.156520927061537,8.645954944982785,0.9984578423840078,8.632621519716855,16,22,8.132506062940356,0.007751396612291073,0.9978133460811053,18,61.90468298326598,3.5596867734065922,12.16481286049075,1.0989212376059707,0.7236719538421195,0.14705445497669276,1.1118709525984756,66,0.6192189727099698,0.5177475020015961,0.0899297721611956,0.1154527724752139,0.01689565677434605,56.983459841274254,55.58893918419897,0.6295084051283693,6.977264871957459,55.41313627813621,8.451465318576304,8.566918091051518,0.9985651233030757,8.554625619918209
0,160,576.3713860042403,225.5782327298415,2.0,1.0,-2.0,2.0,34,17,20,8.537436853480262,0.02876119424092205,0.9985000585662719,18,109.56411258274447,4.164498914629157,15.60920730632367,2.2350865277728422,1.8734347742842516,0.3021891509054853,4.699199616226713,57,0.6949215495347792,0.6168943478870549,0.06957195752452486,0.5105659820787523,0.1378745799751427,50.754485350080444,54.05161382113232,0.48700370267167403,6.967610349511979,53.81856672541825,9.156520927061537,8.645954944982785,0.9984578423840078,8.632621519716855,16,22,8.132506062940356,0.007751396612291073,0.9978133460811053,18,61.90468298326598,3.5596867734065922,12.16481286049075,1.0989212376059707,0.7236719538421195,0.14705445497669276,1.1118709525984756,66,0.6192189727099698,0.5177475020015961,0.0899297721611956,0.1154527724752139,0.01689565677434605,56.983459841274254,55.58893918419897,0.6295084051283693,6.977264871957459,55.41313627813621,8.451465318576304,8.566918091051518,0.9985651233030757,8.554625619918209
0,161,567.2141252012887,225.5782327298415,2.0,1.0,-2.0,2.0,34,18,20,8.636541448012139,0.137837100966511,0.9984437302259518,19,117.94355906181028,4.300289854316843,16.60479100942629,2.6186330577669343,2.2658389612841288,0.3659557410921848,6.496633983856115,62,0.6691455828653091,0.5663946306686164,0.055600541236746626,0.528270748253723,0.1443135723637471,46.64625703312504,50.61101944780536,0.3892037886572264,6.929761515005809,50.185585495746665,7.98189544375175,8.510166192005473,0.9982267787535538,8.49507578450302,16,23,8.56842107745988,0.016895172509096557,0.9985672689824479,19,70.57601161232299,3.571965941101095,13.182312316970252,1.0877750153021448,0.7237642240030748,0.14191022013067894,1.0867350780486336,70,0.5554559046882629,0.457731162406026,0.0790313875345812,0.35149024372550297,0.07379670756071773,55.50797640210199,54.308516363283175,0.5532197127420684,6.974163150635675,54.11168646167089,7.338623401028629,7.690113644754132,0.9963501548302697,7.662045920613149
0,162,567.2141252012887,225.5782327298415,2.0,1.0,-2.0,2.0,34,18,20,8.636541448012139,0.137837100966511,0.9984437302259518,19,117.94355906181028,4.300289854316843,16.60479100942629,2.6186330577669343,2.2658389612841288,0.3659557410921848,6.496633983856115,62,0.6691455828653091,0.5663946306686164,0.055600541236746626,0.528270748253723,0.1443135723637471,46.64625703312504,50.61101944780536,0.3892037886572264,6.929761515005809,50.185585495746665,7.98189544375175,8.510166192005473,0.9982267787535538,8.49507578450302,16,23,8.56842107745988,0.016895172509096557,0.9985672689824479,19,70.57601161232299,3.571965941101095,13.182312316970252,1.0877750153021448,0.7237642240030748,0.14191022013067894,1.0867350780486336,70,0.5554559046882629,0.457731162406026,0.0790313875345812,0.35149024372550297,0.07379670756071773,55.50797640210199,54.308516363283175,0.5532197127420684,6.974163150635675,54.11168646167089,7.338623401028629,7.690113644754132,0.9963501548302697,7.662045920613149
0,163,567.2141252012887,225.5782327298415,2.0,1.0,-2.0,2.0,34,18,20,8.636541448012139,0.137837100966511,0.9984437302259518,19,117.94355906181028,4.300289854316843,16.60479100942629,2.6186330577669343,2.2658389612841288,0.3659557410921848,6.496633983856115,62,0.6691455828653091,0.5663946306686164,0.055600541236746626,0.528270748253723,0.1443135723637471,46.64625703312504,50.61101944780536,0.3892037886572264,6.929761515005809,50.185585495746665,7.98189544375175,8.510166192005473,0.9982267787535538,8.49507578450302,16,23,8.56842107745988,0.016895172509096557,0.9985672689824479,19,70.57601161232299,3.571965941101095,13.182312316970252,1.0877750153021448,0.7237642240030748,0.14191022013067894,1.0867350780486336,70,0.5554559046882629,0.457731162406026,0.0790313875345812,0.35149024372550297,0.07379670756071773,55.50797640210199,54.308516363283175,0.5532197127420684,6.974163150635675,54.11168646167089,7.338623401028629,7.690113644754132,0.9963501548302697,7.662045920613149
0,164,567.2141252012887,225.5782327298415,2.0,1.0,-2.0,2.0,34,18,20,8.636541448012139,0.137837100966511,0.9984437302259518,19,117.94355906181028,4.300289854316843,16.60479100942629,2.6186330577669343,2.2658389612841288,0.3659557410921848,6.496633983856115,62,0.6691455828653091,0.5663946306686164,0.055600541236746626,0.528270748253723,0.1443135723637471,46.64625703312504,50.61101944780536,0.3892037886572264,6.929761515005809,50.185585495746665,7.98189544375175,8.510166192005473,0.9982267787535538,8.49507578450302,16,23,8.56842107745988,0.016895172509096557,0.9985672689824479,19,70.57601161232299,3.571965941101095,13.182312316970252,1.0877750153021448,0.7237642240030748,0.14191022013067894,1.0867350780486336,70,0.5554559046882629,0.457731162406026,0.0790313875345812,0.35149024372550297,0.07379670756071773,55.50797640210199,54.308516363283175,0.5532197127420684,6.974163150635675,54.11168646167089,7.338623401028629,7.690113644754132,0.9963501548302697,7.662045920613149
0,165,567.2141252012887,225.5782327298415,2.0,1.0,-2.0,2.0,34,18,20,8.636541448012139,0.137837100966511,0.9984437302259518,19,117.94355906181028,4.300289854316843,16.60479100942629,2.6186330577669343,2.2658389612841288,0.3659557410921848,6.496633983856115,62,0.6691455828653091,0.5663946306686164,0.055600541236746626,0.528270748253723,0.1443135723637471,46.64625703312504,50.61101944780536,0.3892037886572264,6.929761515005809,50.185585495746665,7.98189544375175,8.510166192005473,0.9982267787535538,8.49507578450302,16,23,8.56842107745988,0.016895172509096557,0.9985672689824479,19,70.57601161232299,3.571965941101095,13.182312316970252,1.0877750153021448,0.7237642240030748,0.14191022013067894,1.0867350780486336,70,0.5554559046882629,0.457731162406026,0.0790313875345812,0.35149024372550297,0.07379670756071773,55.50797640210199,54.308516363283175,0.5532197127420684,6.974163150635675,54.11168646167089,7.338623401028629,7.690113644754132,0.9963501548302697,7.662045920613149
0,166,557.6523993437512,225.5782327298415,2.0,1.0,-2.0,2.0,34,18,20,8.651645991617164,0.13782685040510864,0.9984664419887967,19,118.45527915544285,4.295471307541243,16.60406348070709,2.5193477077356174,2.1922957938761494,0.3608221445725388,5.991581259757388,62,0.6738363084238929,0.5716263228725219,0.0555948326996583,0.538435422893242,0.14430646519052223,46.64625703312504,50.64764129323269,0.3891638288976081,6.930000390851468,50.223513234282436,7.98189544375175,8.520330866644992,0.9982442106097795,8.505370960108168,16,23,8.55912254404227,0.016885811221109142,0.9985539654673632,19,70.7222999457729,3.5278370192747244,13.213816008286688,0.8998604116415488,0.6464400264629693,0.13418269273286798,0.7204471306944769,70,1.113532285716185,0.8794099246141676,0.12235967338902061,0.35561341483242437,0.07379233191994776,59.049674920708796,54.87942299319958,0.8565177137231442,6.975074597006672,54.68714979532398,7.338623401028629,7.6942368158610535,0.9963649233826564,7.666267675523413
0,167,557.6523993437512,225.5782327298415,2.0,1.0,-2.0,2.0,34,18,20,8.651645991617164,0.13782685040510864,0.9984664419887967,19,118.45527915544285,4.295471307541243,16.60406348070709,2.5193477077356174,2.1922957938761494,0.3608221445725388,5.991581259757388,62,0.6738363084238929,0.5716263228725219,0.0555948326996583,0.538435422893242,0.14430646519052223,46.64625703312504,50.64764129323269,0.3891638288976081,6.930000390851468,50.223513234282436,7.98189544375175,8.520330866644992,0.9982442106097795,8.505370960108168,16,23,8.55912254404227,0.016885811221109142,0.9985539654673632,19,70.7222999457729,3.5278370192747244,13.213816008286688,0.8998604116415488,0.6464400264629693,0.13418269273286798,0.7204471306944769,70,1.113532285716185,0.8794099246141676,0.12235967338902061,0.35561341483242437,0.07379233191994776,59.049674920708796,54.87942299319958,0.8565177137231442,6.975074597006672,54.68714979532398,7.338623401028629,7.6942368158610535,0.9963649233826564,7.666267675523413
0,168,557.6523993437512,225.5782327298415,2.0,1.0,-2.0,2.0,34,18,20,8.651645991617164,0.13782685040510864,0.9984664419887967,19,118.45527915544285,4.295471307541243,16.60406348070709,2.5193477077356174,2.1922957938761494,0.3608221445725388,5.991581259757388,62,0.6738363084238929,0.5716263228725219,0.0555948326996583,0.538435422893242,0.14430646519052223,46.64625703312504,50.64764129323269,0.3891638288976081,6.930000390851468,50.223513234282436,7.98189544375175,8.520330866644992,0.9982442106097795,8.505370960108168,16,23,8.55912254404227,0.016885811221109142,0.9985539654673632,19,70.7222999457729,3.5278370192747244,13.213816008286688,0.8998604116415488,0.6464400264629693,0.13418269273286798,0.7204471306944769,70,1.113532285716185,0.8794099246141676,0.12235967338902061,0.35561341483242437,0.07379233191994776,59.049674920708796,54.87942299319958,0.8565177137231442,6.975074597006672,54.68714979532398,7.338623401028629,7.6942368158610535,0.9963649233826564,7.666267675523413
0,169,557.6523993437512,225.5782327298415,2.0,1.0,-2.0,2.0,34,18,20,8.651645991617164,0.13782685040510864,0.9984664419887967,19,118.45527915544285,4.295471307541243,16.60406348070709,2.5193477077356174,2.1922957938761494,0.3608221445725388,5.991581259757388,62,0.6738363084238929,0.5716263228725219,0.0555948326996583,0.538435422893242,0.14430646519052223,46.64625703312504,50.64764129323269,0.3891638288976081,6.930000390851468,50.223513234282436,7.98189544375175,8.520330866644992,0.9982442106097795,8.505370960108168,16,23,8.55912254404227,0.016885811221109142,0.9985539654673632,19,70.7222999457729,3.5278370192747244,13.213816008286688,0.8998604116415488,0.6464400264629693,0.13418269273286798,0.7204471306944769,70,1.113532285716185,0.8794099246141676,0.12235967338902061,0.35561341483242437,0.07379233191994776,59.049674920708796,54.87942299319958,0.8565177137231442,6.975074597006672,54.68714979532398,7.338623401028629,7.6942368158610535,0.9963649233826564,7.666267675523413
0,170,557.6523993437512,240.89875157462185,2.0,1.0,-2.0,2.0,36,18,20,8.651645991617164,0.13782685040510864,0.9984664419887967,19,118.45527915544285,4.295471307541243,16.60406348070709,2.5193477077356174,2.1922957938761494,0.3608221445725388,5.991581259757388,62,0.6738363084238929,0.5716263228725219,0.0555948326996583,0.538435422893242,0.14430646519052223,46.64625703312504,50.64764129323269,0.3891638288976081,6.930000390851468,50.223513234282436,7.98189544375175,8.520330866644992,0.9982442106097795,8.505370960108168,16,23,8.55912254404227,0.016885811221109142,0.9985539654673632,19,70.7222999457729,3.5278370192747244,13.213816008286688,0.8998604116415488,0.6464400264629693,0.13418269273286798,0.7204471306944769,70,1.113532285716185,0.8794099246141676,0.12235967338902061,0.35561341483242437,0.07379233191994776,59.049674920708796,54.87942299319958,0.8565177137231442,6.975074597006672,54.68714979532398,7.338623401028629,7.6942368158610535,0.9963649233826564,7.666267675523413
0,171,545.2861418536103,240.89875157462185,2.0,1.0,-2.0,2.0,36,18,19,8.522981149281916,0.1443033528940445,0.9982487301170819,20,126.91389620522625,4.43878286289299,17.602237829594095,2.4290487443071402,2.1431670392120203,0.409750054594616,5.495416842873622,67,0.6488617310647128,0.5271818089224368,0.042661715965601234,0.14025962210366938,0.12872871533331043,44.11641127900418,47.36914118057599,0.2986320117592086,6.892649167502975,46.75532037655123,6.81234986744759,6.95260948955126,0.9920923285396365,6.897630537915683,15,23,7.695328156886383,0.07379020120538023,0.9963688261936474,20,78.42688258922205,3.600477822817262,14.21240554215936,0.7717625364585655,0.5356251801750225,0.12007230416756738,0.5335583521930123,75,0.6193084919661903,0.5245793920900317,0.09858329946909535,0.5004612189933342,0.08246527253681335,56.490095588903834,54.09176510824891,0.6900830962836674,6.972241785940599,53.88209035570256,6.892438989828825,7.39290020882216,0.995070830901796,7.356459353566728
0,172,545.2861418536103,240.89875157462185,2.0,1.0,-2.0,2.0,36,18,19,8.522981149281916,0.1443033528940445,0.9982487301170819,20,126.91389620522625,4.43878286289299,17.602237829594095,2.4290487443071402,2.1431670392120203,0.409750054594616,5.495416842873622,67,0.6488617310647128,0.5271818089224368,0.042661715965601234,0.14025962210366938,0.12872871533331043,44.11641127900418,47.36914118057599,0.2986320117592086,6.892649167502975,46.75532037655123,6.81234986744759,6.95260948955126,0.9920923285396365,6.897630537915683,15,23,7.695328156886383,0.07379020120538023,0.9963688261936474,20,78.42688258922205,3.600477822817262,14.21240554215936,0.7717625364585655,0.5356251801750225,0.12007230416756738,0.5335583521930123,75,0.6193084919661903,0.5245793920900317,0.09858329946909535,0.5004612189933342,0.08246527253681335,56.490095588903834,54.09176510824891,0.6900830962836674,6.972241785940599,53.88209035570256,6.892438989828825,7.39290020882216,0.995070830901796,7.356459353566728
0,173,545.2861418536103,240.89875157462185,2.0,1.0,-2.0,2.0,36,18,19,8.522981149281916,0.1443033528940445,0.9982487301170819,20,126.91389620522625,4.43878286289299,17.602237829594095,2.4290487443071402,2.1431670392120203,0.409750054594616,5.495416842873622,67,0.6488617310647128,0.5271818089224368,0.042661715965601234,0.14025962210366938,0.12872871533331043,44.11641127900418,47.36914118057599,0.2986320117592086,6.892649167502975,46.75532037655123,6.81234986744759,6.95260948955126,0.9920923285396365,6.897630537915683,15,23,7.695328156886383,0.07379020120538023,0.9963688261936474,20,78.42688258922205,3.600477822817262,14.21240554215936,0.7717625364585655,0.5356251801750225,0.12007230416756738,0.5335583521930123,75,0.6193084919661903,0.5245793920900317,0.09858329946909535,0.5004612189933342,0.08246527253681335,56.490095588903834,54.09176510824891,0.6900830962836674,6.972241785940599,53.88209035570256,6.892438989828825,7.39290020882216,0.995070830901796,7.356459353566728
0,174,545.2861418536103,240.89875157462185,2.0,1.0,-2.0,2.0,36,18,19,8.522981149281916,0.1443033528940445,0.9982487301170819,20,126.91389620522625,4.43878286289299,17.602237829594095,2.4290487443071402,2.1431670392120203,0.409750054594616,5.495416842873622,67,0.6488617310647128,0.5271818089224368,0.042661715965601234,0.14025962210366938,0.12872871533331043,44.11641127900418,47.36914118057599,0.2986320117592086,6.892649167502975,46.75532037655123,6.81234986744759,6.95260948955126,0.9920923285396365,6.897630537915683,15,23,7.695328156886383,0.07379020120538023,0.9963688261936474,20,78.42688258922205,3.600477822817262,14.21240554215936,0.7717625364585655,0.5356251801750225,0.12007230416756738,0.5335583521930123,75,0.6193084919661903,0.5245793920900317,0.09858329946909535,0.5004612189933342,0.08246527253681335,56.490095588903834,54.09176510824891,0.6900830962836674,6.972241785940599,53.88209035570256,6.892438989828825,7.39290020882216,0.995070830901796,7.356459353566728
0,175,545.2861418536103,240.89875157462185,2.0,1.0,-2.0,2.0,36,18,19,8.522981149281916,0.1443033528940445,0.9982487301170819,20,126.91389620522625,4.43878286289299,17.602237829594095,2.4290487443071402,2.1431670392120203,0.409750054594616,5.495416842873622,67,0.6488617310647128,0.5271818089224368,0.042661715965601234,0.14025962210366938,0.12872871533331043,44.11641127900418,47.36914118057599,0.2986320117592086,6.892649167502975,46.75532037655123,6.81234986744759,6.95260948955126,0.9920923285396365,6.897630537915683,15,23,7.695328156886383,0.07379020120538023,0.9963688261936474,20,78.42688258922205,3.600477822817262,14.21240554215936,0.7717625364585655,0.5356251801750225,0.12007230416756738,0.5335583521930123,75,0.6193084919661903,0.5245793920900317,0.09858329946909535,0.5004612189933342,0.08246527253681335,56.490095588903834,54.09176510824891,0.6900830962836674,6.972241785940599,53.88209035570256,6.892438989828825,7.39290020882216,0.995070830901796,7.356459353566728
0,176,537.0710700189178,240.89875157462185,2.0,1.0,-2.0,2.0,36,18,19,8.557436164127564,0.14406307204775046,0.9983068407772269,20,129.06368665251244,4.259678124838696,17.611948969277023,2.2338925429384853,1.9779955460198975,0.39449362410924904,4.600589883860011,67,0.6533569223025546,0.5313196937613119,0.042648183446835394,0.15193709068132577,0.12870685475481006,44.11641127900418,47.401667457517966,0.29853728412784775,6.8928695787030065,46.7890574420822,6.81234986744759,6.964286958128916,0.9921813628635724,6.9098357254893505,15,23,7.694190506166741,0.07377674254085065,0.9963648185129342,20,78.42846460209589,3.6002256579491516,14.214527675682778,0.6902348701630187,0.5058279569492815,0.11553629095256672,0.41635416105064765,75,0.6525111693626522,0.5414437266413825,0.09406160185836862,0.500029340217881,0.08246486765484647,57.252683483533716,54.73049951802713,0.6584312130085803,6.974917305898508,54.53863244709085,6.892438989828825,7.3924683300467064,0.9950687476466228,7.356014203196897
0,177,537.0710700189178,240.89875157462185,2.0,1.0,-2.0,2.0,36,18,19,8.557436164127564,0.14406307204775046,0.9983068407772269,20,129.06368665251244,4.259678124838696,17.611948969277023,2.2338925429384853,1.9779955460198975,0.39449362410924904,4.600589883860011,67,0.6533569223025546,0.5313196937613119,0.042648183446835394,0.15193709068132577,0.12870685475481006,44.11641127900418,47.401667457517966,0.29853728412784775,6.8928695787030065,46.7890574420822,6.81234986744759,6.964286958128916,0.9921813628635724,6.9098357254893505,15,23,7.694190506166741,0.07377674254085065,0.9963648185129342,20,78.42846460209589,3.6002256579491516,14.214527675682778,0.6902348701630187,0.5058279569492815,0.11553629095256672,0.41635416105064765,75,0.6525111693626522,0.5414437266413825,0.09406160185836862,0.500029340217881,0.08246486765484647,57.252683483533716,54.73049951802713,0.6584312130085803,6.974917305898508,54.53863244709085,6.892438989828825,7.3924683300467064,0.9950687476466228,7.356014203196897
0,178,537.0710700189178,240.89875157462185,2.0,1.0,-2.0,2.0,36,18,19,8.557436164127564,0.14406307204775046,0.9983068407772269,20,129.06368665251244,4.259678124838696,17.611948969277023,2.2338925429384853,1.9779955460198975,0.39449362410924904,4.600589883860011,67,0.6533569223025546,0.5313196937613119,0.042648183446835394,0.15193709068132577,0.12870685475481006,44.11641127900418,47.401667457517966,0.29853728412784775,6.8928695787030065,46.7890574420822,6.81234986744759,6.964286958128916,0.9921813628635724,6.9098357254893505,15,23,7.694190506166741,0.07377674254085065,0.9963648185129342,20,78.42846460209589,3.6002256579491516,14.214527675682778,0.6902348701630187,0.5058279569492815,0.11553629095256672,0.41635416105064765,75,0.6525111693626522,0.5414437266413825,0.09406160185836862,0.500029340217881,0.08246486765484647,57.252683483533716,54.73049951802713,0.6584312130085803,6.974917305898508,54.53863244709085,6.892438989828825,7.3924683300467064,0.9950687476466228,7.356014203196897
0,179,537.0710700189178,240.89875157462185,2.0,1.0,-2.0,2.0,36,18,19,8.557436164127564,0.14406307204775046,0.9983068407772269,20,129.06368665251244,4.259678124838696,17.611948969277023,2.2338925429384853,1.9779955460198975,0.39449362410924904,4.600589883860011,67,0.6533569223025546,0.5313196937613119,0.042648183446835394,0.15193709068132577,0.12870685475481006,44.11641127900418,47.401667457517966,0.29853728412784775,6.8928695787030065,46.7890574420822,6.81234986744759,6.964286958128916,0.9921813628635724,6.9098357254893505,15,23,7.694190506166741,0.07377674254085065,0.9963648185129342,20,78.42846460209589,3.6002256579491516,14.214527675682778,0.6902348701630187,0.5058279569492815,0.11553629095256672,0.41635416105064765,75,0.6525111693626522,0.5414437266413825,0.09406160185836862,0.500029340217881,0.08246486765484647,57.252683483533716,54.73049951802713,0.6584312130085803,6.974917305898508,54.53863244709085,6.892438989828825,7.3924683300467064,0.9950687476466228,7.356014203196897
0,180,537.0710700189178,254.60354043189827,2.0,1.0,-2.0,2.0,38,18,19,8.557436164127564,0.14406307204775046,0.9983068407772269,20,129.06368665251244,4.259678124838696,17.611948969277023,2.2338925429384853,1.9779955460198975,0.39449362410924904,4.600589883860011,67,0.6533569223025546,0.5313196937613119,0.042648183446835394,0.15193709068132577,0.12870685475481006,44.11641127900418,47.401667457517966,0.29853728412784775,6.8928695787030065,46.7890574420822,6.81234986744759,6.964286958128916,0.9921813628635724,6.9098357254893505,15,23,7.694190506166741,0.07377674254085065,0.9963648185129342,20,78.42846460209589,3.6002256579491516,14.214527675682778,0.6902348701630187,0.5058279569492815,0.11553629095256672,0.41635416105064765,75,0.6525111693626522,0.5414437266413825,0.09406160185836862,0.500029340217881,0.08246486765484647,57.252683483533716,54.73049951802713,0.6584312130085803,6.974917305898508,54.53863244709085,6.892438989828825,7.3924683300467064,0.9950687476466228,7.356014203196897
0,181,527.8353134140543,254.60354043189827,2.0,1.0,-2.0,2.0,38,18,18,6.620713580992707,0.12587765417730157,0.9891273734077812,21,120.61210783468196,3.755802742269163,18.50404554979454,2.081789556510029,1.8493784532813948,0.4209076562396072,3.914131480182584,78,0.5016048352538048,0.3891742725787383,0.021875898360516708,0.8569277239032047,0.030603328178396616,41.615206033474806,44.3190361827077,0.15313128852361696,6.828555502801588,43.42499919221608,6.498167171984718,7.355094895887922,0.9951465661554225,7.319397429390141,15,24,7.405645147465211,0.08245870110284696,0.9951320066528649,21,86.35633945904021,3.6820461779678375,15.256006698859995,1.044146532856885,0.711425320447142,0.13048599686007578,1.0152285437150053,84,1.3708818130831844,1.219056999250323,0.12142371006923504,0.2102985590355253,0.028511582284114174,63.27934053335219,55.16653865667098,0.8499659704846453,6.976301728717231,54.98239690845443,8.030494331556572,8.240792890592097,0.9979870643380443,8.224204704699833
0,182,527.8353134140543,254.60354043189827,2.0,1.0,-2.0,2.0,38,18,18,6.620713580992707,0.12587765417730157,0.9891273734077812,21,120.61210783468196,3.755802742269163,18.50404554979454,2.081789556510029,1.8493784532813948,0.4209076562396072,3.914131480182584,78,0.5016048352538048,0.3891742725787383,0.021875898360516708,0.8569277239032047,0.030603328178396616,41.615206033474806,44.3190361827077,0.15313128852361696,6.828555502801588,43.42499919221608,6.498167171984718,7.355094895887922,0.9951465661554225,7.319397429390141,15,24,7.405645147465211,0.08245870110284696,0.9951320066528649,21,86.35633945904021,3.6820461779678375,15.256006698859995,1.044146532856885,0.711425320447142,0.13048599686007578,1.0152285437150053,84,1.3708818130831844,1.219056999250323,0.12142371006923504,0.2102985590355253,0.028511582284114174,63.27934053335219,55.16653865667098,0.8499659704846453,6.976301728717231,54.98239690845443,8.030494331556572,8.240792890592097,0.9979870643380443,8.224204704699833
0,183,527.8353134140543,254.60354043189827,2.0,1.0,-2.0,2.0,38,18,18,6.620713580992707,0.12587765417730157,0.9891273734077812,21,120.61210783468196,3.755802742269163,18.50404554979454,2.081789556510029,1.8493784532813948,0.4209076562396072,3.914131480182584,78,0.5016048352538048,0.3891742725787383,0.021875898360516708,0.8569277239032047,0.030603328178396616,41.615206033474806,44.3190361827077,0.15313128852361696,6.828555502801588,43.42499919221608,6.498167171984718,7.355094895887922,0.9951465661554225,7.319397429390141,15,24,7.405645147465211,0.08245870110284696,0.9951320066528649,21,86.35633945904021,3.6820461779678375,15.256006698859995,1.044146532856885,0.711425320447142,0.13048599686007578,1.0152285437150053,84,1.3708818130831844,1.219056999250323,0.12142371006923504,0.2102985590355253,0.028511582284114174,63.27934053335219,55.16653865667098,0.8499659704846453,6.976301728717231,54.98239690845443,8.030494331556572,8.240792890592097,0.9979870643380443,8.224204704699833
0,184,527.8353134140543,254.60354043189827,2.0,1.0,-2.0,2.0,38,18,18,6.620713580992707,0.12587765417730157,0.9891273734077812,21,120.61210783468196,3.755802742269163,18.50404554979454,2.081789556510029,1.8493784532813948,0.4209076562396072,3.914131480182584,78,0.5016048352538048,0.3891742725787383,0.021875898360516708,0.8569277239032047,0.030603328178396616,41.615206033474806,44.3190361827077,0.15313128852361696,6.828555502801588,43.42499919221608,6.498167171984718,7.355094895887922,0.9951465661554225,7.319397429390141,15,24,7.405645147465211,0.08245870110284696,0.9951320066528649,21,86.35633945904021,3.6820461779678375,15.256006698859995,1.044146532856885,0.711425320447142,0.13048599686007578,1.0152285437150053,84,1.3708818130831844,1.219056999250323,0.12142371006923504,0.2102985590355253,0.028511582284114174,63.27934053335219,55.16653865667098,0.8499659704846453,6.976301728717231,54.98239690845443,8.030494331556572,8.240792890592097,0.9979870643380443,8.224204704699833
0,185,527.8353134140543,254.60354043189827,2.0,1.0,-2.0,2.0,38,18,18,6.620713580992707,0.12587765417730157,0.9891273734077812,21,120.61210783468196,3.755802742269163,18.50404554979454,2.081789556510029,1.8493784532813948,0.4209076562396072,3.914131480182584,78,0.5016048352538048,0.3891742725787383,0.021875898360516708,0.8569277239032047,0.030603328178396616,41.615206033474806,44.3190361827077,0.15313128852361696,6.828555502801588,43.42499919221608,6.498167171984718,7.355094895887922,0.9951465661554225,7.319397429390141,15,24,7.405645147465211,0.08245870110284696,0.9951320066528649,21,86.35633945904021,3.6820461779678375,15.256006698859995,1.044146532856885,0.711425320447142,0.13048599686007578,1.0152285437150053,84,1.3708818130831844,1.219056999250323,0.12142371006923504,0.2102985590355253,0.028511582284114174,63.27934053335219,55.16653865667098,0.8499659704846453,6.976301728717231,54.98239690845443,8.030494331556572,8.240792890592097,0.9979870643380443,8.224204704699833
0,186,517.4403730313475,254.60354043189827,2.0,1.0,-2.0,2.0,38,18,18,8.399655261954392,0.10616501500728615,0.9981118786283067,21,146.78054522142207,3.3212801427474776,18.82753140557025,1.764521610872985,1.51119475461798,0.40308075385481273,2.74312236895402,78,1.056196235661855,0.7825907572520148,0.04166117892358778,1.5834154336573958,0.027313281425118796,42.84125526355402,47.51684132219585,0.2916282524651145,6.868461155697713,46.791209389522244,6.498167171984718,8.081582605642113,0.9976458706735579,8.062557515026107,15,24,7.445836810961114,0.0824563466766024,0.9953199353759079,21,85.49015008248075,3.6811244281199675,15.208522874465832,1.0220112338811205,0.7102381804188118,0.1302744018082133,0.9668507806802628,84,0.9025472599597646,0.8118510438442927,0.1377216715154762,0.24925929147749848,0.028491181126621228,60.28321655794364,55.09877783398858,0.9640517006083335,6.976158765165873,54.912715025166904,8.030494331556572,8.27975362303407,0.9980634625479329,8.263719570049176
0,187,517.4403730313475,254.60354043189827,2.0,1.0,-2.0,2.0,38,18,18,8.399655261954392,0.10616501500728615,0.9981118786283067,21,146.78054522142207,3.3212801427474776,18.82753140557025,1.764521610872985,1.51119475461798,0.40308075385481273,2.74312236895402,78,1.056196235661855,0.7825907572520148,0.04166117892358778,1.5834154336573958,0.027313281425118796,42.84125526355402,47.51684132219585,0.2916282524651145,6.868461155697713,46.791209389522244,6.498167171984718,8.081582605642113,0.9976458706735579,8.062557515026107,15,24,7.445836810961114,0.0824563466766024,0.9953199353759079,21,85.49015008248075,3.6811244281199675,15.208522874465832,1.0220112338811205,0.7102381804188118,0.1302744018082133,0.9668507806802628,84,0.9025472599597646,0.8118510438442927,0.1377216715154762,0.24925929147749848,0.028491181126621228,60.28321655794364,55.09877783398858,0.9640517006083335,6.976158765165873,54.912715025166904,8.030494331556572,8.27975362303407,0.9980634625479329,8.263719570049176
0,188,517.4403730313475,254.60354043189827,2.0,1.0,-2.0,2.0,38,18,18,8.399655261954392,0.10616501500728615,0.9981118786283067,21,146.78054522142207,3.3212801427474776,18.82753140557025,1.764521610872985,1.51119475461798,0.40308075385481273,2.74312236895402,78,1.056196235661855,0.7825907572520148,0.04166117892358778,1.5834154336573958,0.027313281425118796,42.84125526355402,47.51684132219585,0.2916282524651145,6.868461155697713,46.791209389522244,6.498167171984718,8.081582605642113,0.9976458706735579,8.062557515026107,15,24,7.445836810961114,0.0824563466766024,0.9953199353759079,21,85.49015008248075,3.6811244281199675,15.208522874465832,1.0220112338811205,0.7102381804188118,0.1302744018082133,0.9668507806802628,84,0.9025472599597646,0.8118510438442927,0.1377216715154762,0.24925929147749848,0.028491181126621228,60.28321655794364,55.09877783398858,0.9640517006083335,6.976158765165873,54.912715025166904,8.030494331556572,8.27975362303407,0.9980634625479329,8.263719570049176
0,189,517.4403730313475,254.60354043189827,2.0,1.0,-2.0,2.0,38,18,18,8.399655261954392,0.10616501500728615,0.9981118786283067,21,146.78054522142207,3.3212801427474776,18.82753140557025,1.764521610872985,1.51119475461798,0.40308075385481273,2.74312236895402,78,1.056196235661855,0.7825907572520148,0.04166117892358778,1.5834154336573958,0.027313281425118796,42.84125526355402,47.51684132219585,0.2916282524651145,6.868461155697713,46.791209389522244,6.498167171984718,8.081582605642113,0.9976458706735579,8.062557515026107,15,24,7.445836810961114,0.0824563466766024,0.9953199353759079,21,85.49015008248075,3.6811244281199675,15.208522874465832,1.0220112338811205,0.7102381804188118,0.1302744018082133,0.9668507806802628,84,0.9025472599597646,0.8118510438442927,0.1377216715154762,0.24925929147749848,0.028491181126621228,60.28321655794364,55.09877783398858,0.9640517006083335,6.976158765165873,54.912715025166904,8.030494331556572,8.27975362303407,0.9980634625479329,8.263719570049176
0,190,517.4403730313475,269.1322019354395,2.0,1.0,-2.0,2.0,40,18,18,8.399655261954392,0.10616501500728615,0.9981118786283067,21,146.78054522142207,3.3212801427474776,18.82753140557025,1.764521610872985,1.51119475461798,0.40308075385481273,2.74312236895402,78,1.056196235661855,0.7825907572520148,0.04166117892358778,1.5834154336573958,0.027313281425118796,42.84125526355402,47.51684132219585,0.2916282524651145,6.868461155697713,46.791209389522244,6.498167171984718,8.081582605642113,0.9976458706735579,8.062557515026107,15,24,7.445836810961114,0.0824563466766024,0.9953199353759079,21,85.49015008248075,3.6811244281199675,15.208522874465832,1.0220112338811205,0.7102381804188118,0.1302744018082133,0.9668507806802628,84,0.9025472599597646,0.8118510438442927,0.1377216715154762,0.24925929147749848,0.028491181126621228,60.28321655794364,55.09877783398858,0.9640517006083335,6.976158765165873,54.912715025166904,8.030494331556572,8.27975362303407,0.9980634625479329,8.263719570049176
0,191,509.4664387450737,269.1322019354395,2.0,1.0,-2.0,2.0,40,17,18,5.643981707865826,0.023172109192667878,0.9741061426062656,22,115.2873653103968,3.058042840048985,17.509385401264133,2.19078245819275,1.8090418642623893,0.34496283150558577,4.46689264709623,77,0.5119346481902144,0.2711529683817076,0.02290882538697941,0.22980257910159185,0.015464061391961955,40.569088551120984,39.307434412643,0.16036177770885587,6.713089989904733,37.93029353148119,7.572146182122713,7.3423436030211215,0.995160997017638,7.3068139804285765,16,24,8.242248838956838,0.028485897768315966,0.9979900329384653,22,93.44516420648489,3.7092890150259685,16.182440037632844,1.2431795444115767,0.9058721338761229,0.14661385364453458,1.4349665999086163,82,1.2953128656324302,1.2599143808273878,0.11874809206131354,0.745597720023067,0.047892179611365306,64.0315596602793,58.58314500148678,0.8312366444291948,6.981339949992769,58.435632274360515,8.84582591374638,8.100228193723312,0.9976327604673332,8.081053013319508
0,192,509.4664387450737,269.1322019354395,2.0,1.0,-2.0,2.0,40,17,18,5.643981707865826,0.023172109192667878,0.9741061426062656,22,115.2873653103968,3.058042840048985,17.509385401264133,2.19078245819275,1.8090418642623893,0.34496283150558577,4.46689264709623,77,0.5119346481902144,0.2711529683817076,0.02290882538697941,0.22980257910159185,0.015464061391961955,40.569088551120984,39.307434412643,0.16036177770885587,6.713089989904733,37.93029353148119,7.572146182122713,7.3423436030211215,0.995160997017638,7.3068139804285765,16,24,8.242248838956838,0.028485897768315966,0.9979900329384653,22,93.44516420648489,3.7092890150259685,16.182440037632844,1.2431795444115767,0.9058721338761229,0.14661385364453458,1.4349665999086163,82,1.2953128656324302,1.2599143808273878,0.11874809206131354,0.745597720023067,0.047892179611365306,64.0315596602793,58.58314500148678,0.8312366444291948,6.981339949992769,58.435632274360515,8.84582591374638,8.100228193723312,0.9976327604673332,8.081053013319508
0,193,509.4664387450737,269.1322019354395,2.0,1.0,-2.0,2.0,40,17,18,5.643981707865826,0.023172109192667878,0.9741061426062656,22,115.2873653103968,3.058042840048985,17.509385401264133,2.19078245819275,1.8090418642623893,0.34496283150558577,4.46689264709623,77,0.5119346481902144,0.2711529683817076,0.02290882538697941,0.22980257910159185,0.015464061391961955,40.569088551120984,39.307434412643,0.16036177770885587,6.713089989904733,37.93029353148119,7.572146182122713,7.3423436030211215,0.995160997017638,7.3068139804285765,16,24,8.242248838956838,0.028485897768315966,0.9979900329384653,22,93.44516420648489,3.7092890150259685,16.182440037632844,1.2431795444115767,0.9058721338761229,0.14661385364453458,1.4349665999086163,82,1.2953128656324302,1.2599143808273878,0.11874809206131354,0.745597720023067,0.047892179611365306,64.0315596602793,58.58314500148678,0.8312366444291948,6.981339949992769,58.435632274360515,8.84582591374638,8.100228193723312,0.9976327604673332,8.081053013319508
0,194,509.4664387450737,269.1322019354395,2.0,1.0,-2.0,2.0,40,17,18,5.643981707865826,0.023172109192667878,0.9741061426062656,22,115.2873653103968,3.058042840048985,17.509385401264133,2.19078245819275,1.8090418642623893,0.34496283150558577,4.46689264709623,77,0.5119346481902144,0.2711529683817076,0.02290882538697941,0.22980257910159185,0.015464061391961955,40.569088551120984,39.307434412643,0.16036177770885587,6.713089989904733,37.93029353148119,7.572146182122713,7.3423436030211215,0.995160997017638,7.3068139804285765,16,24,8.242248838956838,0.028485897768315966,0.9979900329384653,22,93.44516420648489,3.7092890150259685,16.182440037632844,1.2431795444115767,0.9058721338761229,0.14661385364453458,1.4349665999086163,82,1.2953128656324302,1.2599143808273878,0.11874809206131354,0.745597720023067,0.047892179611365306,64.0315596602793,58.58314500148678,0.8312366444291948,6.981339949992769,58.435632274360515,8.84582591374638,8.100228193723312,0.9976327604673332,8.081053013319508
0,195,509.4664387450737,269.1322019354395,2.0,1.0,-2.0,2.0,40,17,18,5.643981707865826,0.023172109192667878,0.9741061426062656,22,115.2873653103968,3.058042840048985,17.509385401264133,2.19078245819275,1.8090418642623893,0.34496283150558577,4.46689264709623,77,0.5119346481902144,0.2711529683817076,0.02290882538697941,0.22980257910159185,0.015464061391961955,40.569088551120984,39.307434412643,0.16036177770885587,6.713089989904733,37.93029353148119,7.572146182122713,7.3423436030211215,0.995160997017638,7.3068139804285765,16,24,8.242248838956838,0.028485897768315966,0.9979900329384653,22,93.44516420648489,3.7092890150259685,16.182440037632844,1.2431795444115767,0.9058721338761229,0.14661385364453458,1.4349665999086163,82,1.2953128656324302,1.2599143808273878,0.11874809206131354,0.745597720023067,0.047892179611365306,64.0315596602793,58.58314500148678,0.8312366444291948,6.981339949992769,58.435632274360515,8.84582591374638,8.100228193723312,0.9976327604673332,8.081053013319508
0,196,498.1858781953728,269.1322019354395,2.0,1.0,-2.0,2.0,40,17,18,5.953504008697742,0.02184009944841255,0.9808601718141271,22,130.989674295948,2.9179584355861463,19.783997436156852,1.557862610271736,1.3007411006461154,0.31095196593085134,2.1569279734902613,77,0.40707155476235013,0.2332658895994717,0.022699110443099007,0.16737952993681038,0.014763662864317148,40.569088551120984,39.60928449327655,0.15889377310169306,6.739192724066141,38.314921218748765,7.572146182122713,7.404766652185903,0.995454976086697,7.371111810679289,16,24,8.263717743984733,0.028483030648126222,0.9980324138071487,22,93.4834513901967,3.7091758009976386,16.17795497573941,1.2878566617320504,0.9270668400678017,0.14626346775002508,1.5457426123118914,82,1.128013883773574,1.0765422573135233,0.11723742945215741,0.7427079298155093,0.04788959774766847,64.0315596602793,57.371124705937255,0.8206620061651019,6.981049538241006,57.22061681800678,8.84582591374638,8.10311798393087,0.9976395192754733,8.083990730121236
0,197,498.1858781953728,269.1322019354395,2.0,1.0,-2.0,2.0,40,17,18,5.953504008697742,0.02184009944841255,0.9808601718141271,22,130.989674295948,2.9179584355861463,19.783997436156852,1.557862610271736,1.3007411006461154,0.31095196593085134,2.1569279734902613,77,0.40707155476235013,0.2332658895994717,0.022699110443099007,0.16737952993681038,0.014763662864317148,40.569088551120984,39.60928449327655,0.15889377310169306,6.739192724066141,38.314921218748765,7.572146182122713,7.404766652185903,0.995454976086697,7.371111810679289,16,24,8.263717743984733,0.028483030648126222,0.9980324138071487,22,93.4834513901967,3.7091758009976386,16.17795497573941,1.2878566617320504,0.9270668400678017,0.14626346775002508,1.5457426123118914,82,1.128013883773574,1.0765422573135233,0.11723742945215741,0.7427079298155093,0.04788959774766847,64.0315596602793,57.371124705937255,0.8206620061651019,6.981049538241006,57.22061681800678,8.84582591374638,8.10311798393087,0.9976395192754733,8.083990730121236
0,198,498.1858781953728,269.1322019354395,2.0,1.0,-2.0,2.0,40,17,18,5.953504008697742,0.02184009944841255,0.9808601718141271,22,130.989674295948,2.9179584355861463,19.783997436156852,1.557862610271736,1.3007411006461154,0.31095196593085134,2.1569279734902613,77,0.40707155476235013,0.2332658895994717,0.022699110443099007,0.16737952993681038,0.014763662864317148,40.569088551120984,39.60928449327655,0.15889377310169306,6.739192724066141,38.314921218748765,7.572146182122713,7.404766652185903,0.995454976086697,7.371111810679289,16,24,8.263717743984733,0.028483030648126222,0.9980324138071487,22,93.4834513901967,3.7091758009976386,16.17795497573941,1.2878566617320504,0.9270668400678017,0.14626346775002508,1.5457426123118914,82,1.128013883773574,1.0765422573135233,0.11723742945215741,0.7427079298155093,0.04788959774766847,64.0315596602793,57.371124705937255,0.8206620061651019,6.981049538241006,57.22061681800678,8.84582591374638,8.10311798393087,0.9976395192754733,8.083990730121236
0,199,498.1858781953728,269.1322019354395,2.0,1.0,-2.0,2.0,40,17,18,5.953504008697742,0.02184009944841255,0.9808601718141271,22,130.989674295948,2.9179584355861463,19.783997436156852,1.557862610271736,1.3007411006461154,0.31095196593085134,2.1569279734902613,77,0.40707155476235013,0.2332658895994717,0.022699110443099007,0.16737952993681038,0.014763662864317148,40.569088551120984,39.60928449327655,0.15889377310169306,6.739192724066141,38.314921218748765,7.572146182122713,7.404766652185903,0.995454976086697,7.371111810679289,16,24,8.263717743984733,0.028483030648126222,0.9980324138071487,22,93.4834513901967,3.7091758009976386,16.17795497573941,1.2878566617320504,0.9270668400678017,0.14626346775002508,1.5457426123118914,82,1.128013883773574,1.0765422573135233,0.11723742945215741,0.7427079298155093,0.04788959774766847,64.0315596602793,57.371124705937255,0.8206620061651019,6.981049538241006,57.22061681800678,8.84582591374638,8.10311798393087,0.9976395192754733,8.083990730121236
